epoch,training_loss,validation_loss,validation_accuracy,training_examples,training_tokens,training_seconds,validation_seconds,training_tokens_per_second,updates
1,2.3592807141113283,1.6027738502502442,0.512561328125,100000,25600000,43.78509973600012,1.470333614000083,584673.7852455244,1563
2,1.4227245476150512,1.161165592956543,0.639714453125,100000,25600000,43.14748912900018,1.454893605000052,593313.7829518287,3126
3,1.1808680772018432,1.0347466312408446,0.6768015625,100000,25600000,43.25408520300016,1.4516988159998618,591851.6107751217,4689
4,1.0849784162902831,0.9700575555801392,0.696087109375,100000,25600000,43.250524727000084,1.4524739280000176,591900.3332696827,6252
5,1.0300283364105225,0.9341900162696838,0.70699296875,100000,25600000,43.275262114999805,1.4528545069997563,591561.9859671904,7815
6,0.9942182509613037,0.9074178087234497,0.71436875,100000,25600000,43.29845827500003,1.4508327309999913,591245.0701456293,9378
7,0.9690324114227294,0.8897147163391114,0.720268359375,100000,25600000,43.290221191,1.450618361999659,591357.5698089114,10941
8,0.9515139916992188,0.87672629737854,0.724039453125,100000,25600000,43.30981089600027,1.4566369559997838,591090.0895289801,12504
9,0.9396711262130737,0.8690452796936036,0.72629921875,100000,25600000,43.28321656299977,1.4590762289999475,591453.2706398699,14067
10,0.9326997169876099,0.8637519218444825,0.72780625,100000,25600000,43.36472966100018,1.458167610000146,590341.5102578908,15630
