audit_id,display_order,direction,source_domain,target_domain,source_index,source_file,translation_file,blinded_pair_file
AUDIT_001,1,A2B_monet_to_photo,Monet,Photo,213,b1ea5d5a7d.jpg,b1ea5d5a7d.jpg,AUDIT_001.png
AUDIT_002,2,A2B_monet_to_photo,Monet,Photo,75,47a0548067.jpg,47a0548067.jpg,AUDIT_002.png
AUDIT_003,3,B2A_photo_to_monet,Photo,Monet,167,063ab57d41.jpg,063ab57d41.jpg,AUDIT_003.png
AUDIT_004,4,B2A_photo_to_monet,Photo,Monet,154,05c885c810.jpg,05c885c810.jpg,AUDIT_004.png
AUDIT_005,5,B2A_photo_to_monet,Photo,Monet,221,082786cc1f.jpg,082786cc1f.jpg,AUDIT_005.png
AUDIT_006,6,B2A_photo_to_monet,Photo,Monet,140,0547a52b93.jpg,0547a52b93.jpg,AUDIT_006.png
AUDIT_007,7,A2B_monet_to_photo,Monet,Photo,195,a06b54dfe9.jpg,a06b54dfe9.jpg,AUDIT_007.png
AUDIT_008,8,A2B_monet_to_photo,Monet,Photo,44,26b66eb819.jpg,26b66eb819.jpg,AUDIT_008.png
AUDIT_009,9,B2A_photo_to_monet,Photo,Monet,71,0312af1e14.jpg,0312af1e14.jpg,AUDIT_009.png
AUDIT_010,10,B2A_photo_to_monet,Photo,Monet,47,02001e59af.jpg,02001e59af.jpg,AUDIT_010.png
AUDIT_011,11,B2A_photo_to_monet,Photo,Monet,101,0435dc46a4.jpg,0435dc46a4.jpg,AUDIT_011.png
AUDIT_012,12,B2A_photo_to_monet,Photo,Monet,248,0938dc0298.jpg,0938dc0298.jpg,AUDIT_012.png
AUDIT_013,13,A2B_monet_to_photo,Monet,Photo,55,2f90c99e10.jpg,2f90c99e10.jpg,AUDIT_013.png
AUDIT_014,14,A2B_monet_to_photo,Monet,Photo,14,0e3b3292da.jpg,0e3b3292da.jpg,AUDIT_014.png
AUDIT_015,15,A2B_monet_to_photo,Monet,Photo,35,22b1ac6b44.jpg,22b1ac6b44.jpg,AUDIT_015.png
AUDIT_016,16,B2A_photo_to_monet,Photo,Monet,200,07573a95f6.jpg,07573a95f6.jpg,AUDIT_016.png
AUDIT_017,17,A2B_monet_to_photo,Monet,Photo,290,f84fb4516a.jpg,f84fb4516a.jpg,AUDIT_017.png
AUDIT_018,18,A2B_monet_to_photo,Monet,Photo,268,e3112413b1.jpg,e3112413b1.jpg,AUDIT_018.png
AUDIT_019,19,B2A_photo_to_monet,Photo,Monet,85,03ae26ed88.jpg,03ae26ed88.jpg,AUDIT_019.png
AUDIT_020,20,A2B_monet_to_photo,Monet,Photo,228,c2576267d4.jpg,c2576267d4.jpg,AUDIT_020.png
AUDIT_021,21,A2B_monet_to_photo,Monet,Photo,99,536aa87152.jpg,536aa87152.jpg,AUDIT_021.png
AUDIT_022,22,B2A_photo_to_monet,Photo,Monet,275,09bebf108f.jpg,09bebf108f.jpg,AUDIT_022.png
AUDIT_023,23,B2A_photo_to_monet,Photo,Monet,18,00dff09ebe.jpg,00dff09ebe.jpg,AUDIT_023.png
AUDIT_024,24,B2A_photo_to_monet,Photo,Monet,5,0033c5f971.jpg,0033c5f971.jpg,AUDIT_024.png
AUDIT_025,25,B2A_photo_to_monet,Photo,Monet,133,051159e33a.jpg,051159e33a.jpg,AUDIT_025.png
AUDIT_026,26,A2B_monet_to_photo,Monet,Photo,51,2c00f5147f.jpg,2c00f5147f.jpg,AUDIT_026.png
AUDIT_027,27,A2B_monet_to_photo,Monet,Photo,281,ede9769cb3.jpg,ede9769cb3.jpg,AUDIT_027.png
AUDIT_028,28,A2B_monet_to_photo,Monet,Photo,277,eb3cc5c559.jpg,eb3cc5c559.jpg,AUDIT_028.png
AUDIT_029,29,B2A_photo_to_monet,Photo,Monet,72,032389e868.jpg,032389e868.jpg,AUDIT_029.png
AUDIT_030,30,A2B_monet_to_photo,Monet,Photo,28,184d6c66cd.jpg,184d6c66cd.jpg,AUDIT_030.png
