audit_id,direction,source_domain,target_domain,source_file,translation_file,rater1_style_quality,rater2_style_quality,mean_style_quality,rater1_content_preservation,rater2_content_preservation,mean_content_preservation,rater1_artifact_free_quality,rater2_artifact_free_quality,mean_artifact_free_quality,rater1_overall_score,rater2_overall_score,combined_overall_score
AUDIT_001,A2B_monet_to_photo,Monet,Photo,b1ea5d5a7d.jpg,b1ea5d5a7d.jpg,5,5,5.0,5,5,5.0,3,4,3.5,4.333333333333333,4.666666666666667,4.5
AUDIT_002,A2B_monet_to_photo,Monet,Photo,47a0548067.jpg,47a0548067.jpg,3,3,3.0,3,4,3.5,4,4,4.0,3.3333333333333335,3.6666666666666665,3.5
AUDIT_003,B2A_photo_to_monet,Photo,Monet,063ab57d41.jpg,063ab57d41.jpg,3,3,3.0,4,3,3.5,3,4,3.5,3.3333333333333335,3.3333333333333335,3.3333333333333335
AUDIT_004,B2A_photo_to_monet,Photo,Monet,05c885c810.jpg,05c885c810.jpg,4,3,3.5,5,5,5.0,3,4,3.5,4.0,4.0,4.0
AUDIT_005,B2A_photo_to_monet,Photo,Monet,082786cc1f.jpg,082786cc1f.jpg,3,2,2.5,3,3,3.0,4,4,4.0,3.3333333333333335,3.0,3.1666666666666665
AUDIT_006,B2A_photo_to_monet,Photo,Monet,0547a52b93.jpg,0547a52b93.jpg,3,3,3.0,4,4,4.0,4,3,3.5,3.6666666666666665,3.3333333333333335,3.5
AUDIT_007,A2B_monet_to_photo,Monet,Photo,a06b54dfe9.jpg,a06b54dfe9.jpg,2,3,2.5,4,3,3.5,3,3,3.0,3.0,3.0,3.0
AUDIT_008,A2B_monet_to_photo,Monet,Photo,26b66eb819.jpg,26b66eb819.jpg,3,3,3.0,5,4,4.5,4,3,3.5,4.0,3.3333333333333335,3.6666666666666665
AUDIT_009,B2A_photo_to_monet,Photo,Monet,0312af1e14.jpg,0312af1e14.jpg,4,4,4.0,3,4,3.5,3,2,2.5,3.3333333333333335,3.3333333333333335,3.3333333333333335
AUDIT_010,B2A_photo_to_monet,Photo,Monet,02001e59af.jpg,02001e59af.jpg,5,4,4.5,4,3,3.5,3,4,3.5,4.0,3.6666666666666665,3.8333333333333335
AUDIT_011,B2A_photo_to_monet,Photo,Monet,0435dc46a4.jpg,0435dc46a4.jpg,4,4,4.0,4,4,4.0,3,3,3.0,3.6666666666666665,3.6666666666666665,3.6666666666666665
AUDIT_012,B2A_photo_to_monet,Photo,Monet,0938dc0298.jpg,0938dc0298.jpg,4,4,4.0,4,4,4.0,4,3,3.5,4.0,3.6666666666666665,3.8333333333333335
AUDIT_013,A2B_monet_to_photo,Monet,Photo,2f90c99e10.jpg,2f90c99e10.jpg,3,4,3.5,4,4,4.0,4,4,4.0,3.6666666666666665,4.0,3.8333333333333335
AUDIT_014,A2B_monet_to_photo,Monet,Photo,0e3b3292da.jpg,0e3b3292da.jpg,3,4,3.5,4,4,4.0,4,3,3.5,3.6666666666666665,3.6666666666666665,3.6666666666666665
AUDIT_015,A2B_monet_to_photo,Monet,Photo,22b1ac6b44.jpg,22b1ac6b44.jpg,4,4,4.0,4,5,4.5,4,3,3.5,4.0,4.0,4.0
AUDIT_016,B2A_photo_to_monet,Photo,Monet,07573a95f6.jpg,07573a95f6.jpg,4,4,4.0,4,4,4.0,4,4,4.0,4.0,4.0,4.0
AUDIT_017,A2B_monet_to_photo,Monet,Photo,f84fb4516a.jpg,f84fb4516a.jpg,4,4,4.0,5,4,4.5,3,4,3.5,4.0,4.0,4.0
AUDIT_018,A2B_monet_to_photo,Monet,Photo,e3112413b1.jpg,e3112413b1.jpg,3,4,3.5,5,4,4.5,2,2,2.0,3.3333333333333335,3.3333333333333335,3.3333333333333335
AUDIT_019,B2A_photo_to_monet,Photo,Monet,03ae26ed88.jpg,03ae26ed88.jpg,4,3,3.5,4,3,3.5,3,4,3.5,3.6666666666666665,3.3333333333333335,3.5
AUDIT_020,A2B_monet_to_photo,Monet,Photo,c2576267d4.jpg,c2576267d4.jpg,3,5,4.0,5,4,4.5,4,4,4.0,4.0,4.333333333333333,4.166666666666667
AUDIT_021,A2B_monet_to_photo,Monet,Photo,536aa87152.jpg,536aa87152.jpg,2,2,2.0,3,3,3.0,3,4,3.5,2.6666666666666665,3.0,2.8333333333333335
AUDIT_022,B2A_photo_to_monet,Photo,Monet,09bebf108f.jpg,09bebf108f.jpg,4,3,3.5,3,3,3.0,4,3,3.5,3.6666666666666665,3.0,3.3333333333333335
AUDIT_023,B2A_photo_to_monet,Photo,Monet,00dff09ebe.jpg,00dff09ebe.jpg,4,3,3.5,2,2,2.0,4,5,4.5,3.3333333333333335,3.3333333333333335,3.3333333333333335
AUDIT_024,B2A_photo_to_monet,Photo,Monet,0033c5f971.jpg,0033c5f971.jpg,4,3,3.5,2,4,3.0,3,2,2.5,3.0,3.0,3.0
AUDIT_025,B2A_photo_to_monet,Photo,Monet,051159e33a.jpg,051159e33a.jpg,3,3,3.0,2,4,3.0,4,4,4.0,3.0,3.6666666666666665,3.3333333333333335
AUDIT_026,A2B_monet_to_photo,Monet,Photo,2c00f5147f.jpg,2c00f5147f.jpg,5,4,4.5,4,5,4.5,2,3,2.5,3.6666666666666665,4.0,3.8333333333333335
AUDIT_027,A2B_monet_to_photo,Monet,Photo,ede9769cb3.jpg,ede9769cb3.jpg,3,4,3.5,4,4,4.0,4,3,3.5,3.6666666666666665,3.6666666666666665,3.6666666666666665
AUDIT_028,A2B_monet_to_photo,Monet,Photo,eb3cc5c559.jpg,eb3cc5c559.jpg,4,4,4.0,3,3,3.0,3,2,2.5,3.3333333333333335,3.0,3.1666666666666665
AUDIT_029,B2A_photo_to_monet,Photo,Monet,032389e868.jpg,032389e868.jpg,3,3,3.0,3,3,3.0,4,3,3.5,3.3333333333333335,3.0,3.1666666666666665
AUDIT_030,A2B_monet_to_photo,Monet,Photo,184d6c66cd.jpg,184d6c66cd.jpg,4,2,3.0,4,5,4.5,3,3,3.0,3.6666666666666665,3.3333333333333335,3.5
