epoch,global_step,fid_a2b,fid_b2a,fid_average,mifid_a2b,mifid_b2a,mifid_average,kid_a2b,kid_b2a,kid_average,precision_a2b,recall_a2b,precision_b2a,recall_b2a,precision_average,recall_average,content_cosine_a2b,content_cosine_b2a,content_cosine_average,cycle_l1_a2b2a,cycle_l1_b2a2b,cycle_l1_average,evaluation_seconds,fid_delta_vs_epoch50,kid_delta_vs_epoch50,content_cosine_delta_vs_epoch50,cycle_l1_delta_vs_epoch50
50,351900,100.39744046189878,99.04127788006252,99.71935917098065,0.41869561457319776,0.4066749004900719,0.4126852575316348,0.016917890851497298,0.006702857766748771,0.011810374309123035,0.6466666666666666,0.33,0.4266666666666667,0.6433333333333333,0.5366666666666666,0.4866666666666667,0.8356126397700125,0.7780926832545257,0.8068526615122691,0.034628686861445504,0.04500625264520446,0.03981746975332498,37.611450428987155,0.0,0.0,0.0,0.0
80,563040,98.28481990051844,98.08155745270807,98.18318867661326,0.41342709741087685,0.40211593687431113,0.40777151714259396,0.01803676699401401,0.006261641729278988,0.012149204361646498,0.7333333333333333,0.32666666666666666,0.46,0.6133333333333333,0.5966666666666667,0.47,0.7820007752962426,0.7729438909995294,0.777472333147886,0.0355034532956779,0.040695276831587156,0.038099365063632526,38.11310318100732,-1.536170494367397,0.00033883005252346304,-0.02938032836438309,-0.001718104689692454
85,598230,99.70335279886609,98.81671287734457,99.26003283810533,0.41649198335600524,0.4032355684167152,0.40986377588636025,0.015635589303463027,0.007238698975371376,0.011437144139417202,0.6766666666666666,0.38333333333333336,0.42,0.6233333333333333,0.5483333333333333,0.5033333333333333,0.8256356924456428,0.766490423349752,0.7960630578976975,0.03453350127053757,0.039107463446756204,0.03682048235864689,42.55153146799421,-0.459326332875321,-0.00037323016970583316,-0.010789603614571597,-0.0029969873946780884
90,633420,99.08357394671353,100.43377654279502,99.75867524475427,0.41613314127988016,0.40314032441141107,0.4096367328456456,0.01716688435492687,0.008855321274827634,0.013011102814877253,0.69,0.38666666666666666,0.44666666666666666,0.5866666666666667,0.5683333333333334,0.4866666666666667,0.793519508654142,0.7529888210763649,0.7732541648652534,0.034202355624487,0.03889490631098549,0.036548630967736244,43.01236772999982,0.039316073773619564,0.0012007285057542179,-0.03359849664701564,-0.003268838785588736
95,668610,100.01914644409604,99.8689781770563,99.94406231057617,0.4142480483543769,0.40332528894508557,0.40878666864973123,0.02036569504726975,0.008012707918486121,0.014189201482877936,0.6966666666666667,0.38333333333333336,0.43333333333333335,0.6366666666666667,0.565,0.51,0.790434406169638,0.7691518509618931,0.7797931285657655,0.03422169310351213,0.03754443284124136,0.03588306297237674,42.59450614199159,0.22470313959551902,0.002378827173754901,-0.02705953294650354,-0.003934406780948238
100,703800,98.20940462196262,97.3080857253403,97.75874517365146,0.41565552080842844,0.3985373579223598,0.4070964393653941,0.019035665232557886,0.007366547051506771,0.01320110614203233,0.75,0.30666666666666664,0.4633333333333333,0.62,0.6066666666666667,0.4633333333333333,0.7784045916927286,0.771551526786472,0.7749780592396003,0.03675925475855668,0.042446663981924454,0.03960295937024057,41.804141223983606,-1.9606139973291903,0.0013907318329092946,-0.031874602272668806,-0.0002145103830844125
105,738990,101.80831380088279,99.21531821069993,100.51181600579136,0.4183180400799922,0.4013367662682028,0.4098274031740975,0.021602098586787494,0.009966255036040818,0.015784176811414155,0.73,0.33,0.44333333333333336,0.63,0.5866666666666667,0.48,0.7760700989835592,0.7598985168816345,0.7679843079325968,0.03272822633385658,0.04061997691790263,0.036674101625879606,41.709019443020225,0.7924568348107073,0.00397380250229112,-0.03886835357967233,-0.0031433681274453742
110,774180,100.96218687772597,98.45386034580562,99.7080236117658,0.4155279656743637,0.4014134208285008,0.40847069325143226,0.019177505366144505,0.0067210116046426014,0.012949258485393553,0.7,0.34,0.48,0.6266666666666667,0.59,0.4833333333333334,0.7964843507660171,0.7651680668322719,0.7808262087991444,0.032300093381976085,0.03549587162832419,0.03389798250515014,41.928135235997615,-0.011335559214856517,0.0011388841762705187,-0.026026452713124648,-0.005919487248174843
115,809370,100.69066913970846,98.31895705021205,99.50481309496026,0.4166628924835389,0.4002509027280406,0.40845689760578974,0.01861119506699121,0.007735391936194711,0.01317329350159296,0.69,0.35,0.44333333333333336,0.6,0.5666666666666667,0.475,0.8030414675651282,0.7604813305874951,0.7817613990763117,0.031759519694993896,0.03662033776131769,0.034189928728155794,41.18176579900319,-0.21454607602039744,0.001362919192469926,-0.025091262435957384,-0.005627541025169186
120,844560,97.02355240819531,99.42211613970733,98.22283427395132,0.4149032552895899,0.3990407465861434,0.4069720009378667,0.016848271525328223,0.00783775743202738,0.012343014478677802,0.7533333333333333,0.31666666666666665,0.42333333333333334,0.6033333333333334,0.5883333333333334,0.46,0.7829483202728799,0.7501455484471097,0.7665469343599948,0.03156993029639125,0.03588667681440711,0.03372830355539918,41.305999248987064,-1.4965248970293317,0.000532640169554767,-0.04030572715227432,-0.006089166197925801
125,879750,96.06844953243254,98.86401295739756,97.46623124491505,0.4135484244942995,0.40018272100513386,0.4068655727497167,0.017189763333613196,0.007900305369639317,0.012545034351626256,0.78,0.3333333333333333,0.43333333333333335,0.63,0.6066666666666667,0.4816666666666667,0.7834511216418519,0.7547591461126507,0.7691051338772513,0.032255851809556285,0.034622455262579024,0.033439153536067655,41.56156624600408,-2.253127926065602,0.0007346600425032213,-0.037747527635017764,-0.006378316217257325
