epoch,global_step,checkpoint_file,bytes,sha256,sha_sidecar_exists,final_model
5,35190,epoch_0005.pt,418275436,029b8f2586083dcf400a9332dcded7e07824d601555d6391c17c9d617561cbc4,True,False
10,70380,epoch_0010.pt,418275436,dd324eccf17641e9dd899541fc3dcf4ccbfa39ac5d862bdbec5aa6e87de43e03,True,False
15,105570,epoch_0015.pt,418275564,966dada43adbd16a9322485a9482abafbdef4114bd5e1be29868ce90dcaf8385,True,False
20,140760,epoch_0020.pt,418275436,4671e5055ccf644999e9cf3be7d4b74237278fa3780094be99bd71282c9f976a,True,False
25,175950,epoch_0025.pt,418275500,d196f1777c2ef6ea8e3cfbe5c72c3281d54ad59e168d692f4ba0111f2873a211,True,False
30,211140,epoch_0030.pt,418275500,b442a7e23c58eae0b6ac1abdc4db9c7af3972bb46324876dc5884323b80e82ed,True,False
35,246330,epoch_0035.pt,418275436,31daffc150865bacbcd56fd85437a7cac9091cb57ae45976846e824f3e4ec643,True,False
40,281520,epoch_0040.pt,418275564,910b0451debc0127f304b7b6fa3630bb31fc0f536cecb58cd1de92e974e798ea,True,False
45,316710,epoch_0045.pt,418275500,d19c8aec7a7bc698065f49c02a4835d260a70167faf1490f42a35e6cd38be969,True,False
50,351900,epoch_0050.pt,418275500,a66c5beafb3037167df5d34b72c39dea0b3b1d282f564dd7680cecc7585f592b,True,False
55,387090,epoch_0055.pt,418275436,6ff3ceac03c0903bbaae477f5961f121adae2d913b8ae1e548edaf44204868a9,True,False
60,422280,epoch_0060.pt,418275436,0aa1d15e927c2da249692905c1a207171b63b9a76e4c018db70277fcd4a8a5d9,True,False
65,457470,epoch_0065.pt,418275500,83c4c348e4e80b508e73c47cb21486ca72f1bb963323afcd4f5f2e579046b8fe,True,False
70,492660,epoch_0070.pt,418275500,bb652d11159d6f58d419ed3b62c26dac2a3518607172be26632a9d4c0c71b01d,True,False
75,527850,epoch_0075.pt,418275500,eef6a33960ab212fe8fbe3154b684222468c6fedbcf64ae05aab6f82b5259fd5,True,False
80,563040,epoch_0080.pt,418275436,2d57a9129d1c27e7148475fcc0be79e7cd6dbe42a2489b41c39924af51040168,True,False
85,598230,epoch_0085.pt,418275500,d57747eae36d26acf23d01ca4db3c156a7b84a7b06dc4cf649bef7e208394906,True,False
90,633420,epoch_0090.pt,418275436,a0bc5b78c7ce07e61ed3bff893911e80e972d0c17471c75a14ed4be7161e7fe3,True,False
95,668610,epoch_0095.pt,418275372,b696e476c629ba3e151ae4d8db9843469210f5160fae7b0f345c9b4dde9cab15,True,False
100,703800,epoch_0100.pt,418275436,03b5d3edf53e242eb9f6c2ec8f4c55ec0a15a24192fc1222b413b460a36acb21,True,False
105,738990,epoch_0105.pt,418275436,2604a1264478e6caf3e4acda2a4e229da8d7f9f81a3214148e0a29a6a5b5af4b,True,False
110,774180,epoch_0110.pt,418275436,f8df5550c1e506c1bbc20cf536712527c329506a78da3c87a593eafa8d17aabf,True,False
115,809370,epoch_0115.pt,418275436,4d82a165f37fda3ae871421a722ede5ad39dac3c671a2da4f4b0ce26a98c999f,True,False
120,844560,epoch_0120.pt,418275500,3b00ae568a3677c5bc66f9b11ac4c8cb975f4b0b798223b584d5f29c3b1186e4,True,False
125,879750,epoch_0125.pt,418275436,3216b4997ed51962590251170ca5cbd6d00fb444479a8b5cd9480f0cfbeab7ec,True,True
