audit_id,direction,source
AUDIT_001,A2B,118da0690c.jpg
AUDIT_002,B2A,1d640e96a3.jpg
AUDIT_003,A2B,32e33792cc.jpg
AUDIT_004,A2B,586acab7c5.jpg
AUDIT_005,A2B,52fc351abf.jpg
AUDIT_006,B2A,189ae3f5a7.jpg
AUDIT_007,B2A,153e1ec171.jpg
AUDIT_008,A2B,df64ac2dcb.jpg
AUDIT_009,B2A,01480da48f.jpg
AUDIT_010,A2B,536aa87152.jpg
AUDIT_011,A2B,6f0b9df5c5.jpg
AUDIT_012,A2B,f0884db067.jpg
AUDIT_013,A2B,158740962c.jpg
AUDIT_014,A2B,c68c52e8fc.jpg
AUDIT_015,B2A,20f93c26b0.jpg
AUDIT_016,B2A,14b92a85f3.jpg
AUDIT_017,B2A,0ca5b3c96a.jpg
AUDIT_018,B2A,091b6b9b07.jpg
AUDIT_019,B2A,165dfb6cd0.jpg
AUDIT_020,A2B,89fcbf2f76.jpg
AUDIT_021,B2A,23d0cd1621.jpg
AUDIT_022,A2B,fb93438ff9.jpg
AUDIT_023,B2A,1b4f115bdd.jpg
AUDIT_024,A2B,2acfbab228.jpg
AUDIT_025,A2B,488600cb75.jpg
AUDIT_026,B2A,0425fc7ce5.jpg
AUDIT_027,B2A,00104fd531.jpg
AUDIT_028,B2A,1c6eed59f5.jpg
AUDIT_029,A2B,632ddbc784.jpg
AUDIT_030,B2A,2318dd451a.jpg
