direction,metric,value,status,evidence
A2B,fid,103.03648895627941,computed,outputs/viraat_resizeconv6_run001/metrics/inception_features.npz
A2B,class_mifid,0.41614150006151296,computed,outputs/viraat_resizeconv6_run001/metrics/inception_features.npz
A2B,kid_mean,0.024614788881728068,computed,outputs/viraat_resizeconv6_run001/metrics/inception_features.npz
A2B,kid_std,0.0034065122173219174,computed,outputs/viraat_resizeconv6_run001/metrics/inception_features.npz
A2B,generative_precision,0.6233333333333333,computed,outputs/viraat_resizeconv6_run001/metrics/inception_features.npz
A2B,generative_recall,0.4266666666666667,computed,outputs/viraat_resizeconv6_run001/metrics/inception_features.npz
A2B,content_preservation_cosine_similarity,0.7891364810217774,computed,outputs/viraat_resizeconv6_run001/metrics/inception_features.npz
B2A,fid,95.6152380507273,computed,outputs/viraat_resizeconv6_run001/metrics/inception_features.npz
B2A,class_mifid,0.40558487018645933,computed,outputs/viraat_resizeconv6_run001/metrics/inception_features.npz
B2A,kid_mean,0.007861312552054951,computed,outputs/viraat_resizeconv6_run001/metrics/inception_features.npz
B2A,kid_std,0.001244069562457547,computed,outputs/viraat_resizeconv6_run001/metrics/inception_features.npz
B2A,generative_precision,0.5466666666666666,computed,outputs/viraat_resizeconv6_run001/metrics/inception_features.npz
B2A,generative_recall,0.5966666666666667,computed,outputs/viraat_resizeconv6_run001/metrics/inception_features.npz
B2A,content_preservation_cosine_similarity,0.7933666802953068,computed,outputs/viraat_resizeconv6_run001/metrics/inception_features.npz
A2B,cycle_l1_rgb01,0.04343768773600459,computed,outputs/viraat_resizeconv6_run001/metrics/cycle_metrics_per_sample.csv
A2B,cycle_lpips_alex,0.42009864091873167,computed,outputs/viraat_resizeconv6_run001/metrics/cycle_metrics_per_sample.csv
B2A,cycle_l1_rgb01,0.0469023149398466,computed,outputs/viraat_resizeconv6_run001/metrics/cycle_metrics_per_sample.csv
B2A,cycle_lpips_alex,0.30990797822674115,computed,outputs/viraat_resizeconv6_run001/metrics/cycle_metrics_per_sample.csv
both,parameter_count,21204872,computed,logs/viraat_resizeconv6_run001/events.jsonl
both,training_seconds,18960.139351762995,computed,logs/viraat_resizeconv6_run001/events.jsonl
both,images_per_second,44.54397640919602,computed,logs/viraat_resizeconv6_run001/events.jsonl
both,peak_cuda_memory_mib,2587.7373046875,computed,logs/viraat_resizeconv6_run001/events.jsonl
both,nonfinite_gradient_count,0,computed,logs/viraat_resizeconv6_run001/events.jsonl
both,final_epoch_grad_norm_discriminator_a,4.104792413961552,computed,logs/viraat_resizeconv6_run001/events.jsonl
both,final_epoch_grad_norm_discriminator_b,5.933052219698191,computed,logs/viraat_resizeconv6_run001/events.jsonl
both,final_epoch_grad_norm_generator,32.47916625527775,computed,logs/viraat_resizeconv6_run001/events.jsonl
both,final_epoch_loss_cycle_a,0.7436256217631334,computed,logs/viraat_resizeconv6_run001/events.jsonl
both,final_epoch_loss_cycle_b,0.8226677577463054,computed,logs/viraat_resizeconv6_run001/events.jsonl
both,final_epoch_loss_discriminator_a,0.03815764132394866,computed,logs/viraat_resizeconv6_run001/events.jsonl
both,final_epoch_loss_discriminator_b,0.04253654417791728,computed,logs/viraat_resizeconv6_run001/events.jsonl
both,final_epoch_loss_gan_a_to_b,0.8480982901732262,computed,logs/viraat_resizeconv6_run001/events.jsonl
both,final_epoch_loss_gan_b_to_a,0.867926573670361,computed,logs/viraat_resizeconv6_run001/events.jsonl
both,final_epoch_loss_generator_total,3.640399483870159,computed,logs/viraat_resizeconv6_run001/events.jsonl
both,final_epoch_loss_identity_a,0.15558200966409066,computed,logs/viraat_resizeconv6_run001/events.jsonl
both,final_epoch_loss_identity_b,0.2024992303597246,computed,logs/viraat_resizeconv6_run001/events.jsonl
A2B,human_style_score,,pending_real_raters,outputs/viraat_resizeconv6_run001/human_audit
A2B,human_content_score,,pending_real_raters,outputs/viraat_resizeconv6_run001/human_audit
A2B,human_artifacts_score,,pending_real_raters,outputs/viraat_resizeconv6_run001/human_audit
A2B,human_inter_rater_agreement,,pending_real_raters,outputs/viraat_resizeconv6_run001/human_audit
A2B,human_cohens_kappa,,pending_real_raters,outputs/viraat_resizeconv6_run001/human_audit
B2A,human_style_score,,pending_real_raters,outputs/viraat_resizeconv6_run001/human_audit
B2A,human_content_score,,pending_real_raters,outputs/viraat_resizeconv6_run001/human_audit
B2A,human_artifacts_score,,pending_real_raters,outputs/viraat_resizeconv6_run001/human_audit
B2A,human_inter_rater_agreement,,pending_real_raters,outputs/viraat_resizeconv6_run001/human_audit
B2A,human_cohens_kappa,,pending_real_raters,outputs/viraat_resizeconv6_run001/human_audit
both,kaggle_public_score,,pending_official_submission,
both,kaggle_private_score,,pending_official_submission,
both,kaggle_rank,,pending_official_submission,
