error_id,model,group,source_index,true_label,predicted_label,probability_positive,predicted_class_confidence,distance_from_threshold,selected_slice,slice_memberships,review_text,error_type,explanation,testable_fix
1,experiment_1,confident_false_positive,29330,0,1,0.9999958276748657,0.9999958276748657,0.4999958276748657,,short_reviews,"Wow love the place and everything is very clean and new!\n\nGreat place to come and relax worth a try!\n\nCheers,\n\nEric Van Nguyen\nVisited April 2012",Possible label-text mismatch,"The text is entirely positive: it praises the clean venue and recommends visiting. The prediction agrees with the visible text but conflicts with the recorded negative label. This is a possible label-text mismatch, not proof that the official label is wrong.",Independently audit similarly inconsistent training and validation examples against available rating metadata. Compare training with and without confirmed training-label issues on an unchanged validation set. Preserve the official test label and exclude this test row from future training.
2,experiment_1,confident_false_positive,12480,0,1,0.9999103546142578,0.9999103546142578,0.4999103546142578,,short_reviews,"my husband had an omelette that was good. i had a blt, a little on the small side for $10, but bacon was great. Our server was awesome!",Mixed aspects with a value complaint,"The food and server receive praise, but the BLT is described as small for its price. The positive prediction may reflect stronger positive wording than the value complaint. The binary rating label does not reveal how the reviewer weighted these aspects.","Compare an aspect-aware sentence representation with global pooling, using training examples and a validation subset containing food, service and price contrasts. Check whether it improves validation macro-F1 on mixed-aspect reviews without changing this test result."
3,experiment_1,confident_false_positive,34454,0,1,0.9996898174285889,0.9996898174285889,0.49968981742858887,,medium_reviews;contains_negation;high_oov_rate,"It's a really good concept but the execution in authentic flavors for each region falls a little short.  Every dish we tried was a bit off.  We had the Indian Butter Chicken, Thai Lemongrass Curry, Samosas (that was probably the best item) and some weird Korean Firecracker Riceball.  (I'm Korean and my Eomma would be like \""""what the truck is this?\"""")  Kind of reminds me of Trader Joe ethnic food but if you like the real, authentic deal then this place is probably not your speed.",Contrast and authenticity criticism,"The review starts with a good concept and names a best item, but criticizes execution, describes every dish as off, and says the restaurant may not suit people seeking authentic food. Its positive prediction misses the overall critical assessment. High-OOV membership alone does not prove unknown words caused the error.","On development data, compare retaining contrast words such as but, if and then with the existing stopword policy. Inspect training-vocabulary OOV tokens separately and evaluate authenticity/contrast examples using validation macro-F1."
4,experiment_1,confident_false_positive,20008,0,1,0.9993809461593628,0.9993809461593628,0.4993809461593628,,medium_reviews;contains_negation,"Fun place but when you're in your early-mid 30s and have a tad bit of style other than local carny  then you will stick out like sore thumb.  We're really into vintage midcentury 1950s pinup style themed anything, but you really couldn't tell this is what the cannery is going for besides the picture on book of matches and the two bar names, \""""pinups\"""" and \""""Marylyn's lounge\"""" ....other than that the cover band rocks and I got rush week college wasted like I do every time in Vegas, or Whitney for that matter.",Mixed sentiment and audience suitability,"The reviewer calls the venue fun and praises the band, but criticizes the style and weak execution of its advertised theme. The prediction is positive despite the negative label. The text mixes enjoyment with dissatisfaction, so a single causal explanation cannot be established from the output alone.",Construct a training-derived mixed-sentiment subset with suitability and theme-execution complaints. Compare sentence-level aggregation against the current pooled representation on a fixed validation subset.
5,experiment_1,confident_false_positive,27375,0,1,0.9993663430213928,0.9993663430213928,0.4993663430213928,,medium_reviews;contains_negation,"We had dinner here for four. Had an artichoke appetizer with pita chips, club sandwich and shared a huge sundae for dessert. The service was awesome; space impressive. But, I have to say that when a gem from NYC gets transported to Vegas, and gets \""""blown up\"""" into Vegas standards with all the glam, size, \""""in your face\"""", and over-the-top stuff that makes Vegas what it is, that NYC gem looses something and just isn't the same. \n\nWe were looking to be awed by this chocolate place and weren't. Maybe we should have ordered some chocolate pieces?",Unmet expectations despite positive aspects,"Praise for service, space and dessert is followed by disappointment that the venue was not awe-inspiring and lost the original location's character. The very confident positive prediction is inconsistent with the recorded negative label and the closing disappointment.",Evaluate a sentence-attention or sentence-order-aware pooling variant on training and validation reviews whose positive aspects are followed by unmet expectations. Compare validation macro-F1 and calibration with the current head.
6,experiment_1,confident_false_negative,36001,1,0,8.888084994396195e-05,0.999911119150056,0.49991111915005604,,short_reviews,"Good food, decent beer, terrible bar service. Girl with short blond hair behind bar was awful. I'm sure this places gets better with time. I'd come back!",Mixed aspects and return intention,"The food and beer receive positive comments, while bar service is called terrible and awful. The reviewer expects improvement and says they would return. The negative prediction may emphasize the strong service criticism over the return intention and positive aspects.",Use training-derived mixed-aspect examples to compare an auxiliary return-intention feature or objective with the current model. Evaluate on a fixed validation subset containing explicit return intentions and conflicting aspect sentiment.
7,experiment_1,confident_false_negative,22807,1,0,9.915272676153108e-05,0.9999008472732385,0.49990084727323847,,medium_reviews;contains_negation,"EDIT: They really did change the service up since I last posted this.\n\nHorrible service.\n\nUsed to be my favorite pizza in the city (at a reasonable price), but I'm rethinking that. We just had an altercation with a server who refused to split a check when we were paying with cash. He then proceeded to disrespect the party at the table, telling us to 'not give him attitude about it.'\n\nSorry Bella Notte, but we're not children. I don't care if you're working hard - it doesn't give you any excuse to disrespect your paying customers like that.",Updated opinion with historical complaint,"The opening edit says the service changed, while most of the remaining text describes an earlier dispute and poor service. The negative prediction follows the historical complaint but conflicts with the positive label. The short update does not explicitly quantify satisfaction, so some ambiguity remains.",Compare a sentence-aware model that retains update markers and distinguishes updated opinions from quoted prior complaints. Train only on development data and evaluate a fixed validation subset of edited reviews.
8,experiment_1,confident_false_negative,3223,1,0,0.0001015038214973174,0.9998984961785027,0.4998984961785027,,short_reviews,"I've been here two times. The first time was really good, but the second was very boring flavored. I had some lemon chicken that was mediocre.  \n\nFor the price,  the last time turned me off, but will probably go back again.",Conflicting visits and willingness to return,"The first visit was good, the second food experience was mediocre, and the reviewer still expects to return. The negative prediction is understandable from the most recent criticism, but it conflicts with the positive label. This is mixed sentiment across visits.",Compare a development-trained model with separate representations for visit-specific opinions and return intention. Evaluate validation performance on reviews describing multiple visits without treating willingness to return as an automatic positive label.
9,experiment_1,confident_false_negative,30793,1,0,0.000191104321856983,0.999808895678143,0.499808895678143,,medium_reviews;contains_negation,"This place is so much better since they changed owners.\n\nMy wife and I went when it was the old owners, it was terrible.  We waited forever and the food never came before we walked out.  People were served before us that walked in after and my wife actually got her soup before me and I sat and waited while they \""""made more\"""".\n\nIt was horrible.\n\nNow its much better.  The staff are very friendly, they treat their customers very well and I have nothing but positive things to now say about this place.  Its much better with the new owners.",Temporal reversal after ownership change,The text contrasts a terrible experience under the old owners with much better service under new owners and an explicitly positive current assessment. The very confident negative prediction fails to reflect the stated temporal reversal.,"Retain temporal markers such as since, old, now and new, then compare sentence-order-aware aggregation on a training/validation subset of reviews contrasting past and current experiences. Measure validation macro-F1 and error rate."
10,experiment_1,confident_false_negative,3485,1,0,0.0002287133247591555,0.9997712866752408,0.49977128667524084,,medium_reviews;contains_negation,"Update: \nEmailed 2 weeks ago, did not get a reply or call. .\n\nDid receive a message from Chris H and asked me to resend my email which I did today.  Will update outcome.\n\n*** Final Update - 7/27/2014 ***\n\nAfter a week of exchanging emails with Chris H., he personally re-evaluated and has honored our warranty claim and they offered a in store credit since our product is no longer available. \n\nChris H was very diligent and followed through on researching our claim and kept us updated each step of the way.",Resolved complaint in a final update,"The early update reports no response, but the final update says the warranty claim was honored and praises diligent follow-through. The negative prediction conflicts with the positive resolution. Earlier complaint language is a plausible contributor, but this has not been verified with a model ablation.",Compare explicit update-section segmentation with unsegmented reviews on development data. Evaluate whether aggregating the final update with the earlier context improves validation performance on resolved-complaint reviews.
11,experiment_1,near_threshold_error,29664,0,1,0.5002233982086182,0.5002233982086182,0.00022339820861816406,,short_reviews;high_oov_rate,I'm looking for comedians to start a comedy night in Glendale  if your interested email me cutty20s@yahoo.com,Little sentiment evidence,"The text recruits comedians and gives contact information rather than evaluating a business. The positive probability is 0.500223, almost exactly at the decision threshold, which is consistent with weak sentiment evidence. High-OOV membership is recorded but does not establish an OOV mechanism.","Measure uncertainty and validation coverage-risk curves on a training-derived subset of promotional or non-review text. Test a validation-calibrated abstention option as a future extension, while retaining the current binary test prediction and threshold."
12,experiment_1,near_threshold_error,15540,1,0,0.4997131824493408,0.5002868175506592,0.0002868175506591797,,medium_reviews;contains_negation,"First impressions are the most important.\n\nI am so glad I stopped by this location. The lady that runs the front counter is so freaking funny.\n\nI didn't know what to order when I got there. I saw Italian sausage and I just went for it. \nIt comes with marinara sauce, onions, and bell peppers. \n\nThe subs are above average they definitely have a better taste and the onions were so freaking good. \n\nThe location is very clean attached to a 7-11.",Positive review near the threshold,"The review praises the funny staff member, food, onions and cleanliness. The phrase did not know what to order expresses uncertainty about an order rather than negative service. The positive probability of 0.499713 places the incorrect negative prediction barely below the threshold.","Compare the current stopword policy with a version that retains clause structure on development data, and evaluate positive reviews containing incidental negation. Check validation discrimination and calibration rather than tuning a threshold to this test example."
13,experiment_1,near_threshold_error,18014,1,0,0.49965834617614746,0.5003416538238525,0.00034165382385253906,,medium_reviews;contains_negation,"Honestly the quality of food is about a 3 star but because I support the mom and pop shops and used to go here almost every day during my breaks from the nearby community college it deserves a 4. I've met the owners a couple times and the atmosphere in the afternoon is pretty quiet sometimes which is very nice when you're trying to just have a nice break. There was nothing that I didn't like here and the pricing is good as well, its just you can tell the food was once frozen.",Mixed rating and double negation,"Food quality is modest and the food was once frozen, but the reviewer gives four stars, praises atmosphere and pricing, and says there was nothing they did not like. The model predicts negative at P(positive)=0.499658. Mixed aspects and double negation are plausible challenges.",Create a development-only validation subset for double negation and mixed ratings. Compare retaining function words or using a negation-aware auxiliary objective with the current preprocessing and model.
14,experiment_1,near_threshold_error,21051,1,0,0.4996180534362793,0.5003819465637207,0.0003819465637207031,,long_reviews;contains_negation,"I usually don't write reviews but reading the ones on this site helped me decide where to go, so I'm paying it forward. \n\nI haven't been to a traditional salon in FOREVER but I wanted to get a haircut and I didn't think my Dominican salon could handle it.  The salon is located in the back of the barber shop so you have to walk through it to get to the chairs.  Didn't feel weird at all though, all the guys were super friendly.  I booked a consultation first to make sure I would feel comfortable putting my hair in their hands. There were two ladies there, I showed them what I was thinking and they walked me through what the style would actually look like on my head.  They were very welcoming, I felt like I had known them forever.  Not the same experience I've had at salons in the past where nobody smiles and you feel like you're interrupting their lunch.  In the end I felt comfortable enough to make an appointment and I'm going back in a few hours!  Only negative was that they tried to talk me into getting a weave, or pieces, idk.  It's just not my thing. \n\nOther than that it's a positive environment all around and I'm looking forward to seeing how my haircut comes out!",Positive evaluation with incidental negation,"The reviewer repeatedly describes welcoming staff, comfort and a positive environment. Several negative constructions refer to past salons or say the visit did not feel weird. A minor complaint about a weave is present. The prediction is negative with P(positive)=0.499618, very close to the threshold.",Compare clause-aware sentence aggregation on training/validation reviews with positive overall sentiment and incidental negation. Evaluate the negation slice and positive-review recall before any future independent test.
15,experiment_1,near_threshold_error,19979,0,1,0.5006575584411621,0.5006575584411621,0.0006575584411621094,,long_reviews;contains_negation,"My wife thought of a great idea to grab some carb legs for my birthday so she found Finz. Upon arriving we knew it was an old Vinnie's which at times could be sketch. Upon entering you could tell this was not a normal restaurant because of the seating set up, not really a separation between the bar and the dinner tables.\nWe were greeted as we entered and led to a table of our choice. Waitress was great and was pretty attentive. The food was good, definitely worth the prices which are decent. I ordered the Crab Legs my wife got the Steam Pot, My Step Father got the Peel & Eat Shrimp and my mother got the Shrimp and Scallop Pasta. All dishes were great except the Shrimp and Scallops were a little over cooked but the Pasta sauce was great. \nNow the bad, shortly after arriving and enjoying our Spicy Honey Shrimp App (Not SO Honey) there was an altercation between the Lady working the bar and a So Called Patron that apparently spends 8K a year there, ha ha.  The young lady decided to curse loudly at the man and hit him with her purse as he tried to defend himself and get very loud. There were kids there and this was around 7:30 which is normal for a Friday night dinner. After the families cleared out and the night went on the patrons who were regulars began to conversate about the incident with major profanity laced statements. As a first timer I could not believe their was a manager there to handle the incident and take care of the language as folks were enjoying dinner. Better management is needed. \n\nI agree with other folks the food is good but the regulars are not so welcoming. Unfortunately you cannot pick your customers but customers can pick their place to eat. I suggest if you are a family stick to weekdays maybe but FINZ is not a Grill more of an bar with good food. \n\nI will say that our waitress did apologize for the actions of the bar tender  but other than that nothing was done to cater to the guest who were trying to enjoy dinner.",Positive food but negative safety and management,"The food and waitress are praised, but the review describes a disruptive confrontation, profanity around children and inadequate management. The positive probability is only 0.500658. The negative label is consistent with the serious complaint about the dining environment despite positive food comments.","Compare sentence-level aspect aggregation that separates food quality from safety and management complaints. Train on development examples and evaluate mixed-aspect validation macro-F1, checking encoded length before attributing any failure to truncation."
16,experiment_1,slice_specific_failure,37451,0,1,0.9982247948646545,0.9982247948646545,0.49822479486465454,high_oov_rate,medium_reviews;contains_negation;high_oov_rate,"Decor and atmosphere really good. Actually a bit upscale for its Eastowne Mall location. Food was good, but not inexpensive. See photo. Ordered ribs and the walleye. Walleye  was tasty and prepared well. Was it worth $20. No, more in the area of $12-14. Service was avg.  Free wi-fi. Too early to tell how this place will fare with lower cost alternatives within earshot.",Price-value criticism in the high-OOV slice,"The food and decor are praised, but the reviewer questions whether the meal was worth its price and mentions cheaper alternatives. The model predicts positive with confidence 0.998225 despite the negative label. The selected slice is high OOV, but token-level evidence is needed to establish its contribution.","Inspect OOV tokens on training/validation price-value reviews, then compare a from-scratch subword vocabulary with the word vocabulary under a comparable parameter budget. Measure high-OOV validation macro-F1 and price-value error rates."
17,experiment_1,slice_specific_failure,30086,1,0,0.0003640086797531694,0.9996359913202468,0.49963599132024683,contains_negation,medium_reviews;contains_negation,"Went there yesterday and found that the place has just CLOSED.  Another victim of a good chef with a bad location and business planning.  \n\nHint for future restauranteurs:  Don't open a Scottsdale restaurant in the summer unless you have the cash to survive with no business till the following March, advertise heavily, and don't locate your business where customers coming from one direction have to make a U-turn to get there, particularly if there's no good signage.\n\nThe Stacy's location in Phoenix remains open.",Business closure with ambiguous evaluative target,"The review reports a closure and criticizes location and planning while describing the chef as good. Its positive label conflicts with much of the visible criticism, and the model predicts negative confidently. The label may reflect appreciation of the restaurant rather than its business prospects, but that interpretation is uncertain.","Independently audit development reviews about closures and identify whether criticism targets food, staff or business circumstances. Compare entity/aspect-aware representations on a fixed validation subset while preserving this official label."
18,experiment_1,slice_specific_failure,29494,1,0,0.0010162440594285727,0.9989837559405714,0.4989837559405714,long_reviews,long_reviews;contains_negation,"UPDATED. \n\nMy initial very frustrated and dramatic review read as follows:\n\nBililng practices are at best negligent and at worst fraudulent.  \n\nI started going to the studio per a groupon.  I enjoyed the experience so much that I purchased a discounted 20 pack of classes.  When I purchased the classes, my credit card was charged.  However, the purchase didn't show up in my online account so I couldn't schedule classes.  I called The Studio and they told me that they'd credited the classes to another student but they did remedy the situation. \n\nFast forward about 6 months and I am reviewing my credit card statement.  Lo and behold a mysterious charge from the Studio shows up for $130.  I have not even been back there in months and certainly have not authorized any transactions to this business.  I am now disputing the charge via my credit card. \n\nThe yoga is great but all these terrible billing practices make it not worth your time in the long run.\n\nUpdates:\n\nAfter reading this, the studio owner went out of her way to contact me to try and correct the error.  She contacted me several times over a month and offered to resolve the issue in minutes if I called her.  I couldn't manage to find time to call her, but she refused to give up and tracked down my information and resolved the situation in a way that goes above and beyond what can be expected from a business owner.  I can certainly say that although I was frustrated by the two billing mixups, this business went out of its way to accomodate and help me, even when I couldn't go out of my way to try and correct the error.  I am thus updating my review to 4 stars- not quite 5 due to the initial errors- but they certainly get 5 for the way they managed this.  \n\nAlso, as previously mentioned, the yoga is great.",Long review with a positive resolution,"An earlier section alleges billing problems, but a later update says the owner resolved the issue beyond expectations and explicitly updates the rating to four stars. The negative prediction misses that current resolution. Long-review membership does not establish that the positive update was truncated.","Check retained token length and the encoded tail first. In a future development-only ablation, compare update-aware hierarchical sentence pooling with the current model, and test a longer sequence limit only if actual development truncation is confirmed."
19,experiment_1,slice_specific_failure,21215,1,0,0.0006118340534158051,0.9993881659465842,0.4993881659465842,medium_reviews,medium_reviews;contains_negation,"Last night several parents came in with over 15 children to celebrate their 9 year olds 4th grade graduation at 9:15 pm. The bartender expressed that it was not a place to have children running around as it is against the law and a liability issue if anything were to happen to them on their premise. The children were running in and out of the bar while the parents continued to drink upstairs claiming to watch them in the open park way. After their third round of drinks the bartender told them they were no longer welcomed due to the fact the kids were unsupervised as well as the other customers had cleared out expressing \""""whether the bar was a childcare center\"""". One father even started swearing at her telling her it was none of her business what their children were doing. I am offended in that they completely took advantage of her, were rude, not to mention had their children with them at a bar at 10:00pm in the evening. I will say the bartender was very cordial and had mind to do the right thing.",Sentiment directed at customers rather than staff,"The text criticizes rude parents and unsupervised children, then praises the bartender for acting cordially and doing the right thing. The negative prediction may conflate criticism of customers with the evaluation of the venue employee. The recorded positive label fits the closing praise.",Compare a model using development-trained entity/aspect tags to distinguish sentiment toward customers from sentiment toward staff. Evaluate a fixed validation subset with multiple people and conflicting sentiment targets.
20,experiment_1,slice_specific_failure,34919,1,0,0.0008559006964787841,0.9991440993035212,0.4991440993035212,short_reviews,short_reviews;contains_negation,"These burgers taste like they're made with high end Big Mac patties! Not a lot of variety, and really nothing all that special, but what they do, they do well.",Qualified praise after criticism,"The review criticizes limited variety and ordinary burgers, but concludes that the restaurant does what it offers well. The negative prediction does not match the positive label. The closing concession carries praise despite negative wording earlier in this short review.",Compare retaining concession markers and clause-level pooling on development reviews containing qualified praise. Evaluate the short-review and negation validation slices without modifying the current official-test results.
