direction,source,cycle_l1_rgb01,cycle_lpips_alex
A2B,000c1e3bff.jpg,0.03338436037302017,0.3735547959804535
A2B,011835cfbf.jpg,0.06382259726524353,0.4781535863876343
A2B,0260d15306.jpg,0.02930060587823391,0.3447689414024353
A2B,049e293b93.jpg,0.03559422865509987,0.4391697347164154
A2B,05144e306f.jpg,0.027131585404276848,0.34711676836013794
A2B,052a77c020.jpg,0.0483698770403862,0.37171459197998047
A2B,058f878b7c.jpg,0.04235986992716789,0.47937119007110596
A2B,05b493ff42.jpg,0.03668571636080742,0.4008076786994934
A2B,064487d630.jpg,0.03197278827428818,0.3088625967502594
A2B,066fe4cbaa.jpg,0.04537361115217209,0.3921954035758972
A2B,07fcaee35f.jpg,0.020454123616218567,0.25304925441741943
A2B,09b76b6471.jpg,0.07690595835447311,0.6319606900215149
A2B,0a5075d42a.jpg,0.049762189388275146,0.4418339133262634
A2B,0bd913dbc7.jpg,0.04554106295108795,0.47876450419425964
A2B,0e3b3292da.jpg,0.03138871490955353,0.2911386787891388
A2B,106757e5d8.jpg,0.031900741159915924,0.35101303458213806
A2B,1078363ff0.jpg,0.044485561549663544,0.42655956745147705
A2B,10c555c1b1.jpg,0.04552457481622696,0.34563881158828735
A2B,118da0690c.jpg,0.05230388045310974,0.5199846625328064
A2B,11ab570c5e.jpg,0.03870043158531189,0.47011885046958923
A2B,11be65b3e9.jpg,0.040590956807136536,0.4239288568496704
A2B,133b42e498.jpg,0.03165624290704727,0.3302355706691742
A2B,14162de938.jpg,0.05807320773601532,0.6304441094398499
A2B,14ff6e6a99.jpg,0.04271112009882927,0.4582121670246124
A2B,158740962c.jpg,0.027258267626166344,0.3853198289871216
A2B,16dabe418c.jpg,0.05343332886695862,0.5548410415649414
A2B,17557a29cb.jpg,0.05728551745414734,0.5697060227394104
A2B,1814cc6632.jpg,0.05103067308664322,0.6096385717391968
A2B,184d6c66cd.jpg,0.032436199486255646,0.28508034348487854
A2B,1994b8d4a2.jpg,0.035276468843221664,0.3837428092956543
A2B,19dc36ccb2.jpg,0.03538058325648308,0.32658761739730835
A2B,1a127acf4d.jpg,0.03521256148815155,0.38385865092277527
A2B,1e4e4e63c5.jpg,0.06830810010433197,0.6842741966247559
A2B,1f22663e72.jpg,0.03686898574233055,0.2545400857925415
A2B,1f9667f2a7.jpg,0.037510212510824203,0.40074050426483154
A2B,22b1ac6b44.jpg,0.030797263607382774,0.33223897218704224
A2B,23832dead5.jpg,0.04070114716887474,0.4869804382324219
A2B,23b07c3769.jpg,0.04281720519065857,0.590336263179779
A2B,23d6aeb485.jpg,0.028347786515951157,0.48794329166412354
A2B,23f0fbd77e.jpg,0.0371980182826519,0.31243205070495605
A2B,24af733334.jpg,0.05169475078582764,0.5466296672821045
A2B,252d9a4abc.jpg,0.036202073097229004,0.3744520843029022
A2B,2581464ddc.jpg,0.040813006460666656,0.3415282070636749
A2B,25c9904782.jpg,0.04707340523600578,0.4757232964038849
A2B,26b66eb819.jpg,0.030450906604528427,0.34082740545272827
A2B,2759c1ed37.jpg,0.042893361300230026,0.4753909111022949
A2B,281b73fb5e.jpg,0.04554429650306702,0.39786630868911743
A2B,28deb43a71.jpg,0.046485744416713715,0.2739379405975342
A2B,295eb5c521.jpg,0.053705714643001556,0.6516861319541931
A2B,29696b4455.jpg,0.03419800475239754,0.40129518508911133
A2B,2acfbab228.jpg,0.04667235165834427,0.3754276931285858
A2B,2c00f5147f.jpg,0.046484045684337616,0.424802303314209
A2B,2cca56415e.jpg,0.04740647226572037,0.5270603895187378
A2B,2e0d0e6e19.jpg,0.039679840207099915,0.3203873634338379
A2B,2f20944b6a.jpg,0.05402247607707977,0.5119022727012634
A2B,2f90c99e10.jpg,0.04994945973157883,0.5772473812103271
A2B,3283442e33.jpg,0.03925471752882004,0.4180597960948944
A2B,32cc820303.jpg,0.048991646617650986,0.40328502655029297
A2B,32e33792cc.jpg,0.03726070374250412,0.2870769500732422
A2B,3417ace946.jpg,0.03726830333471298,0.3554440140724182
A2B,344d1829bb.jpg,0.06120720133185387,0.5741157531738281
A2B,3545597386.jpg,0.04407577961683273,0.37626874446868896
A2B,369f6d07e8.jpg,0.060411930084228516,0.5728445053100586
A2B,3843e221cc.jpg,0.06575240939855576,0.5606085658073425
A2B,3b262c6726.jpg,0.03547695279121399,0.3429012894630432
A2B,3c341ff93e.jpg,0.050547461956739426,0.3781045973300934
A2B,3d13fe022e.jpg,0.04064905643463135,0.3761443495750427
A2B,3deea9f4a4.jpg,0.030399581417441368,0.36856305599212646
A2B,3eaef3ee43.jpg,0.027169253677129745,0.32937973737716675
A2B,40d7d18ad3.jpg,0.047808896750211716,0.49941307306289673
A2B,417e77e946.jpg,0.02671179734170437,0.43434658646583557
A2B,4260d1c556.jpg,0.05061837285757065,0.46459490060806274
A2B,429e382095.jpg,0.030221864581108093,0.31833508610725403
A2B,463835bbc6.jpg,0.028920885175466537,0.42050912976264954
A2B,4660310c3e.jpg,0.039418406784534454,0.4766481816768646
A2B,47a0548067.jpg,0.02758762240409851,0.2924805283546448
A2B,488600cb75.jpg,0.030929720029234886,0.39146286249160767
A2B,49337b68f4.jpg,0.04868199676275253,0.40256714820861816
A2B,4995c04b1a.jpg,0.034627869725227356,0.19555407762527466
A2B,4ab2583fe2.jpg,0.05165603756904602,0.43620389699935913
A2B,4ad8b366c1.jpg,0.03865946829319,0.49254709482192993
A2B,4b0adf7c6f.jpg,0.03906365856528282,0.3169670104980469
A2B,4bb4ca7b03.jpg,0.04135070741176605,0.4004547894001007
A2B,4c0e35882c.jpg,0.04726548492908478,0.411009281873703
A2B,4c74254ad3.jpg,0.04538940638303757,0.4522126317024231
A2B,4e05523825.jpg,0.039095982909202576,0.3391009569168091
A2B,4f045779b0.jpg,0.040074095129966736,0.33251821994781494
A2B,4f3f4ff590.jpg,0.0412118099629879,0.37962478399276733
A2B,4f4de0bbba.jpg,0.03510277718305588,0.25077855587005615
A2B,4f7e01f097.jpg,0.08590777963399887,0.8317371606826782
A2B,50855dd324.jpg,0.04263923689723015,0.3564046025276184
A2B,512cd171a9.jpg,0.046710193157196045,0.4513399302959442
A2B,5185e8c56a.jpg,0.021468890830874443,0.21504221856594086
A2B,51bdd25f76.jpg,0.04717551916837692,0.38544631004333496
A2B,51db3fc011.jpg,0.046221137046813965,0.37523236870765686
A2B,526a110636.jpg,0.04644804820418358,0.5102776288986206
A2B,52aed0f943.jpg,0.04824317619204521,0.4748067855834961
A2B,52d12dc627.jpg,0.03755488246679306,0.3070828318595886
A2B,52fc351abf.jpg,0.048806410282850266,0.36691635847091675
A2B,536aa87152.jpg,0.03144568204879761,0.4726105332374573
A2B,565f19268b.jpg,0.0465984120965004,0.4858904182910919
A2B,586acab7c5.jpg,0.03430703654885292,0.5403620004653931
A2B,5926f85cbf.jpg,0.03475780040025711,0.5160795450210571
A2B,593db29cce.jpg,0.0383744090795517,0.2606470286846161
A2B,599098859e.jpg,0.037872977554798126,0.45691534876823425
A2B,59df696966.jpg,0.044098131358623505,0.44126108288764954
A2B,5aa514ffac.jpg,0.02351583167910576,0.3115008771419525
A2B,5c79cfe0b3.jpg,0.041624873876571655,0.5054641962051392
A2B,5cb895b722.jpg,0.05375967547297478,0.46041610836982727
A2B,5e357ad790.jpg,0.05717134475708008,0.5728963613510132
A2B,5ffbfe68d4.jpg,0.032714612782001495,0.33733415603637695
A2B,6043aadea0.jpg,0.03514859825372696,0.38280388712882996
A2B,608ee0d370.jpg,0.04111143946647644,0.33579155802726746
A2B,61e735361a.jpg,0.038522232323884964,0.44947630167007446
A2B,632ddbc784.jpg,0.024486495181918144,0.3120152950286865
A2B,661e374153.jpg,0.035944677889347076,0.41896554827690125
A2B,66226e18fc.jpg,0.03275027126073837,0.30923449993133545
A2B,66a144f547.jpg,0.039184004068374634,0.49036622047424316
A2B,6742294320.jpg,0.038162969052791595,0.3460126221179962
A2B,676a5a4c2e.jpg,0.0527707114815712,0.5214585065841675
A2B,6782e7cb2a.jpg,0.08232411742210388,0.6607324481010437
A2B,68729aac07.jpg,0.04418336600065231,0.4832897186279297
A2B,68b60c04b7.jpg,0.028826316818594933,0.2727193534374237
A2B,68d60af226.jpg,0.037548430263996124,0.3782014846801758
A2B,695897bd4a.jpg,0.0431763157248497,0.49575406312942505
A2B,69f4b75a37.jpg,0.038587916642427444,0.4232760965824127
A2B,6a03aea8be.jpg,0.028719794005155563,0.37224727869033813
A2B,6bbe0e63c6.jpg,0.050054699182510376,0.3944953680038452
A2B,6bfbd1df5b.jpg,0.04325605556368828,0.42492491006851196
A2B,6c6cc46498.jpg,0.03621981292963028,0.30405813455581665
A2B,6d0e87f557.jpg,0.07355812937021255,0.7972036600112915
A2B,6e0429f92e.jpg,0.038352541625499725,0.3686860501766205
A2B,6ee7c39dbc.jpg,0.0446544885635376,0.43698328733444214
A2B,6f0b9df5c5.jpg,0.03125503659248352,0.22089914977550507
A2B,7017e6caa1.jpg,0.057894185185432434,0.6104459762573242
A2B,7054793632.jpg,0.034613966941833496,0.3267729878425598
A2B,70bc945f95.jpg,0.04723852872848511,0.570585310459137
A2B,718445ebe3.jpg,0.03995580971240997,0.40359944105148315
A2B,7239ba0b55.jpg,0.04405800998210907,0.39614036679267883
A2B,730f325b64.jpg,0.03859072923660278,0.3234539031982422
A2B,732d76a469.jpg,0.039779722690582275,0.3080346882343292
A2B,7341d96c1d.jpg,0.03410365805029869,0.4023325443267822
A2B,73f33a12c5.jpg,0.03265707939863205,0.2866988480091095
A2B,74e452fb31.jpg,0.030603304505348206,0.2547820210456848
A2B,76cc7181f8.jpg,0.05697804316878319,0.41099822521209717
A2B,77b37629f2.jpg,0.042360108345746994,0.3742985129356384
A2B,79224da51f.jpg,0.04028211534023285,0.33298230171203613
A2B,79292e1434.jpg,0.033448152244091034,0.28945398330688477
A2B,7952021d2f.jpg,0.04127110540866852,0.4691215753555298
A2B,7960adbd50.jpg,0.04411812126636505,0.5300022959709167
A2B,7cb36714d0.jpg,0.038161639124155045,0.4345426559448242
A2B,7d64c3100c.jpg,0.034897707402706146,0.5575622916221619
A2B,8044a92484.jpg,0.04783092066645622,0.3449767827987671
A2B,8077b7e9e7.jpg,0.06575878709554672,0.47819191217422485
A2B,8114fa2607.jpg,0.0635429322719574,0.5641668438911438
A2B,815624563e.jpg,0.056794166564941406,0.38799649477005005
A2B,82991e742a.jpg,0.03672391176223755,0.4180208444595337
A2B,82b9fd68b1.jpg,0.054100703448057175,0.5860036015510559
A2B,8314acfd35.jpg,0.056246932595968246,0.6198533773422241
A2B,853f8d711f.jpg,0.04682767018675804,0.5485504269599915
A2B,85580214be.jpg,0.05348449945449829,0.38068193197250366
A2B,88402296cc.jpg,0.03719329833984375,0.3250727355480194
A2B,893db2701d.jpg,0.05140732228755951,0.4929208755493164
A2B,89964efa86.jpg,0.033108487725257874,0.2944379448890686
A2B,89d970411d.jpg,0.043320052325725555,0.3539855480194092
A2B,89fcbf2f76.jpg,0.046338893473148346,0.4078221321105957
A2B,8b54448a07.jpg,0.03546513244509697,0.3045637011528015
A2B,8b7948248f.jpg,0.037588931620121,0.38193005323410034
A2B,8b841420b4.jpg,0.03218056634068489,0.27217423915863037
A2B,8c48e112d0.jpg,0.041695885360240936,0.40559202432632446
A2B,8c8011c291.jpg,0.056100454181432724,0.5050106644630432
A2B,8cfd45a2e2.jpg,0.06760604679584503,0.7582213282585144
A2B,8e5ff15568.jpg,0.05535246431827545,0.3914676308631897
A2B,8ee2933868.jpg,0.036576103419065475,0.21194863319396973
A2B,8f02369f42.jpg,0.0344395712018013,0.28532499074935913
A2B,910610e827.jpg,0.019618308171629906,0.2170012891292572
A2B,910729e0ce.jpg,0.04309987276792526,0.44748878479003906
A2B,92c0ba8c0d.jpg,0.039893247187137604,0.3411305546760559
A2B,93132f89ee.jpg,0.05580473691225052,0.4513058364391327
A2B,932d0dd808.jpg,0.05758575722575188,0.5279547572135925
A2B,95a53d7b0b.jpg,0.054630719125270844,0.368166983127594
A2B,95b5f01a85.jpg,0.039996836334466934,0.3262162208557129
A2B,9843bc25c5.jpg,0.03701189160346985,0.2536265552043915
A2B,9908d1daa9.jpg,0.05926111340522766,0.4584933817386627
A2B,990ed28f62.jpg,0.03833913058042526,0.33151775598526
A2B,9963d64ebf.jpg,0.021045183762907982,0.2979477047920227
A2B,99a51d3e25.jpg,0.04113263636827469,0.43270981311798096
A2B,99d94af5dd.jpg,0.03994469717144966,0.3168919086456299
A2B,9ae6552353.jpg,0.0336955264210701,0.4381396770477295
A2B,9d58456cc3.jpg,0.05359776318073273,0.6131058931350708
A2B,9d9a4fccfb.jpg,0.03342116251587868,0.433216392993927
A2B,9db9843ed1.jpg,0.0414634607732296,0.4070706069469452
A2B,9f409e3376.jpg,0.03728705644607544,0.3599849045276642
A2B,9fc868e864.jpg,0.03109738975763321,0.2562217712402344
A2B,a030bc32e6.jpg,0.03977624326944351,0.37028661370277405
A2B,a06b54dfe9.jpg,0.027047162875533104,0.3074738383293152
A2B,a202b1b200.jpg,0.04837866872549057,0.4182155430316925
A2B,a210ceedc7.jpg,0.0588546022772789,0.45342034101486206
A2B,a4e4a61fb2.jpg,0.04422162473201752,0.4544200599193573
A2B,a59f3f5b89.jpg,0.05913863703608513,0.44418540596961975
A2B,a619072f82.jpg,0.07837743312120438,0.6246849894523621
A2B,a6291c2a1c.jpg,0.044651132076978683,0.4001372754573822
A2B,a642e9cb6f.jpg,0.0623348169028759,0.49135321378707886
A2B,a7977705be.jpg,0.04651319980621338,0.44259899854660034
A2B,a7d53885e8.jpg,0.07581475377082825,0.6613937616348267
A2B,a885da7b52.jpg,0.056234680116176605,0.4734998047351837
A2B,a8fbbe3eb1.jpg,0.03088664636015892,0.26887035369873047
A2B,a96b79a93f.jpg,0.04863346740603447,0.5137430429458618
A2B,aa76c7625a.jpg,0.055024243891239166,0.4537944793701172
A2B,ad0101d010.jpg,0.0766977071762085,0.6310045719146729
A2B,ad8ce41fc0.jpg,0.039117999374866486,0.3757917284965515
A2B,b1310da865.jpg,0.05433635413646698,0.508202314376831
A2B,b13c0973ee.jpg,0.036471497267484665,0.2974562346935272
A2B,b1ea5d5a7d.jpg,0.037156619131565094,0.4614658057689667
A2B,b256e61a5d.jpg,0.04309909790754318,0.403336763381958
A2B,b2ce76c750.jpg,0.04385700076818466,0.5292628407478333
A2B,b3adc75e7d.jpg,0.0323224812746048,0.3320068120956421
A2B,b44f24c048.jpg,0.051847320050001144,0.46876806020736694
A2B,b5c2fe7c4c.jpg,0.04588853567838669,0.48651784658432007
A2B,b76d52e05a.jpg,0.054967619478702545,0.5090823769569397
A2B,b99546090b.jpg,0.0378829650580883,0.4018462896347046
A2B,ba52f976af.jpg,0.03393442928791046,0.37160423398017883
A2B,baf6efabfe.jpg,0.047307055443525314,0.4034693241119385
A2B,bbc5ac4564.jpg,0.059534620493650436,0.4630230963230133
A2B,bc4b364a44.jpg,0.044340573251247406,0.4741356670856476
A2B,bf6db09354.jpg,0.030963024124503136,0.3579619228839874
A2B,c14505c1da.jpg,0.027740534394979477,0.23569665849208832
A2B,c1dc1a85a4.jpg,0.038165122270584106,0.3449607491493225
A2B,c2576267d4.jpg,0.05551318824291229,0.4751470386981964
A2B,c4622e3fb6.jpg,0.027186324819922447,0.3559023141860962
A2B,c67ba2060c.jpg,0.04779762774705887,0.5586842894554138
A2B,c68c52e8fc.jpg,0.03540721908211708,0.31182265281677246
A2B,c6c360756c.jpg,0.03830660134553909,0.3154442608356476
A2B,c6c88ce9c4.jpg,0.056331537663936615,0.5246521830558777
A2B,c78b4fa3a9.jpg,0.06357114017009735,0.28789982199668884
A2B,c7d8142152.jpg,0.034689050167798996,0.3519221544265747
A2B,cb50326950.jpg,0.042245395481586456,0.36233946681022644
A2B,cb9c553ded.jpg,0.02999277040362358,0.3379262089729309
A2B,cc2bb659f4.jpg,0.053666435182094574,0.37968969345092773
A2B,cd6623d07d.jpg,0.03652059659361839,0.2435988336801529
A2B,cdddf326e3.jpg,0.03523392230272293,0.44776615500450134
A2B,ce3e0daddd.jpg,0.03828505426645279,0.42939358949661255
A2B,ceb6cf5f31.jpg,0.058949872851371765,0.3936389684677124
A2B,cf6488d84c.jpg,0.05611094832420349,0.4808683395385742
A2B,cfc6fce7b5.jpg,0.030693214386701584,0.3540519177913666
A2B,d05cab011d.jpg,0.0287507064640522,0.2589051127433777
A2B,d087730b76.jpg,0.0484795980155468,0.30503982305526733
A2B,d14c1abdd4.jpg,0.04700906202197075,0.48173919320106506
A2B,d1d9748a64.jpg,0.05651937052607536,0.5819560289382935
A2B,d239dae42d.jpg,0.06892331689596176,0.6516919732093811
A2B,d4116437bb.jpg,0.047359734773635864,0.44500982761383057
A2B,d50049fbfc.jpg,0.050958000123500824,0.39344507455825806
A2B,d5b0c260a0.jpg,0.03453659638762474,0.45101016759872437
A2B,d6d6e625bd.jpg,0.03353310376405716,0.3188813626766205
A2B,d729785cb8.jpg,0.04084092751145363,0.4033735990524292
A2B,d754850d01.jpg,0.043986015021800995,0.4388708174228668
A2B,d7948c7635.jpg,0.04478182643651962,0.5424955487251282
A2B,d88482796d.jpg,0.04434358701109886,0.4362112283706665
A2B,d9e8704878.jpg,0.04769863188266754,0.3858039081096649
A2B,da72006ef5.jpg,0.05541152507066727,0.5113431215286255
A2B,dc33f0edbe.jpg,0.05075223371386528,0.5648415684700012
A2B,dcab49d080.jpg,0.03810521587729454,0.46619951725006104
A2B,dcf5ea1040.jpg,0.031998202204704285,0.37897124886512756
A2B,dd46691bd7.jpg,0.039434075355529785,0.48298510909080505
A2B,de6f71b00f.jpg,0.03170910105109215,0.2907228171825409
A2B,df64ac2dcb.jpg,0.03350254148244858,0.26368120312690735
A2B,e2253b87a0.jpg,0.04528655856847763,0.46165671944618225
A2B,e291f8144f.jpg,0.04893232509493828,0.4224894642829895
A2B,e3112413b1.jpg,0.0523395910859108,0.6212807893753052
A2B,e37407c747.jpg,0.04726417362689972,0.5359899997711182
A2B,e510a74d3c.jpg,0.032147835940122604,0.2899549901485443
A2B,e568f84fad.jpg,0.04069659113883972,0.4345065653324127
A2B,e753318d04.jpg,0.04940339922904968,0.5224822759628296
A2B,e88d9de918.jpg,0.03271951526403427,0.2703237235546112
A2B,e9580cd500.jpg,0.044288963079452515,0.320709228515625
A2B,e9f5563817.jpg,0.06787361949682236,0.42883676290512085
A2B,e9f686534b.jpg,0.03271086513996124,0.3341836929321289
A2B,eb3cc5c559.jpg,0.0451173409819603,0.504059374332428
A2B,ec3398cef9.jpg,0.051524996757507324,0.3785257041454315
A2B,ec78d80dbd.jpg,0.0516262948513031,0.43141019344329834
A2B,ed597655a0.jpg,0.05359561741352081,0.6401768922805786
A2B,ede9769cb3.jpg,0.030955201014876366,0.44736772775650024
A2B,ee7adac58f.jpg,0.03714315593242645,0.38076749444007874
A2B,f04c9d8e34.jpg,0.0457499623298645,0.4927311837673187
A2B,f0884db067.jpg,0.0556887611746788,0.4830641746520996
A2B,f0d789c4bc.jpg,0.051894526928663254,0.4615751802921295
A2B,f4413e97bd.jpg,0.05437828600406647,0.5229236483573914
A2B,f486c1655f.jpg,0.07399550080299377,0.5994324684143066
A2B,f7836c88eb.jpg,0.04354511946439743,0.4044201970100403
A2B,f821791c85.jpg,0.028578560799360275,0.2666126787662506
A2B,f84fb4516a.jpg,0.04456542059779167,0.49008724093437195
A2B,f96a8de9f3.jpg,0.05060237646102905,0.47754985094070435
A2B,fb3b06dcb2.jpg,0.03574568033218384,0.3956761658191681
A2B,fb806a2a1c.jpg,0.0478292778134346,0.5257469415664673
A2B,fb93438ff9.jpg,0.025310037657618523,0.2987450361251831
A2B,fba982625d.jpg,0.05409036576747894,0.5427857637405396
A2B,fc11d52502.jpg,0.05024317651987076,0.47182154655456543
A2B,fd63a333f1.jpg,0.04413121938705444,0.3836001455783844
A2B,fdf1530d95.jpg,0.022884096950292587,0.31740498542785645
A2B,ffd74c77ea.jpg,0.032964982092380524,0.35577520728111267
B2A,00068bc07f.jpg,0.04999006539583206,0.33606210350990295
B2A,000910d219.jpg,0.05893823131918907,0.30108845233917236
B2A,00104fd531.jpg,0.02333705686032772,0.20566709339618683
B2A,0033c5f971.jpg,0.03296080231666565,0.22634103894233704
B2A,0039ebb598.jpg,0.027562176808714867,0.22646629810333252
B2A,003c6c30e0.jpg,0.04884670302271843,0.3635779917240143
B2A,005f987f56.jpg,0.04143039882183075,0.18684901297092438
B2A,00882b7e1d.jpg,0.03687552735209465,0.21383017301559448
B2A,009d534136.jpg,0.03730311989784241,0.3011578917503357
B2A,009ddaed1f.jpg,0.046909332275390625,0.3206730782985687
B2A,00aeb60e25.jpg,0.031018782407045364,0.21526959538459778
B2A,00dff09ebe.jpg,0.04119438678026199,0.23113664984703064
B2A,00e64e1b2c.jpg,0.041275590658187866,0.22195255756378174
B2A,00f78547f0.jpg,0.04735211655497551,0.3767099976539612
B2A,012df5ce29.jpg,0.04070446640253067,0.2470453381538391
B2A,01416e7ada.jpg,0.07194916903972626,0.5875135064125061
B2A,01480da48f.jpg,0.032151639461517334,0.22803737223148346
B2A,016d408833.jpg,0.0606757216155529,0.5109843015670776
B2A,017aacad6e.jpg,0.04564867541193962,0.33186841011047363
B2A,01f7a6398e.jpg,0.07837887853384018,0.48624372482299805
B2A,02001e59af.jpg,0.060879021883010864,0.36825674772262573
B2A,0212257854.jpg,0.022828778252005577,0.31188827753067017
B2A,021df2c226.jpg,0.03471897542476654,0.24155941605567932
B2A,022ca16b0f.jpg,0.047146525233983994,0.3358813226222992
B2A,02620a36f7.jpg,0.032502301037311554,0.2554713785648346
B2A,02a1366c74.jpg,0.03424103185534477,0.15359434485435486
B2A,02b232fc78.jpg,0.050740938633680344,0.39832738041877747
B2A,02ded12bbd.jpg,0.02876124531030655,0.2593879997730255
B2A,02ea18a456.jpg,0.035342924296855927,0.2965337634086609
B2A,02ec33e094.jpg,0.027547230944037437,0.2481801062822342
B2A,0344a47135.jpg,0.04764743894338608,0.4038253426551819
B2A,03c9f2e3c2.jpg,0.08264407515525818,0.5205174088478088
B2A,0425fc7ce5.jpg,0.045422494411468506,0.3263357877731323
B2A,04387e4338.jpg,0.03207235783338547,0.228835791349411
B2A,044c1653cf.jpg,0.04256024956703186,0.2554543912410736
B2A,047da870f6.jpg,0.04199720919132233,0.19997961819171906
B2A,049576d31c.jpg,0.07577374577522278,0.4976612329483032
B2A,049b0ece59.jpg,0.05497924983501434,0.3633140027523041
B2A,04d91d7bda.jpg,0.025790870189666748,0.2667945325374603
B2A,04e32c4dc1.jpg,0.0311686210334301,0.1592634916305542
B2A,04f72d81b0.jpg,0.0471920520067215,0.40426117181777954
B2A,04fa2a606d.jpg,0.03753041476011276,0.3005242943763733
B2A,04fa456bc9.jpg,0.031058218330144882,0.19262486696243286
B2A,050da171c0.jpg,0.03420182690024376,0.19280530512332916
B2A,053024baa2.jpg,0.02184075117111206,0.16056886315345764
B2A,05f22b97da.jpg,0.04732339829206467,0.4021090269088745
B2A,0606110c45.jpg,0.04226185008883476,0.1512983739376068
B2A,061f0095f0.jpg,0.06853573024272919,0.5443956851959229
B2A,0696f8142e.jpg,0.06781730055809021,0.5488624572753906
B2A,069e6e5b82.jpg,0.05403129383921623,0.3824452757835388
B2A,06b2c2dfca.jpg,0.03599227964878082,0.1997518688440323
B2A,06c89c4c23.jpg,0.03238501772284508,0.32861509919166565
B2A,06c9326c86.jpg,0.07450907677412033,0.24673670530319214
B2A,06e117b31e.jpg,0.04256132245063782,0.3297480344772339
B2A,0709ff32ee.jpg,0.052078716456890106,0.2841717302799225
B2A,071c375c2c.jpg,0.026000026613473892,0.22409862279891968
B2A,077bf7e451.jpg,0.04149091988801956,0.22898335754871368
B2A,079da3af1e.jpg,0.0488101989030838,0.29607903957366943
B2A,07cb260548.jpg,0.09079959243535995,0.3261842429637909
B2A,07ea3a38d2.jpg,0.043268557637929916,0.18348966538906097
B2A,08247a7020.jpg,0.05339876562356949,0.38369667530059814
B2A,08645ef69b.jpg,0.02573494426906109,0.15983106195926666
B2A,08d7603c9c.jpg,0.05956758186221123,0.47138452529907227
B2A,08fa8a6f26.jpg,0.09547581523656845,0.6096118092536926
B2A,08fd7ac09b.jpg,0.053205378353595734,0.3017200827598572
B2A,091b6b9b07.jpg,0.025276251137256622,0.21863342821598053
B2A,0922bbb3c1.jpg,0.061691999435424805,0.2868104577064514
B2A,0938dc0298.jpg,0.03746478259563446,0.4506241977214813
B2A,093e24f728.jpg,0.03836072236299515,0.2411445677280426
B2A,099395535c.jpg,0.050369974225759506,0.26329752802848816
B2A,09c874df81.jpg,0.06555065512657166,0.4642726480960846
B2A,09d34f7412.jpg,0.05928203463554382,0.3568548560142517
B2A,09e084658a.jpg,0.03611590713262558,0.19889669120311737
B2A,09e1b696b4.jpg,0.04215596616268158,0.1706031709909439
B2A,09fc404e31.jpg,0.028634727001190186,0.2361869215965271
B2A,0a271892d0.jpg,0.03507734835147858,0.2133459746837616
B2A,0a325fc655.jpg,0.06408488005399704,0.3079747259616852
B2A,0a6091114d.jpg,0.02674250118434429,0.29710641503334045
B2A,0a6279ef66.jpg,0.04690752550959587,0.3868131637573242
B2A,0a7a8e30bd.jpg,0.04158610850572586,0.23749448359012604
B2A,0a996d988b.jpg,0.05324923247098923,0.33054375648498535
B2A,0abbeddf71.jpg,0.052271779626607895,0.36992233991622925
B2A,0ac84db7bc.jpg,0.029156535863876343,0.3490332365036011
B2A,0b2454f0e3.jpg,0.05199756473302841,0.2731891870498657
B2A,0b461ab035.jpg,0.05284813046455383,0.37544405460357666
B2A,0b48073b83.jpg,0.04179898649454117,0.2971740961074829
B2A,0b53fd3e90.jpg,0.07195456326007843,0.32933980226516724
B2A,0b97d70d93.jpg,0.03422466665506363,0.19186612963676453
B2A,0bb9d1a3cf.jpg,0.04735037684440613,0.32091444730758667
B2A,0bde6ba99b.jpg,0.038073040544986725,0.38043928146362305
B2A,0c21bed0d8.jpg,0.0546111986041069,0.33752137422561646
B2A,0c7e07acd3.jpg,0.06417348980903625,0.3421188294887543
B2A,0ca5b3c96a.jpg,0.02546105347573757,0.15996018052101135
B2A,0cecce2e24.jpg,0.022806918248534203,0.17190104722976685
B2A,0d1a5b6882.jpg,0.0729345828294754,0.41962897777557373
B2A,0d23431254.jpg,0.05178225785493851,0.4099850058555603
B2A,0d2583e3ea.jpg,0.04886160418391228,0.25660139322280884
B2A,0d2ed7fb8e.jpg,0.05094180628657341,0.14687752723693848
B2A,0d2f9d322d.jpg,0.03714567422866821,0.3079780042171478
B2A,0d7c5d97ac.jpg,0.03574095666408539,0.3785575330257416
B2A,0dd4041294.jpg,0.034796491265296936,0.24252066016197205
B2A,0dd5085fdf.jpg,0.07806212455034256,0.552495539188385
B2A,0e1230a330.jpg,0.04363679140806198,0.23490922152996063
B2A,0e4c7d5e15.jpg,0.03359327092766762,0.30478596687316895
B2A,0e4ec46846.jpg,0.04517892003059387,0.5133433938026428
B2A,0e5afbada4.jpg,0.03687461093068123,0.2274828851222992
B2A,0e983a3ef5.jpg,0.025372838601469994,0.23793530464172363
B2A,0eaa8d71f6.jpg,0.02673148177564144,0.17606456577777863
B2A,0eb810429d.jpg,0.03188186138868332,0.2682287395000458
B2A,0fa29829f2.jpg,0.03227114677429199,0.21990516781806946
B2A,0fa5629898.jpg,0.0481407567858696,0.2963268756866455
B2A,101a5ad83d.jpg,0.06969842314720154,0.4445273280143738
B2A,101c59feab.jpg,0.06163353845477104,0.32938000559806824
B2A,101d00677e.jpg,0.06636585295200348,0.37151405215263367
B2A,102c9065a7.jpg,0.07978004217147827,0.4726073443889618
B2A,102da9e0bf.jpg,0.050963979214429855,0.49897459149360657
B2A,105ac2e395.jpg,0.030888905748724937,0.20351946353912354
B2A,108d3336bd.jpg,0.053898803889751434,0.36015549302101135
B2A,1097dcc82e.jpg,0.0395301952958107,0.2592273950576782
B2A,10ab9fcfcb.jpg,0.02138231322169304,0.19466884434223175
B2A,10e101cae7.jpg,0.04551435261964798,0.3478931188583374
B2A,1106610965.jpg,0.047013796865940094,0.4821315109729767
B2A,115cd21c1c.jpg,0.03338935971260071,0.258137971162796
B2A,117d70bd19.jpg,0.048804871737957,0.3758164048194885
B2A,11d713b4ee.jpg,0.03284044563770294,0.2576291561126709
B2A,11f13ca69e.jpg,0.06368684023618698,0.405078262090683
B2A,11f482a716.jpg,0.04128555580973625,0.2442188709974289
B2A,1216dc1ffe.jpg,0.07381061464548111,0.29814937710762024
B2A,1240cc6f83.jpg,0.03482121229171753,0.32506686449050903
B2A,124244310e.jpg,0.06576389819383621,0.3571832478046417
B2A,129823154f.jpg,0.039529554545879364,0.16449853777885437
B2A,12ae4ffbb5.jpg,0.05006967484951019,0.2665077745914459
B2A,12b2a8d1fc.jpg,0.025273144245147705,0.2593332529067993
B2A,12e9b80b70.jpg,0.05035761743783951,0.301853209733963
B2A,13328c1504.jpg,0.04318074882030487,0.28436052799224854
B2A,13671d11f9.jpg,0.05378066003322601,0.2773904800415039
B2A,1379cdd516.jpg,0.042139604687690735,0.2527867555618286
B2A,138c350c89.jpg,0.07105708122253418,0.39403456449508667
B2A,13c0555eab.jpg,0.03524322807788849,0.16945262253284454
B2A,140f195fbc.jpg,0.04986703395843506,0.3338741064071655
B2A,141ade2afb.jpg,0.033022429794073105,0.36195439100265503
B2A,142cda27d9.jpg,0.0496242418885231,0.43217337131500244
B2A,1444ac5586.jpg,0.036900609731674194,0.2485717535018921
B2A,14804e18f9.jpg,0.03251773864030838,0.23693887889385223
B2A,14860c3bed.jpg,0.03771454095840454,0.3131369352340698
B2A,149e367310.jpg,0.10496555268764496,0.6765838265419006
B2A,14b92a85f3.jpg,0.04998530447483063,0.288700670003891
B2A,14c0e95507.jpg,0.07606187462806702,0.3965255618095398
B2A,153e1ec171.jpg,0.046282798051834106,0.34790319204330444
B2A,15769de345.jpg,0.05782530829310417,0.2599685788154602
B2A,15a51e4dbe.jpg,0.036645933985710144,0.2668662965297699
B2A,15a9b54b5f.jpg,0.07106314599514008,0.38824257254600525
B2A,15b9563151.jpg,0.07504449784755707,0.46523839235305786
B2A,163669cbd0.jpg,0.025099774822592735,0.1921020746231079
B2A,164ebc7900.jpg,0.04846048355102539,0.2683626711368561
B2A,165dfb6cd0.jpg,0.034328244626522064,0.343153715133667
B2A,1688783462.jpg,0.05859723687171936,0.2589682638645172
B2A,169f8a8503.jpg,0.04294080659747124,0.20819133520126343
B2A,16b3067a86.jpg,0.0378224216401577,0.384174644947052
B2A,16de6b603c.jpg,0.047227777540683746,0.33658933639526367
B2A,16ded6f738.jpg,0.036936767399311066,0.2570912539958954
B2A,170dbca136.jpg,0.047876566648483276,0.25428491830825806
B2A,17398e5a2a.jpg,0.044185202568769455,0.3563094735145569
B2A,1771b7c478.jpg,0.049694716930389404,0.30475783348083496
B2A,17f92dd71b.jpg,0.03667784482240677,0.2782725393772125
B2A,181f424335.jpg,0.03444173187017441,0.18815061450004578
B2A,182690bc45.jpg,0.047933101654052734,0.1990976631641388
B2A,184a433ce3.jpg,0.029323279857635498,0.27194643020629883
B2A,1884a2a37d.jpg,0.028795331716537476,0.20081230998039246
B2A,1894c178ea.jpg,0.03827058523893356,0.18803980946540833
B2A,1897b7b118.jpg,0.07014495134353638,0.2999708950519562
B2A,189ae3f5a7.jpg,0.032799940556287766,0.2858373820781708
B2A,18ae840f5d.jpg,0.0425998717546463,0.3881068825721741
B2A,190633c073.jpg,0.07948042452335358,0.7052580118179321
B2A,19182d3849.jpg,0.05261370539665222,0.3600749969482422
B2A,1925109fdd.jpg,0.02143116295337677,0.1997787058353424
B2A,193f3266fb.jpg,0.05547761544585228,0.24437737464904785
B2A,19801ae9ab.jpg,0.055309973657131195,0.2860458493232727
B2A,19bad1225f.jpg,0.038078345358371735,0.21379217505455017
B2A,19be535e5f.jpg,0.0232943594455719,0.2290727198123932
B2A,19c8301d67.jpg,0.051017310470342636,0.3736802339553833
B2A,19e8b9b328.jpg,0.04469122737646103,0.34011855721473694
B2A,1a27cb4cba.jpg,0.029773486778140068,0.2132343202829361
B2A,1a6b4e9e13.jpg,0.051783546805381775,0.3338469862937927
B2A,1ad17703ce.jpg,0.03593413904309273,0.26692187786102295
B2A,1ad8701262.jpg,0.04428093880414963,0.20075511932373047
B2A,1ae342cd57.jpg,0.1533530205488205,0.2877996861934662
B2A,1b4f115bdd.jpg,0.06490708142518997,0.3943172097206116
B2A,1b6a1a7e94.jpg,0.06098847836256027,0.2866283655166626
B2A,1bba0654b7.jpg,0.0249762162566185,0.18250691890716553
B2A,1bc290729f.jpg,0.03711875528097153,0.32796621322631836
B2A,1bd8b4f799.jpg,0.05689028650522232,0.48038217425346375
B2A,1be016515b.jpg,0.038462113589048386,0.2950592339038849
B2A,1be6584349.jpg,0.04230620712041855,0.22586782276630402
B2A,1c0ea0fe1b.jpg,0.027179522439837456,0.22930046916007996
B2A,1c3c1aca33.jpg,0.043130770325660706,0.23081021010875702
B2A,1c64f657f4.jpg,0.035774558782577515,0.1738545000553131
B2A,1c6eed59f5.jpg,0.025264035910367966,0.38742318749427795
B2A,1c88080a3f.jpg,0.05188879370689392,0.27671635150909424
B2A,1ce3cb350d.jpg,0.036131687462329865,0.22344942390918732
B2A,1cfe6aba33.jpg,0.050200365483760834,0.4185017943382263
B2A,1d19c4bc7e.jpg,0.05636438727378845,0.33806174993515015
B2A,1d44f79c1c.jpg,0.04393830895423889,0.29953405261039734
B2A,1d46709e18.jpg,0.0376921147108078,0.3048611283302307
B2A,1d584ad062.jpg,0.04892215132713318,0.18370486795902252
B2A,1d640e96a3.jpg,0.05765660107135773,0.4633755087852478
B2A,1d79ab97ec.jpg,0.023424293845891953,0.14071422815322876
B2A,1d971deb73.jpg,0.026825465261936188,0.1932874619960785
B2A,1dbbe43952.jpg,0.05405855178833008,0.40044891834259033
B2A,1dc3833078.jpg,0.048959072679281235,0.26192474365234375
B2A,1dcbd84c73.jpg,0.04361722618341446,0.2890872061252594
B2A,1dda02098b.jpg,0.06626412272453308,0.3544233739376068
B2A,1de54dbad6.jpg,0.03662150353193283,0.3107232451438904
B2A,1dfa5b2910.jpg,0.05108961462974548,0.22068889439105988
B2A,1dfe2f3b46.jpg,0.038601141422986984,0.2103000283241272
B2A,1e3a931f96.jpg,0.03746655955910683,0.30894383788108826
B2A,1e56d7de95.jpg,0.04978631064295769,0.3940241038799286
B2A,1e74d0da3b.jpg,0.03244253247976303,0.17438021302223206
B2A,1e7ed16969.jpg,0.029986586421728134,0.20488224923610687
B2A,1e90517e22.jpg,0.036696285009384155,0.2977089285850525
B2A,1e983237de.jpg,0.06479009240865707,0.5151211619377136
B2A,1eaa4a27c8.jpg,0.05004383251070976,0.4166863262653351
B2A,1f252ba827.jpg,0.03576202690601349,0.2131100744009018
B2A,1f8b43823c.jpg,0.05024131387472153,0.3491215705871582
B2A,1f979d49c6.jpg,0.05637303739786148,0.37300625443458557
B2A,1f98e7d475.jpg,0.023726968094706535,0.18478980660438538
B2A,20043a8eaf.jpg,0.04420379921793938,0.30596432089805603
B2A,2022ef77f2.jpg,0.028886130079627037,0.1590033322572708
B2A,20454954b2.jpg,0.028936117887496948,0.31696054339408875
B2A,204615862b.jpg,0.04366844519972801,0.25887298583984375
B2A,2061671c2b.jpg,0.04282420128583908,0.18498069047927856
B2A,206d18e819.jpg,0.04453061521053314,0.32402050495147705
B2A,2096a57bfc.jpg,0.061985187232494354,0.34715360403060913
B2A,20d2fd7d1b.jpg,0.06941342353820801,0.29227733612060547
B2A,20f93c26b0.jpg,0.07163022458553314,0.40189310908317566
B2A,2103852756.jpg,0.04425111413002014,0.26860329508781433
B2A,2129f6f2dc.jpg,0.03482571616768837,0.20984865725040436
B2A,21757a4c07.jpg,0.04761341214179993,0.4208458662033081
B2A,21927aa7d4.jpg,0.03491703048348427,0.26758506894111633
B2A,21ac721374.jpg,0.046947598457336426,0.2406894862651825
B2A,21e2aea535.jpg,0.05356185883283615,0.2907100021839142
B2A,22b305f62e.jpg,0.06726594269275665,0.3036807179450989
B2A,2308cd7f79.jpg,0.05462653562426567,0.32788532972335815
B2A,2318dd451a.jpg,0.04342103749513626,0.3629574179649353
B2A,2351d0e36d.jpg,0.03384162858128548,0.40219515562057495
B2A,235f2c8d2d.jpg,0.0589384101331234,0.3473466634750366
B2A,238bd94fcb.jpg,0.06091414391994476,0.5724425911903381
B2A,23d0cd1621.jpg,0.03908810019493103,0.18615609407424927
B2A,23edb57cff.jpg,0.08112259209156036,0.38873913884162903
B2A,23f7a22314.jpg,0.053517602384090424,0.3543252646923065
B2A,2421fde7b1.jpg,0.10112287849187851,0.7060924768447876
B2A,243ef6c04e.jpg,0.03984497860074043,0.35581809282302856
B2A,244cb6321d.jpg,0.03698645532131195,0.22925995290279388
B2A,2476944f5c.jpg,0.049253471195697784,0.3735067546367645
B2A,24997d2394.jpg,0.09773628413677216,0.2555844187736511
B2A,249c6f2b02.jpg,0.07491953670978546,0.4529260993003845
B2A,24ad0a8279.jpg,0.027709826827049255,0.2302933931350708
B2A,24af325930.jpg,0.01820557750761509,0.21045638620853424
B2A,24c4ed86a3.jpg,0.06424397230148315,0.3966992497444153
B2A,24d819c261.jpg,0.049101024866104126,0.5319412350654602
B2A,252f6d69ce.jpg,0.03536123037338257,0.28921782970428467
B2A,25346ff439.jpg,0.04787835106253624,0.2743958830833435
B2A,2552f6c0e4.jpg,0.037490807473659515,0.2957436740398407
B2A,256f038a42.jpg,0.0502898171544075,0.29467344284057617
B2A,258083f3e8.jpg,0.040235746651887894,0.24013128876686096
B2A,259e4070d5.jpg,0.05255976319313049,0.335073322057724
B2A,25c2b346fe.jpg,0.034594424068927765,0.2470468133687973
B2A,25c46710fc.jpg,0.04344054311513901,0.3628861606121063
B2A,25c827dc83.jpg,0.041449032723903656,0.31559863686561584
B2A,25df1df7d9.jpg,0.036951422691345215,0.31897804141044617
B2A,2602597bb0.jpg,0.05433616042137146,0.3916292190551758
B2A,26296bb84f.jpg,0.07111452519893646,0.39475980401039124
B2A,26582fc5a8.jpg,0.05164879560470581,0.43918582797050476
B2A,268b959d88.jpg,0.04686589166522026,0.336601197719574
B2A,26916da7ff.jpg,0.06654052436351776,0.4508867561817169
B2A,26bbb89fd6.jpg,0.04195757955312729,0.2302882820367813
B2A,26c4de1515.jpg,0.046264272183179855,0.2350970208644867
B2A,26d40b7147.jpg,0.03841909021139145,0.3246530294418335
B2A,26d474464f.jpg,0.07827985286712646,0.26802581548690796
B2A,26da6b82c6.jpg,0.051683198660612106,0.32904934883117676
B2A,270a7544e5.jpg,0.024785306304693222,0.37862956523895264
B2A,2727db154e.jpg,0.025567173957824707,0.23614709079265594
B2A,27534f0e65.jpg,0.03539934754371643,0.2289396971464157
B2A,27777862fd.jpg,0.06151701137423515,0.3282109498977661
B2A,2779835a1b.jpg,0.08081391453742981,0.6391909122467041
B2A,279eb2037c.jpg,0.0750882625579834,0.3515782952308655
B2A,27a36df1f6.jpg,0.05658470839262009,0.2385830581188202
B2A,27b2a0c66f.jpg,0.03975151479244232,0.28170350193977356
B2A,27bc5c6810.jpg,0.0385432094335556,0.23081770539283752
B2A,27c67103f0.jpg,0.03989792242646217,0.25399401783943176
B2A,281356f565.jpg,0.0569387823343277,0.4236013889312744
B2A,281b790739.jpg,0.033781807869672775,0.23153550922870636
B2A,2854ebb127.jpg,0.04249684512615204,0.31662097573280334
B2A,2867b3bef0.jpg,0.04940187931060791,0.2899607717990875
B2A,28a626558d.jpg,0.06682789325714111,0.5265417695045471
B2A,28b57f757f.jpg,0.026275575160980225,0.17037536203861237
B2A,293b00c315.jpg,0.0474141463637352,0.2942582964897156
B2A,296b177cad.jpg,0.06338956952095032,0.5605104565620422
B2A,29a0754ddd.jpg,0.04773123562335968,0.2253800481557846
B2A,29aacba212.jpg,0.035037025809288025,0.17014291882514954
