epoch,learning_rate,duration_seconds,grad_norm_discriminator_a,grad_norm_discriminator_b,grad_norm_generator,loss_cycle_a,loss_cycle_b,loss_discriminator_a,loss_discriminator_b,loss_gan_a_to_b,loss_gan_b_to_a,loss_generator_total,loss_identity_a,loss_identity_b
1,0.0002,313.74947921199964,14.810079250257102,13.830433766860182,39.53446990802024,2.2272113033843737,2.399329361860709,0.21214329034860718,0.23242686121690406,0.45187250490989256,0.4916372586853652,6.68307897867754,0.5497176908369463,0.5633108531354876
2,0.0002,310.3662021580003,11.071909374186653,11.832453012093795,28.333617924492142,1.7819891150074272,1.849283447401806,0.18628969667286197,0.18658107342518723,0.458367125370703,0.43436827852688975,5.410395236406925,0.444028271586084,0.44235899789101635
3,0.0002,309.0314316549993,7.951718298133445,9.714911494108723,25.15778498041186,1.5827677772274815,1.6717929162061766,0.18287989976369934,0.18636995792266117,0.43169997958453177,0.40679080829338726,4.892394923323696,0.40085047480480074,0.3984929747703774
4,0.0002,308.5755685670001,6.805383810030869,7.4722058348237,23.911499728056206,1.4467606061763065,1.5628608297170241,0.1793812416249351,0.18150476301652646,0.4204071061513655,0.4068874606741452,4.584912070905529,0.3740512652978466,0.3739448078241359
5,0.0002,309.43477291399995,6.600383405185417,6.752366728354462,22.469776259799275,1.3561336912699604,1.4963552944190668,0.1689361616811374,0.1737032197040018,0.42084228834833365,0.4169984381528411,4.4025662596437805,0.35446940232878144,0.35776714513114855
6,0.0002,311.1442134560002,5.967745942871622,6.4547830618183255,21.091719349869003,1.2834995864941066,1.4378722301766629,0.11781748200989847,0.16570782739776005,0.4289954872894529,0.5489582854017941,4.384008988632198,0.3394634188551156,0.34521998191513303
7,0.0002,315.6680180860003,5.54611688598241,6.482400593177674,20.470048008740168,1.2333975380948743,1.3791483840199823,0.08309778834990342,0.15238221383405598,0.47050749437693473,0.6536511507803116,4.397003246390301,0.3273265689916318,0.3329721090298344
8,0.0002,311.26349325499996,5.117140977787138,6.526803449325583,19.01098018520493,1.1857231142982294,1.3181990138947133,0.1473142813597934,0.14906798102518448,0.476811204686799,0.560319199408615,4.177772191682639,0.3133164510092772,0.3234032095494884
9,0.0002,309.66775147000044,5.954607584456823,5.152635773497233,21.077211221736682,1.1284932916257218,1.3033455270499998,0.09614138747849953,0.20473637294397923,0.4213943226264515,0.6211861450575519,4.095436449246028,0.3070964206430376,0.3139207428678527
10,0.0002,313.54599400999905,6.544270923951364,6.374741086671216,20.130337271781155,1.1090561713844445,1.2816005889818594,0.1145625960427985,0.151108210703131,0.47512659345178926,0.5403319911051538,4.018838404796109,0.30332565121723193,0.30939740949300043
11,0.0002,315.3881543160005,6.419848784156468,6.48548842042168,29.997093551366902,1.0871331583169686,1.2560160150748825,0.106117923133992,0.1427966911641076,0.49887905644084046,0.5611988161575409,3.998972471141788,0.2940659829841212,0.3016794407255916
12,0.0002,317.3331292419989,6.27706747971058,6.546760107075907,29.40518836915476,1.0711895305008061,1.2424563978774603,0.10027992515235877,0.13210257225778166,0.516208497804737,0.5748028511048616,3.9859367825491043,0.2849067780410203,0.2963727283974065
13,0.0002,316.8261372050001,6.1196926978542985,6.5753673076561885,19.630369912971656,1.0469284709558868,1.2198797071071537,0.09664853101606292,0.1282607198463402,0.5317494219005463,0.5986869383151303,3.965161029707813,0.27799634842938337,0.2899201427075327
14,0.0002,315.4438105420013,5.581691146134043,6.597742562471516,18.39084837456324,1.0658449681010493,1.2160381349388527,0.2171916284183695,0.12363829214467807,0.5442901651530349,0.5400494509044443,3.9378180325657985,0.28552204162585326,0.28607326951783024
15,0.0002,309.6044075329992,4.980014427408097,6.518510435751535,17.142501604899184,1.0162462246760147,1.1709850865285754,0.14437411517978274,0.11900392569427921,0.5500379534510768,0.45599678515939085,3.7352187052203973,0.2635081517032413,0.2784445039646366
16,0.0002,315.6457539109997,5.848961372916148,6.377542429872791,19.288387228122115,0.9999333565700593,1.1754712579297084,0.09125010138226694,0.11425420142441318,0.5624158412353597,0.613901731938454,3.8890305202974114,0.26084551481521073,0.2764628139848769
17,0.0002,313.89588497799923,4.85676109187811,6.270408321660024,16.44863260412257,1.029205798865652,1.1607455491477638,0.2394490208504306,0.10802436562884375,0.5922411014888309,0.4143885003001082,3.732495008933676,0.2643958637874619,0.27151819753626527
18,0.0002,309.2139511330006,5.318277806102908,6.003394713656541,19.98479361248206,0.9752768722065608,1.138148903762051,0.14992589348015137,0.09748335555037015,0.6298468658262846,0.4959887475914391,3.7584295492342976,0.25006166499814175,0.26910648852984786
19,0.0002,312.276556959001,6.330242556989041,5.849037305405615,20.06945875633437,0.9616153258666222,1.1393290210613713,0.10626803141306429,0.08866951120612414,0.6569645488192731,0.5809353872896528,3.853275967104999,0.24699845225355713,0.26743322833377414
20,0.0002,309.06818985000064,6.140545248138393,5.632450572229577,20.57475253579697,0.9485373113534098,1.1352173427554415,0.10322419434053276,0.08177970472641732,0.6791859982526245,0.5898071792083611,3.8600139794752115,0.24170007855631676,0.2655660684058259
21,0.0001951219512195122,311.1724701530002,6.082233699657389,5.537689054916785,21.60955543577688,0.9295607401959495,1.1230460715822348,0.0980771091131747,0.07608096085596776,0.7016716470757172,0.6060473222479237,3.858140571512394,0.2362505155942358,0.2615642773834912
22,0.0001902439024390244,311.1279483599992,5.947548369481909,5.4744032078353,21.933592935352376,0.9154403389059166,1.1098848040993494,0.09418415602187553,0.07280359649144136,0.7133673782137248,0.6177199351182883,3.8462060774954656,0.2315839954349391,0.2582096300551281
23,0.0001853658536585366,311.7841901639986,5.715387287990855,5.378004595582273,23.01948791351058,0.9084311680347955,1.0970359398377623,0.08730385878180773,0.06969751965738336,0.7293692995206847,0.6406889884973764,3.8583263953188056,0.22840781443394798,0.2543931892117881
24,0.0001804878048780488,312.14777079000123,5.861946973755943,5.288695616930783,23.802379444194944,0.8971697287350834,1.087332906574646,0.09288004347242036,0.06683702539820907,0.7309511816782788,0.6206412026767163,3.8118298458219693,0.2230947974748522,0.2526400272109082
25,0.000175609756097561,311.8283222560003,6.056005493555939,5.321285327919236,25.23033055530146,0.8899130480267101,1.0799617698565909,0.09563327688934468,0.06637241142878955,0.7392085645348893,0.610488117137105,3.7908890638950368,0.2211965374875116,0.2501210253066419
26,0.0001707317073170732,311.5781494369985,5.985699920804706,5.439968912904321,25.892368935359816,0.8820380994663146,1.0685321988623127,0.09312976872308683,0.06705193899881014,0.7359910547589334,0.612667427093646,3.7643763382145545,0.21793610106547065,0.24721145628612468
27,0.00016585365853658536,311.5390080270008,6.0115159655809745,6.074545081077092,25.943360567702662,0.8969339837097045,1.1037509200772158,0.0910911722408841,0.2693960657838174,0.6478711067232837,0.6243021757121993,3.751265728666756,0.21377976192995105,0.2646277915283034
28,0.00016097560975609758,313.30271457100025,5.884505485804049,5.061498052832009,27.053334297121637,0.8481064451184589,1.0474531444747124,0.08725339845489816,0.07087097141249134,0.6639981150169811,0.6392995505534169,3.6499830746928477,0.2084242106563803,0.2427016036475406
29,0.00015609756097560978,312.6435042390003,5.888754681553072,5.7822570868533045,27.947347674325094,0.8541720750894896,1.0345919105047257,0.08597056432006524,0.06950774084449526,0.719279783122341,0.648574223236397,3.703919320256915,0.20560010560290926,0.24170122191237942
30,0.00015121951219512197,311.05170107400045,5.735366979218505,5.812051885471523,28.597368734131553,0.8435855412489991,1.0290804916432243,0.08106442324978091,0.07043955880173586,0.7253018423224687,0.6535198739215067,3.6915163644913687,0.20102840978953945,0.23900020403486316
31,0.00014634146341463414,309.96008691799943,5.675605810545628,5.830869005667482,29.38074099038534,0.8442711893995231,1.0164190186597841,0.07882541164853214,0.07014270215690915,0.7285452011160702,0.6675068750642992,3.69458288230419,0.20114342797188706,0.23669717250204994
32,0.00014146341463414634,309.3614543120002,5.700839075319941,5.768669311923715,30.443375368760574,0.8331491423960808,1.0071207908159225,0.07839183303712528,0.06767507907268878,0.7345268181073933,0.6703963311959157,3.676518915525449,0.19670392537521822,0.2346219068166037
33,0.00013658536585365853,311.8095935500005,5.663664641587631,5.760874972623937,30.70937113316095,0.8258226111247547,1.0030564269361661,0.07601759057734442,0.06665543878345657,0.7369811761130254,0.6809676684382017,3.6736234510171886,0.19384559129586304,0.23294997697367387
34,0.00013170731707317073,313.06207913099934,5.63868199772847,5.830076927453085,31.974473944032827,0.8240682716547816,0.9940239018542281,0.07467635429900168,0.06644208710952962,0.7422914599179883,0.6849681369560149,3.6702921872926253,0.19290074665849946,0.23203966905487028
35,0.00012682926829268293,310.9333710030005,5.56756237715813,5.844202379504196,32.84438439803084,0.8129943371428858,0.9857958076555101,0.07185527659702806,0.065861608728271,0.7412478398721168,0.6946526479487326,3.6528530670994215,0.18890059492692382,0.2292618461590526
36,0.00012195121951219512,312.3039787719972,5.552384177606599,5.763289572739337,33.316062619652925,0.8122529857163403,0.9758107887814417,0.07089468820428656,0.06306362005639277,0.750421374396832,0.6995439014230035,3.6531946457187776,0.1873959356108556,0.22776966226112777
37,0.00011707317073170733,312.68175596799847,5.485249792201575,5.792345575020712,33.39958539595825,0.8053900204147931,0.9730464455315118,0.0689026567276168,0.06247887987792746,0.7537114922847555,0.70590961274182,3.6506855554897766,0.18609704197926696,0.22653094561398454
38,0.00011219512195121953,318.2659490040023,5.4753839395438515,5.713293766189482,33.83495551058093,0.8029734185047535,0.9600180727949736,0.0666935589994455,0.061242958958996195,0.7545413475385204,0.7217089435840981,3.647643975352455,0.18389639871326757,0.22450579586617478
39,0.00010731707317073172,318.90506382199965,5.4108031536916945,5.755646659657846,35.04836128502618,0.7978155161464509,0.953970646910723,0.06500730401952519,0.06067770236531978,0.7615244099745936,0.7239879974378175,3.642823724998741,0.18211647358324148,0.22340868279215084
40,0.0001024390243902439,317.54381588100296,5.349843743512087,5.779345423601405,35.91669558882544,0.7916021237542054,0.9508220756568838,0.06347235174107006,0.059594096640788144,0.7683549398182129,0.7354216733907698,3.647179521529232,0.17877366755006327,0.2222050404063373
41,9.75609756097561e-05,318.02472095900157,5.327876952382847,5.816447220494985,35.97571871178365,0.7891416729987091,0.9408275782892602,0.062089698557493425,0.059248618802209746,0.7677832724747247,0.7396642934254674,3.636547305496554,0.17798635194834472,0.22114413681737263
42,9.268292682926829e-05,316.5937833809985,5.289750566940546,5.778614420787825,36.08798952853351,0.7941669777869907,0.9355558676623458,0.060799253497375416,0.05779925444536282,0.7742812688478051,0.7444138727038379,3.646908098474488,0.17907976896908853,0.21941034098423892
43,8.780487804878048e-05,317.3296388009985,5.241951200866537,5.848197265489768,38.06889757171007,0.7778777302869784,0.926485911812014,0.05861708246865931,0.057148407296227034,0.778308957925267,0.7530565290974094,3.6267947935861566,0.1733458962955235,0.21771976586328579
44,8.292682926829269e-05,321.383460361998,5.15847924782763,5.808675260291786,37.38521923386058,0.7812578956590995,0.9198601363683566,0.056651920250093746,0.056248773397514176,0.7836203514496418,0.7590832263358313,3.6337874836798383,0.17326417335836547,0.21670170433863756
45,7.804878048780489e-05,317.3138039309997,5.096624369884154,5.852027452307081,37.523303517566276,0.7761472489353471,0.9146121677586083,0.05510794213578914,0.05581317203393051,0.7867640479573407,0.7662929710160605,3.6308728513747464,0.171580706944551,0.21547570891739734
46,7.317073170731707e-05,318.3131586829986,5.152408597414451,5.811873517479535,38.459916664951734,0.7765153577277591,0.9082239088804825,0.05434337381033201,0.054486636178788725,0.7920163094184385,0.7716370666609734,3.6334722634911976,0.17051570194117824,0.21456391752850235
47,6.829268292682927e-05,318.47602496000036,5.093886932702727,5.743303426933343,38.86893453080399,0.7652360050727034,0.899542779899111,0.05327939321256541,0.05313209882448024,0.7996134051090278,0.77692996926286,3.6218358008283618,0.1676100015398893,0.21290363527413084
48,6.341463414634146e-05,333.5389735200006,5.109749503994774,5.859043280961128,38.43923308748384,0.7680215183629607,0.8938480160323758,0.05246720626435774,0.05263631889328221,0.7960026586181096,0.7875658204759445,3.624606682787432,0.16779139909801175,0.21137727042445748
49,5.8536585365853666e-05,333.2141008340004,5.032156089941661,5.913590621934691,40.422959387590346,0.7610891747877794,0.8904433943528145,0.050264014684893964,0.05205152965404578,0.8031933881674819,0.792524923203377,3.624075991282852,0.16526188653329787,0.21156322312231393
50,5.365853658536586e-05,329.1505228549977,4.929231781382288,5.9480289971499865,41.2245806439013,0.7547643113353097,0.8782083990306941,0.04903137285932454,0.05085549872653344,0.8082090387140427,0.8036676562113598,3.6176008558232664,0.16291859031621284,0.20983285760085127
51,4.878048780487805e-05,336.67816817999847,4.9536891295239815,5.965049850632433,40.74298724195909,0.7591295473258514,0.8744697394815485,0.04800026430995856,0.05008878860740151,0.8119560036597586,0.8095136844203973,3.6282734141223774,0.16404072404475198,0.20916371465228978
52,4.390243902439024e-05,331.56737102899933,4.908540436035193,5.862981855581348,40.402483212199186,0.7546153682627844,0.8690055449702042,0.046863764249218155,0.048940440965379695,0.8153043377379119,0.8148326859636109,3.6235870459974744,0.1619315704150307,0.20789753914548442
53,3.902439024390243e-05,336.0939027690001,4.8657230971278915,6.007109585456057,39.831329447059815,0.7545649308852087,0.8622058408271863,0.04561206974823829,0.04857750971354047,0.8229531329119872,0.8215911255603692,3.630267386681724,0.16151199669162467,0.20744036200939847
54,3.414634146341465e-05,319.3756978040001,4.767043634177813,6.048471291521186,38.780987302428386,0.7499509061998724,0.85508009388251,0.043917238439715664,0.047512519756360096,0.8274359246247464,0.8320768148968862,3.6306045410408827,0.159736994517378,0.20632380305975465
55,2.9268292682926833e-05,319.97807380000086,4.758268602380837,6.039132222241046,39.18594991473116,0.7478933726125361,0.8494397799089302,0.04373108242453415,0.04683609927376416,0.830985236892852,0.8367341953216205,3.629247065530849,0.15868411100522195,0.20551036774019654
56,2.4390243902439026e-05,317.73396611000135,4.606299275513839,6.059271714402112,37.982966023299056,0.7480221032232478,0.8434135469651147,0.04226849005938965,0.045968358246405785,0.834243879505571,0.8449860031664388,3.6337151433229784,0.15805027774702118,0.20499933122927982
57,1.9512195121951215e-05,317.55743800500204,4.580188108052879,6.064538179794879,37.30845164520966,0.7438217492969444,0.8354803190867512,0.04142282800031728,0.045017785726961475,0.8388946679004996,0.8517756815761557,3.630871242811545,0.15685076338513462,0.20404805994001632
58,1.4634146341463406e-05,319.36472508099905,4.390158759206153,6.059134175100595,35.908902388602776,0.7417868137122487,0.8336968499850603,0.039999681329881305,0.04405294747138674,0.8433636809553942,0.8580011747106295,3.6365908291164395,0.15588947327960517,0.2038528355779076
59,9.75609756097562e-06,319.27858439600095,4.283775367496975,6.07343337465735,34.555193501868416,0.7399566387987909,0.8285534949372457,0.039414153871811665,0.04338255604720058,0.8440941594547424,0.8639172372254976,3.6344582582610885,0.1550314206186429,0.20290530894537073
60,4.87804878048781e-06,319.0274084189987,4.104792413961552,5.933052219698191,32.47916625527775,0.7436256217631334,0.8226677577463054,0.03815764132394866,0.04253654417791728,0.8480982901732262,0.867926573670361,3.640399483870159,0.15558200966409066,0.2024992303597246
