run_id,filename,checkpoint_type,epoch,bytes,sha256,evaluated_final_checkpoint,git_storage,relative_path
cyclegan_baseline_rtx4090_run001,epoch_0005.pt,epoch_checkpoint,5,418275436,029b8f2586083dcf400a9332dcded7e07824d601555d6391c17c9d617561cbc4,False,local_only_binary_ignored,task3_gan/Anshika_Goel/checkpoints/cyclegan_baseline_rtx4090_run001/epoch_0005.pt
cyclegan_baseline_rtx4090_run001,epoch_0010.pt,epoch_checkpoint,10,418275436,dd324eccf17641e9dd899541fc3dcf4ccbfa39ac5d862bdbec5aa6e87de43e03,False,local_only_binary_ignored,task3_gan/Anshika_Goel/checkpoints/cyclegan_baseline_rtx4090_run001/epoch_0010.pt
cyclegan_baseline_rtx4090_run001,epoch_0015.pt,epoch_checkpoint,15,418275564,966dada43adbd16a9322485a9482abafbdef4114bd5e1be29868ce90dcaf8385,False,local_only_binary_ignored,task3_gan/Anshika_Goel/checkpoints/cyclegan_baseline_rtx4090_run001/epoch_0015.pt
cyclegan_baseline_rtx4090_run001,epoch_0020.pt,epoch_checkpoint,20,418275436,4671e5055ccf644999e9cf3be7d4b74237278fa3780094be99bd71282c9f976a,False,local_only_binary_ignored,task3_gan/Anshika_Goel/checkpoints/cyclegan_baseline_rtx4090_run001/epoch_0020.pt
cyclegan_baseline_rtx4090_run001,epoch_0025.pt,epoch_checkpoint,25,418275500,d196f1777c2ef6ea8e3cfbe5c72c3281d54ad59e168d692f4ba0111f2873a211,False,local_only_binary_ignored,task3_gan/Anshika_Goel/checkpoints/cyclegan_baseline_rtx4090_run001/epoch_0025.pt
cyclegan_baseline_rtx4090_run001,epoch_0030.pt,epoch_checkpoint,30,418275500,b442a7e23c58eae0b6ac1abdc4db9c7af3972bb46324876dc5884323b80e82ed,False,local_only_binary_ignored,task3_gan/Anshika_Goel/checkpoints/cyclegan_baseline_rtx4090_run001/epoch_0030.pt
cyclegan_baseline_rtx4090_run001,epoch_0035.pt,epoch_checkpoint,35,418275436,31daffc150865bacbcd56fd85437a7cac9091cb57ae45976846e824f3e4ec643,False,local_only_binary_ignored,task3_gan/Anshika_Goel/checkpoints/cyclegan_baseline_rtx4090_run001/epoch_0035.pt
cyclegan_baseline_rtx4090_run001,epoch_0040.pt,epoch_checkpoint,40,418275564,910b0451debc0127f304b7b6fa3630bb31fc0f536cecb58cd1de92e974e798ea,False,local_only_binary_ignored,task3_gan/Anshika_Goel/checkpoints/cyclegan_baseline_rtx4090_run001/epoch_0040.pt
cyclegan_baseline_rtx4090_run001,epoch_0045.pt,epoch_checkpoint,45,418275500,d19c8aec7a7bc698065f49c02a4835d260a70167faf1490f42a35e6cd38be969,False,local_only_binary_ignored,task3_gan/Anshika_Goel/checkpoints/cyclegan_baseline_rtx4090_run001/epoch_0045.pt
cyclegan_baseline_rtx4090_run001,epoch_0050.pt,epoch_checkpoint,50,418275500,a66c5beafb3037167df5d34b72c39dea0b3b1d282f564dd7680cecc7585f592b,True,local_only_binary_ignored,task3_gan/Anshika_Goel/checkpoints/cyclegan_baseline_rtx4090_run001/epoch_0050.pt
cyclegan_baseline_rtx4090_run001,latest.pt,latest_pointer_checkpoint,,418273156,81e1b78405f197cf621203d5b7e107672d38be393bbfa8a5924ef9b441d793ab,False,local_only_binary_ignored,task3_gan/Anshika_Goel/checkpoints/cyclegan_baseline_rtx4090_run001/latest.pt
