audit_id,direction,rater1_style,rater2_style,mean_style,rater1_content,rater2_content,mean_content,rater1_artifact_free,rater2_artifact_free,mean_artifact_free,rater1_comment,rater2_comment
AUDIT_001,A2B_monet_to_photo,3,2,2.5,3,1,2.0,2,1,1.5,,
AUDIT_002,A2B_monet_to_photo,4,1,2.5,4,1,2.5,4,1,2.5,,
AUDIT_003,B2A_photo_to_monet,5,5,5.0,5,5,5.0,5,5,5.0,,
AUDIT_004,B2A_photo_to_monet,5,2,3.5,5,4,4.5,5,4,4.5,,
AUDIT_005,B2A_photo_to_monet,4,3,3.5,4,3,3.5,4,4,4.0,,
AUDIT_006,B2A_photo_to_monet,3,3,3.0,4,3,3.5,3,3,3.0,,
AUDIT_007,A2B_monet_to_photo,4,2,3.0,5,5,5.0,4,4,4.0,,
AUDIT_008,A2B_monet_to_photo,4,3,3.5,4,4,4.0,5,4,4.5,,
AUDIT_009,B2A_photo_to_monet,3,5,4.0,3,1,2.0,2,3,2.5,,
AUDIT_010,B2A_photo_to_monet,4,5,4.5,5,5,5.0,5,5,5.0,,
AUDIT_011,B2A_photo_to_monet,5,3,4.0,5,3,4.0,5,5,5.0,,
AUDIT_012,B2A_photo_to_monet,3,4,3.5,4,2,3.0,3,3,3.0,,
AUDIT_013,A2B_monet_to_photo,4,1,2.5,4,5,4.5,4,5,4.5,,
AUDIT_014,A2B_monet_to_photo,3,2,2.5,3,4,3.5,3,3,3.0,,
AUDIT_015,A2B_monet_to_photo,3,2,2.5,4,5,4.5,3,3,3.0,,
AUDIT_016,B2A_photo_to_monet,3,5,4.0,3,3,3.0,3,3,3.0,,
AUDIT_017,A2B_monet_to_photo,2,1,1.5,3,1,2.0,2,1,1.5,,
AUDIT_018,A2B_monet_to_photo,2,2,2.0,2,3,2.5,2,3,2.5,,
AUDIT_019,B2A_photo_to_monet,3,2,2.5,5,4,4.5,4,4,4.0,,
AUDIT_020,A2B_monet_to_photo,3,2,2.5,4,5,4.5,3,5,4.0,,
AUDIT_021,A2B_monet_to_photo,3,1,2.0,3,5,4.0,3,2,2.5,,
AUDIT_022,B2A_photo_to_monet,2,3,2.5,2,3,2.5,2,5,3.5,,
AUDIT_023,B2A_photo_to_monet,5,5,5.0,5,3,4.0,5,3,4.0,,
AUDIT_024,B2A_photo_to_monet,4,4,4.0,4,4,4.0,4,4,4.0,,
AUDIT_025,B2A_photo_to_monet,3,5,4.0,2,3,2.5,2,4,3.0,,
AUDIT_026,A2B_monet_to_photo,3,5,4.0,2,4,3.0,2,5,3.5,,
AUDIT_027,A2B_monet_to_photo,4,1,2.5,3,1,2.0,4,1,2.5,,
AUDIT_028,A2B_monet_to_photo,2,3,2.5,2,3,2.5,2,3,2.5,,
AUDIT_029,B2A_photo_to_monet,3,5,4.0,3,3,3.0,4,5,4.5,,
AUDIT_030,A2B_monet_to_photo,4,2,3.0,4,4,4.0,4,3,3.5,,
