epoch,direction,source_file,lpips_alex
75,A2B2A_monet_to_photo_to_monet,000c1e3bff.jpg,0.18444499373435974
75,A2B2A_monet_to_photo_to_monet,011835cfbf.jpg,0.21515525877475739
75,A2B2A_monet_to_photo_to_monet,0260d15306.jpg,0.20784613490104675
75,A2B2A_monet_to_photo_to_monet,049e293b93.jpg,0.23118707537651062
75,A2B2A_monet_to_photo_to_monet,05144e306f.jpg,0.2056337147951126
75,A2B2A_monet_to_photo_to_monet,052a77c020.jpg,0.17292305827140808
75,A2B2A_monet_to_photo_to_monet,058f878b7c.jpg,0.2115219533443451
75,A2B2A_monet_to_photo_to_monet,05b493ff42.jpg,0.13159498572349548
75,A2B2A_monet_to_photo_to_monet,064487d630.jpg,0.13933993875980377
75,A2B2A_monet_to_photo_to_monet,066fe4cbaa.jpg,0.1487077921628952
75,A2B2A_monet_to_photo_to_monet,07fcaee35f.jpg,0.13206861913204193
75,A2B2A_monet_to_photo_to_monet,09b76b6471.jpg,0.27942490577697754
75,A2B2A_monet_to_photo_to_monet,0a5075d42a.jpg,0.18467476963996887
75,A2B2A_monet_to_photo_to_monet,0bd913dbc7.jpg,0.19044458866119385
75,A2B2A_monet_to_photo_to_monet,0e3b3292da.jpg,0.1500196009874344
75,A2B2A_monet_to_photo_to_monet,106757e5d8.jpg,0.169459730386734
75,A2B2A_monet_to_photo_to_monet,1078363ff0.jpg,0.22699947655200958
75,A2B2A_monet_to_photo_to_monet,10c555c1b1.jpg,0.10257281363010406
75,A2B2A_monet_to_photo_to_monet,118da0690c.jpg,0.21943682432174683
75,A2B2A_monet_to_photo_to_monet,11ab570c5e.jpg,0.17046886682510376
75,A2B2A_monet_to_photo_to_monet,11be65b3e9.jpg,0.17808109521865845
75,A2B2A_monet_to_photo_to_monet,133b42e498.jpg,0.12493321299552917
75,A2B2A_monet_to_photo_to_monet,14162de938.jpg,0.3070151209831238
75,A2B2A_monet_to_photo_to_monet,14ff6e6a99.jpg,0.18325449526309967
75,A2B2A_monet_to_photo_to_monet,158740962c.jpg,0.15717869997024536
75,A2B2A_monet_to_photo_to_monet,16dabe418c.jpg,0.24448642134666443
75,A2B2A_monet_to_photo_to_monet,17557a29cb.jpg,0.22160258889198303
75,A2B2A_monet_to_photo_to_monet,1814cc6632.jpg,0.3035145699977875
75,A2B2A_monet_to_photo_to_monet,184d6c66cd.jpg,0.123972088098526
75,A2B2A_monet_to_photo_to_monet,1994b8d4a2.jpg,0.13403642177581787
75,A2B2A_monet_to_photo_to_monet,19dc36ccb2.jpg,0.18310925364494324
75,A2B2A_monet_to_photo_to_monet,1a127acf4d.jpg,0.1461738646030426
75,A2B2A_monet_to_photo_to_monet,1e4e4e63c5.jpg,0.346708744764328
75,A2B2A_monet_to_photo_to_monet,1f22663e72.jpg,0.10959412157535553
75,A2B2A_monet_to_photo_to_monet,1f9667f2a7.jpg,0.16365784406661987
75,A2B2A_monet_to_photo_to_monet,22b1ac6b44.jpg,0.12952859699726105
75,A2B2A_monet_to_photo_to_monet,23832dead5.jpg,0.15975120663642883
75,A2B2A_monet_to_photo_to_monet,23b07c3769.jpg,0.3141474723815918
75,A2B2A_monet_to_photo_to_monet,23d6aeb485.jpg,0.26601871848106384
75,A2B2A_monet_to_photo_to_monet,23f0fbd77e.jpg,0.09214118868112564
75,A2B2A_monet_to_photo_to_monet,24af733334.jpg,0.24539214372634888
75,A2B2A_monet_to_photo_to_monet,252d9a4abc.jpg,0.1932108998298645
75,A2B2A_monet_to_photo_to_monet,2581464ddc.jpg,0.1323995441198349
75,A2B2A_monet_to_photo_to_monet,25c9904782.jpg,0.20873340964317322
75,A2B2A_monet_to_photo_to_monet,26b66eb819.jpg,0.14269573986530304
75,A2B2A_monet_to_photo_to_monet,2759c1ed37.jpg,0.25471702218055725
75,A2B2A_monet_to_photo_to_monet,281b73fb5e.jpg,0.18196704983711243
75,A2B2A_monet_to_photo_to_monet,28deb43a71.jpg,0.10164158046245575
75,A2B2A_monet_to_photo_to_monet,295eb5c521.jpg,0.27684053778648376
75,A2B2A_monet_to_photo_to_monet,29696b4455.jpg,0.17959190905094147
75,A2B2A_monet_to_photo_to_monet,2acfbab228.jpg,0.13781863451004028
75,A2B2A_monet_to_photo_to_monet,2c00f5147f.jpg,0.1402871459722519
75,A2B2A_monet_to_photo_to_monet,2cca56415e.jpg,0.22656378149986267
75,A2B2A_monet_to_photo_to_monet,2e0d0e6e19.jpg,0.20228901505470276
75,A2B2A_monet_to_photo_to_monet,2f20944b6a.jpg,0.25396090745925903
75,A2B2A_monet_to_photo_to_monet,2f90c99e10.jpg,0.2577676475048065
75,A2B2A_monet_to_photo_to_monet,3283442e33.jpg,0.20348528027534485
75,A2B2A_monet_to_photo_to_monet,32cc820303.jpg,0.16268005967140198
75,A2B2A_monet_to_photo_to_monet,32e33792cc.jpg,0.1042400375008583
75,A2B2A_monet_to_photo_to_monet,3417ace946.jpg,0.18062257766723633
75,A2B2A_monet_to_photo_to_monet,344d1829bb.jpg,0.3026845455169678
75,A2B2A_monet_to_photo_to_monet,3545597386.jpg,0.1751590073108673
75,A2B2A_monet_to_photo_to_monet,369f6d07e8.jpg,0.24353255331516266
75,A2B2A_monet_to_photo_to_monet,3843e221cc.jpg,0.27416813373565674
75,A2B2A_monet_to_photo_to_monet,3b262c6726.jpg,0.14735642075538635
75,A2B2A_monet_to_photo_to_monet,3c341ff93e.jpg,0.18251946568489075
75,A2B2A_monet_to_photo_to_monet,3d13fe022e.jpg,0.18820437788963318
75,A2B2A_monet_to_photo_to_monet,3deea9f4a4.jpg,0.17354154586791992
75,A2B2A_monet_to_photo_to_monet,3eaef3ee43.jpg,0.1820695698261261
75,A2B2A_monet_to_photo_to_monet,40d7d18ad3.jpg,0.21110883355140686
75,A2B2A_monet_to_photo_to_monet,417e77e946.jpg,0.2026970535516739
75,A2B2A_monet_to_photo_to_monet,4260d1c556.jpg,0.19178767502307892
75,A2B2A_monet_to_photo_to_monet,429e382095.jpg,0.14506042003631592
75,A2B2A_monet_to_photo_to_monet,463835bbc6.jpg,0.20934924483299255
75,A2B2A_monet_to_photo_to_monet,4660310c3e.jpg,0.19999870657920837
75,A2B2A_monet_to_photo_to_monet,47a0548067.jpg,0.16621845960617065
75,A2B2A_monet_to_photo_to_monet,488600cb75.jpg,0.18422318994998932
75,A2B2A_monet_to_photo_to_monet,49337b68f4.jpg,0.18406732380390167
75,A2B2A_monet_to_photo_to_monet,4995c04b1a.jpg,0.06774816662073135
75,A2B2A_monet_to_photo_to_monet,4ab2583fe2.jpg,0.17104589939117432
75,A2B2A_monet_to_photo_to_monet,4ad8b366c1.jpg,0.2156773954629898
75,A2B2A_monet_to_photo_to_monet,4b0adf7c6f.jpg,0.13284188508987427
75,A2B2A_monet_to_photo_to_monet,4bb4ca7b03.jpg,0.20076653361320496
75,A2B2A_monet_to_photo_to_monet,4c0e35882c.jpg,0.19660702347755432
75,A2B2A_monet_to_photo_to_monet,4c74254ad3.jpg,0.2116069346666336
75,A2B2A_monet_to_photo_to_monet,4e05523825.jpg,0.1289009153842926
75,A2B2A_monet_to_photo_to_monet,4f045779b0.jpg,0.13659876585006714
75,A2B2A_monet_to_photo_to_monet,4f3f4ff590.jpg,0.15427669882774353
75,A2B2A_monet_to_photo_to_monet,4f4de0bbba.jpg,0.11323706805706024
75,A2B2A_monet_to_photo_to_monet,4f7e01f097.jpg,0.4726393222808838
75,A2B2A_monet_to_photo_to_monet,50855dd324.jpg,0.11504755914211273
75,A2B2A_monet_to_photo_to_monet,512cd171a9.jpg,0.18288208544254303
75,A2B2A_monet_to_photo_to_monet,5185e8c56a.jpg,0.10647784173488617
75,A2B2A_monet_to_photo_to_monet,51bdd25f76.jpg,0.1510838270187378
75,A2B2A_monet_to_photo_to_monet,51db3fc011.jpg,0.16256366670131683
75,A2B2A_monet_to_photo_to_monet,526a110636.jpg,0.22932866215705872
75,A2B2A_monet_to_photo_to_monet,52aed0f943.jpg,0.18831221759319305
75,A2B2A_monet_to_photo_to_monet,52d12dc627.jpg,0.13462837040424347
75,A2B2A_monet_to_photo_to_monet,52fc351abf.jpg,0.1438632309436798
75,A2B2A_monet_to_photo_to_monet,536aa87152.jpg,0.21201887726783752
75,A2B2A_monet_to_photo_to_monet,565f19268b.jpg,0.20639124512672424
75,A2B2A_monet_to_photo_to_monet,586acab7c5.jpg,0.2816099226474762
75,A2B2A_monet_to_photo_to_monet,5926f85cbf.jpg,0.2560654282569885
75,A2B2A_monet_to_photo_to_monet,593db29cce.jpg,0.10690674185752869
75,A2B2A_monet_to_photo_to_monet,599098859e.jpg,0.18933916091918945
75,A2B2A_monet_to_photo_to_monet,59df696966.jpg,0.18512603640556335
75,A2B2A_monet_to_photo_to_monet,5aa514ffac.jpg,0.1319749355316162
75,A2B2A_monet_to_photo_to_monet,5c79cfe0b3.jpg,0.20757420361042023
75,A2B2A_monet_to_photo_to_monet,5cb895b722.jpg,0.20785146951675415
75,A2B2A_monet_to_photo_to_monet,5e357ad790.jpg,0.2518121302127838
75,A2B2A_monet_to_photo_to_monet,5ffbfe68d4.jpg,0.16446295380592346
75,A2B2A_monet_to_photo_to_monet,6043aadea0.jpg,0.1354663074016571
75,A2B2A_monet_to_photo_to_monet,608ee0d370.jpg,0.1547856479883194
75,A2B2A_monet_to_photo_to_monet,61e735361a.jpg,0.21076969802379608
75,A2B2A_monet_to_photo_to_monet,632ddbc784.jpg,0.1529846489429474
75,A2B2A_monet_to_photo_to_monet,661e374153.jpg,0.15074312686920166
75,A2B2A_monet_to_photo_to_monet,66226e18fc.jpg,0.13139815628528595
75,A2B2A_monet_to_photo_to_monet,66a144f547.jpg,0.18199414014816284
75,A2B2A_monet_to_photo_to_monet,6742294320.jpg,0.17633885145187378
75,A2B2A_monet_to_photo_to_monet,676a5a4c2e.jpg,0.1867518424987793
75,A2B2A_monet_to_photo_to_monet,6782e7cb2a.jpg,0.31292223930358887
75,A2B2A_monet_to_photo_to_monet,68729aac07.jpg,0.28869563341140747
75,A2B2A_monet_to_photo_to_monet,68b60c04b7.jpg,0.10612864047288895
75,A2B2A_monet_to_photo_to_monet,68d60af226.jpg,0.14000099897384644
75,A2B2A_monet_to_photo_to_monet,695897bd4a.jpg,0.23091445863246918
75,A2B2A_monet_to_photo_to_monet,69f4b75a37.jpg,0.1876937597990036
75,A2B2A_monet_to_photo_to_monet,6a03aea8be.jpg,0.1432136744260788
75,A2B2A_monet_to_photo_to_monet,6bbe0e63c6.jpg,0.14373859763145447
75,A2B2A_monet_to_photo_to_monet,6bfbd1df5b.jpg,0.1595374345779419
75,A2B2A_monet_to_photo_to_monet,6c6cc46498.jpg,0.12287424504756927
75,A2B2A_monet_to_photo_to_monet,6d0e87f557.jpg,0.4245043396949768
75,A2B2A_monet_to_photo_to_monet,6e0429f92e.jpg,0.1290804147720337
75,A2B2A_monet_to_photo_to_monet,6ee7c39dbc.jpg,0.19324082136154175
75,A2B2A_monet_to_photo_to_monet,6f0b9df5c5.jpg,0.11086425185203552
75,A2B2A_monet_to_photo_to_monet,7017e6caa1.jpg,0.2932452857494354
75,A2B2A_monet_to_photo_to_monet,7054793632.jpg,0.10549221187829971
75,A2B2A_monet_to_photo_to_monet,70bc945f95.jpg,0.2656019330024719
75,A2B2A_monet_to_photo_to_monet,718445ebe3.jpg,0.1955258548259735
75,A2B2A_monet_to_photo_to_monet,7239ba0b55.jpg,0.2418539822101593
75,A2B2A_monet_to_photo_to_monet,730f325b64.jpg,0.11093508452177048
75,A2B2A_monet_to_photo_to_monet,732d76a469.jpg,0.16645056009292603
75,A2B2A_monet_to_photo_to_monet,7341d96c1d.jpg,0.17614464461803436
75,A2B2A_monet_to_photo_to_monet,73f33a12c5.jpg,0.1226600706577301
75,A2B2A_monet_to_photo_to_monet,74e452fb31.jpg,0.10210803896188736
75,A2B2A_monet_to_photo_to_monet,76cc7181f8.jpg,0.16667568683624268
75,A2B2A_monet_to_photo_to_monet,77b37629f2.jpg,0.16414061188697815
75,A2B2A_monet_to_photo_to_monet,79224da51f.jpg,0.12477868795394897
75,A2B2A_monet_to_photo_to_monet,79292e1434.jpg,0.12087040394544601
75,A2B2A_monet_to_photo_to_monet,7952021d2f.jpg,0.1855899691581726
75,A2B2A_monet_to_photo_to_monet,7960adbd50.jpg,0.26352497935295105
75,A2B2A_monet_to_photo_to_monet,7cb36714d0.jpg,0.20383453369140625
75,A2B2A_monet_to_photo_to_monet,7d64c3100c.jpg,0.2694162130355835
75,A2B2A_monet_to_photo_to_monet,8044a92484.jpg,0.1061074435710907
75,A2B2A_monet_to_photo_to_monet,8077b7e9e7.jpg,0.24510422348976135
75,A2B2A_monet_to_photo_to_monet,8114fa2607.jpg,0.292476087808609
75,A2B2A_monet_to_photo_to_monet,815624563e.jpg,0.1024031862616539
75,A2B2A_monet_to_photo_to_monet,82991e742a.jpg,0.21702665090560913
75,A2B2A_monet_to_photo_to_monet,82b9fd68b1.jpg,0.24935755133628845
75,A2B2A_monet_to_photo_to_monet,8314acfd35.jpg,0.31965047121047974
75,A2B2A_monet_to_photo_to_monet,853f8d711f.jpg,0.2948305904865265
75,A2B2A_monet_to_photo_to_monet,85580214be.jpg,0.1875041127204895
75,A2B2A_monet_to_photo_to_monet,88402296cc.jpg,0.11822773516178131
75,A2B2A_monet_to_photo_to_monet,893db2701d.jpg,0.22161927819252014
75,A2B2A_monet_to_photo_to_monet,89964efa86.jpg,0.10516895353794098
75,A2B2A_monet_to_photo_to_monet,89d970411d.jpg,0.2279852032661438
75,A2B2A_monet_to_photo_to_monet,89fcbf2f76.jpg,0.19576910138130188
75,A2B2A_monet_to_photo_to_monet,8b54448a07.jpg,0.15366725623607635
75,A2B2A_monet_to_photo_to_monet,8b7948248f.jpg,0.1268879622220993
75,A2B2A_monet_to_photo_to_monet,8b841420b4.jpg,0.09350007772445679
75,A2B2A_monet_to_photo_to_monet,8c48e112d0.jpg,0.15852415561676025
75,A2B2A_monet_to_photo_to_monet,8c8011c291.jpg,0.24065686762332916
75,A2B2A_monet_to_photo_to_monet,8cfd45a2e2.jpg,0.3914031684398651
75,A2B2A_monet_to_photo_to_monet,8e5ff15568.jpg,0.1495904177427292
75,A2B2A_monet_to_photo_to_monet,8ee2933868.jpg,0.08214333653450012
75,A2B2A_monet_to_photo_to_monet,8f02369f42.jpg,0.08091666549444199
75,A2B2A_monet_to_photo_to_monet,910610e827.jpg,0.11201953142881393
75,A2B2A_monet_to_photo_to_monet,910729e0ce.jpg,0.21129505336284637
75,A2B2A_monet_to_photo_to_monet,92c0ba8c0d.jpg,0.12415430694818497
75,A2B2A_monet_to_photo_to_monet,93132f89ee.jpg,0.21795020997524261
75,A2B2A_monet_to_photo_to_monet,932d0dd808.jpg,0.2409117966890335
75,A2B2A_monet_to_photo_to_monet,95a53d7b0b.jpg,0.14930389821529388
75,A2B2A_monet_to_photo_to_monet,95b5f01a85.jpg,0.09878017753362656
75,A2B2A_monet_to_photo_to_monet,9843bc25c5.jpg,0.08689479529857635
75,A2B2A_monet_to_photo_to_monet,9908d1daa9.jpg,0.20593515038490295
75,A2B2A_monet_to_photo_to_monet,990ed28f62.jpg,0.12968121469020844
75,A2B2A_monet_to_photo_to_monet,9963d64ebf.jpg,0.166069895029068
75,A2B2A_monet_to_photo_to_monet,99a51d3e25.jpg,0.21537767350673676
75,A2B2A_monet_to_photo_to_monet,99d94af5dd.jpg,0.10823384672403336
75,A2B2A_monet_to_photo_to_monet,9ae6552353.jpg,0.18993982672691345
75,A2B2A_monet_to_photo_to_monet,9d58456cc3.jpg,0.2743147909641266
75,A2B2A_monet_to_photo_to_monet,9d9a4fccfb.jpg,0.1897420436143875
75,A2B2A_monet_to_photo_to_monet,9db9843ed1.jpg,0.17055606842041016
75,A2B2A_monet_to_photo_to_monet,9f409e3376.jpg,0.1171819195151329
75,A2B2A_monet_to_photo_to_monet,9fc868e864.jpg,0.12170656025409698
75,A2B2A_monet_to_photo_to_monet,a030bc32e6.jpg,0.172502338886261
75,A2B2A_monet_to_photo_to_monet,a06b54dfe9.jpg,0.13388720154762268
75,A2B2A_monet_to_photo_to_monet,a202b1b200.jpg,0.1466110646724701
75,A2B2A_monet_to_photo_to_monet,a210ceedc7.jpg,0.2001032829284668
75,A2B2A_monet_to_photo_to_monet,a4e4a61fb2.jpg,0.1989251971244812
75,A2B2A_monet_to_photo_to_monet,a59f3f5b89.jpg,0.17904114723205566
75,A2B2A_monet_to_photo_to_monet,a619072f82.jpg,0.36712849140167236
75,A2B2A_monet_to_photo_to_monet,a6291c2a1c.jpg,0.14369267225265503
75,A2B2A_monet_to_photo_to_monet,a642e9cb6f.jpg,0.2003733217716217
75,A2B2A_monet_to_photo_to_monet,a7977705be.jpg,0.17083749175071716
75,A2B2A_monet_to_photo_to_monet,a7d53885e8.jpg,0.31319642066955566
75,A2B2A_monet_to_photo_to_monet,a885da7b52.jpg,0.18863043189048767
75,A2B2A_monet_to_photo_to_monet,a8fbbe3eb1.jpg,0.11075758188962936
75,A2B2A_monet_to_photo_to_monet,a96b79a93f.jpg,0.23712298274040222
75,A2B2A_monet_to_photo_to_monet,aa76c7625a.jpg,0.18583911657333374
75,A2B2A_monet_to_photo_to_monet,ad0101d010.jpg,0.36291858553886414
75,A2B2A_monet_to_photo_to_monet,ad8ce41fc0.jpg,0.1334289312362671
75,A2B2A_monet_to_photo_to_monet,b1310da865.jpg,0.20967969298362732
75,A2B2A_monet_to_photo_to_monet,b13c0973ee.jpg,0.12512126564979553
75,A2B2A_monet_to_photo_to_monet,b1ea5d5a7d.jpg,0.18771503865718842
75,A2B2A_monet_to_photo_to_monet,b256e61a5d.jpg,0.14941184222698212
75,A2B2A_monet_to_photo_to_monet,b2ce76c750.jpg,0.22088561952114105
75,A2B2A_monet_to_photo_to_monet,b3adc75e7d.jpg,0.12159527838230133
75,A2B2A_monet_to_photo_to_monet,b44f24c048.jpg,0.2089269757270813
75,A2B2A_monet_to_photo_to_monet,b5c2fe7c4c.jpg,0.23420526087284088
75,A2B2A_monet_to_photo_to_monet,b76d52e05a.jpg,0.2710791528224945
75,A2B2A_monet_to_photo_to_monet,b99546090b.jpg,0.18042734265327454
75,A2B2A_monet_to_photo_to_monet,ba52f976af.jpg,0.17328312993049622
75,A2B2A_monet_to_photo_to_monet,baf6efabfe.jpg,0.13483744859695435
75,A2B2A_monet_to_photo_to_monet,bbc5ac4564.jpg,0.15163785219192505
75,A2B2A_monet_to_photo_to_monet,bc4b364a44.jpg,0.2107768952846527
75,A2B2A_monet_to_photo_to_monet,bf6db09354.jpg,0.13938385248184204
75,A2B2A_monet_to_photo_to_monet,c14505c1da.jpg,0.08591040968894958
75,A2B2A_monet_to_photo_to_monet,c1dc1a85a4.jpg,0.11550342291593552
75,A2B2A_monet_to_photo_to_monet,c2576267d4.jpg,0.19699648022651672
75,A2B2A_monet_to_photo_to_monet,c4622e3fb6.jpg,0.17963293194770813
75,A2B2A_monet_to_photo_to_monet,c67ba2060c.jpg,0.3196924030780792
75,A2B2A_monet_to_photo_to_monet,c68c52e8fc.jpg,0.12091805040836334
75,A2B2A_monet_to_photo_to_monet,c6c360756c.jpg,0.10705059766769409
75,A2B2A_monet_to_photo_to_monet,c6c88ce9c4.jpg,0.2572341859340668
75,A2B2A_monet_to_photo_to_monet,c78b4fa3a9.jpg,0.11028391867876053
75,A2B2A_monet_to_photo_to_monet,c7d8142152.jpg,0.11494403332471848
75,A2B2A_monet_to_photo_to_monet,cb50326950.jpg,0.13380159437656403
75,A2B2A_monet_to_photo_to_monet,cb9c553ded.jpg,0.13674406707286835
75,A2B2A_monet_to_photo_to_monet,cc2bb659f4.jpg,0.16679121553897858
75,A2B2A_monet_to_photo_to_monet,cd6623d07d.jpg,0.11343706399202347
75,A2B2A_monet_to_photo_to_monet,cdddf326e3.jpg,0.20570197701454163
75,A2B2A_monet_to_photo_to_monet,ce3e0daddd.jpg,0.23016107082366943
75,A2B2A_monet_to_photo_to_monet,ceb6cf5f31.jpg,0.16794559359550476
75,A2B2A_monet_to_photo_to_monet,cf6488d84c.jpg,0.24564453959465027
75,A2B2A_monet_to_photo_to_monet,cfc6fce7b5.jpg,0.17113575339317322
75,A2B2A_monet_to_photo_to_monet,d05cab011d.jpg,0.12460670620203018
75,A2B2A_monet_to_photo_to_monet,d087730b76.jpg,0.09774749726057053
75,A2B2A_monet_to_photo_to_monet,d14c1abdd4.jpg,0.2370038628578186
75,A2B2A_monet_to_photo_to_monet,d1d9748a64.jpg,0.3038319945335388
75,A2B2A_monet_to_photo_to_monet,d239dae42d.jpg,0.3378515839576721
75,A2B2A_monet_to_photo_to_monet,d4116437bb.jpg,0.17991825938224792
75,A2B2A_monet_to_photo_to_monet,d50049fbfc.jpg,0.11156405508518219
75,A2B2A_monet_to_photo_to_monet,d5b0c260a0.jpg,0.2077742964029312
75,A2B2A_monet_to_photo_to_monet,d6d6e625bd.jpg,0.14017879962921143
75,A2B2A_monet_to_photo_to_monet,d729785cb8.jpg,0.16876515746116638
75,A2B2A_monet_to_photo_to_monet,d754850d01.jpg,0.19087381660938263
75,A2B2A_monet_to_photo_to_monet,d7948c7635.jpg,0.22635965049266815
75,A2B2A_monet_to_photo_to_monet,d88482796d.jpg,0.17877112329006195
75,A2B2A_monet_to_photo_to_monet,d9e8704878.jpg,0.17122793197631836
75,A2B2A_monet_to_photo_to_monet,da72006ef5.jpg,0.2409520447254181
75,A2B2A_monet_to_photo_to_monet,dc33f0edbe.jpg,0.23754197359085083
75,A2B2A_monet_to_photo_to_monet,dcab49d080.jpg,0.19399932026863098
75,A2B2A_monet_to_photo_to_monet,dcf5ea1040.jpg,0.15977926552295685
75,A2B2A_monet_to_photo_to_monet,dd46691bd7.jpg,0.1902093142271042
75,A2B2A_monet_to_photo_to_monet,de6f71b00f.jpg,0.11993837356567383
75,A2B2A_monet_to_photo_to_monet,df64ac2dcb.jpg,0.13378891348838806
75,A2B2A_monet_to_photo_to_monet,e2253b87a0.jpg,0.21785953640937805
75,A2B2A_monet_to_photo_to_monet,e291f8144f.jpg,0.2117071896791458
75,A2B2A_monet_to_photo_to_monet,e3112413b1.jpg,0.3093956410884857
75,A2B2A_monet_to_photo_to_monet,e37407c747.jpg,0.2269573211669922
75,A2B2A_monet_to_photo_to_monet,e510a74d3c.jpg,0.17752258479595184
75,A2B2A_monet_to_photo_to_monet,e568f84fad.jpg,0.18264229595661163
75,A2B2A_monet_to_photo_to_monet,e753318d04.jpg,0.27007296681404114
75,A2B2A_monet_to_photo_to_monet,e88d9de918.jpg,0.09557624906301498
75,A2B2A_monet_to_photo_to_monet,e9580cd500.jpg,0.09956111013889313
75,A2B2A_monet_to_photo_to_monet,e9f5563817.jpg,0.1481466293334961
75,A2B2A_monet_to_photo_to_monet,e9f686534b.jpg,0.14559945464134216
75,A2B2A_monet_to_photo_to_monet,eb3cc5c559.jpg,0.2227495312690735
75,A2B2A_monet_to_photo_to_monet,ec3398cef9.jpg,0.1621188372373581
75,A2B2A_monet_to_photo_to_monet,ec78d80dbd.jpg,0.17392104864120483
75,A2B2A_monet_to_photo_to_monet,ed597655a0.jpg,0.26499971747398376
75,A2B2A_monet_to_photo_to_monet,ede9769cb3.jpg,0.2616347074508667
75,A2B2A_monet_to_photo_to_monet,ee7adac58f.jpg,0.1735452115535736
75,A2B2A_monet_to_photo_to_monet,f04c9d8e34.jpg,0.17833319306373596
75,A2B2A_monet_to_photo_to_monet,f0884db067.jpg,0.22508151829242706
75,A2B2A_monet_to_photo_to_monet,f0d789c4bc.jpg,0.1817404180765152
75,A2B2A_monet_to_photo_to_monet,f4413e97bd.jpg,0.2306879162788391
75,A2B2A_monet_to_photo_to_monet,f486c1655f.jpg,0.20706108212471008
75,A2B2A_monet_to_photo_to_monet,f7836c88eb.jpg,0.16596248745918274
75,A2B2A_monet_to_photo_to_monet,f821791c85.jpg,0.16234105825424194
75,A2B2A_monet_to_photo_to_monet,f84fb4516a.jpg,0.20854219794273376
75,A2B2A_monet_to_photo_to_monet,f96a8de9f3.jpg,0.21784734725952148
75,A2B2A_monet_to_photo_to_monet,fb3b06dcb2.jpg,0.16804756224155426
75,A2B2A_monet_to_photo_to_monet,fb806a2a1c.jpg,0.23307135701179504
75,A2B2A_monet_to_photo_to_monet,fb93438ff9.jpg,0.13276785612106323
75,A2B2A_monet_to_photo_to_monet,fba982625d.jpg,0.2963603734970093
75,A2B2A_monet_to_photo_to_monet,fc11d52502.jpg,0.17990124225616455
75,A2B2A_monet_to_photo_to_monet,fd63a333f1.jpg,0.17431971430778503
75,A2B2A_monet_to_photo_to_monet,fdf1530d95.jpg,0.19092363119125366
75,A2B2A_monet_to_photo_to_monet,ffd74c77ea.jpg,0.14221197366714478
75,B2A2B_photo_to_monet_to_photo,00068bc07f.jpg,0.15851250290870667
75,B2A2B_photo_to_monet_to_photo,000910d219.jpg,0.12798349559307098
75,B2A2B_photo_to_monet_to_photo,000ded5c41.jpg,0.12909872829914093
75,B2A2B_photo_to_monet_to_photo,00104fd531.jpg,0.16507083177566528
75,B2A2B_photo_to_monet_to_photo,001158d595.jpg,0.10392190515995026
75,B2A2B_photo_to_monet_to_photo,0033c5f971.jpg,0.18878903985023499
75,B2A2B_photo_to_monet_to_photo,0039ebb598.jpg,0.14360395073890686
75,B2A2B_photo_to_monet_to_photo,003aab6fdd.jpg,0.26536017656326294
75,B2A2B_photo_to_monet_to_photo,003c6c30e0.jpg,0.1803378164768219
75,B2A2B_photo_to_monet_to_photo,00479e2a21.jpg,0.12388452142477036
75,B2A2B_photo_to_monet_to_photo,005f987f56.jpg,0.21480455994606018
75,B2A2B_photo_to_monet_to_photo,0080f94ebc.jpg,0.10489481687545776
75,B2A2B_photo_to_monet_to_photo,00882b7e1d.jpg,0.1744508445262909
75,B2A2B_photo_to_monet_to_photo,009d534136.jpg,0.12416929751634598
75,B2A2B_photo_to_monet_to_photo,009ddaed1f.jpg,0.18005669116973877
75,B2A2B_photo_to_monet_to_photo,00aeb60e25.jpg,0.11945967376232147
75,B2A2B_photo_to_monet_to_photo,00c6a0ad1e.jpg,0.22091032564640045
75,B2A2B_photo_to_monet_to_photo,00dcf0f1e3.jpg,0.12234331667423248
75,B2A2B_photo_to_monet_to_photo,00dff09ebe.jpg,0.14996927976608276
75,B2A2B_photo_to_monet_to_photo,00e1798585.jpg,0.13914406299591064
75,B2A2B_photo_to_monet_to_photo,00e64e1b2c.jpg,0.16071027517318726
75,B2A2B_photo_to_monet_to_photo,00f78547f0.jpg,0.17661339044570923
75,B2A2B_photo_to_monet_to_photo,00fcff630e.jpg,0.12942227721214294
75,B2A2B_photo_to_monet_to_photo,01135e4771.jpg,0.057863522320985794
75,B2A2B_photo_to_monet_to_photo,011f46de73.jpg,0.10750675946474075
75,B2A2B_photo_to_monet_to_photo,012df5ce29.jpg,0.11212418973445892
75,B2A2B_photo_to_monet_to_photo,01416e7ada.jpg,0.2797333896160126
75,B2A2B_photo_to_monet_to_photo,01480da48f.jpg,0.15115955471992493
75,B2A2B_photo_to_monet_to_photo,0159685c51.jpg,0.26336604356765747
75,B2A2B_photo_to_monet_to_photo,015f79b672.jpg,0.17588043212890625
75,B2A2B_photo_to_monet_to_photo,01622039ef.jpg,0.1200236827135086
75,B2A2B_photo_to_monet_to_photo,0162322d2d.jpg,0.11947206407785416
75,B2A2B_photo_to_monet_to_photo,016d408833.jpg,0.2211320996284485
75,B2A2B_photo_to_monet_to_photo,016f524878.jpg,0.12648917734622955
75,B2A2B_photo_to_monet_to_photo,017018f377.jpg,0.13777898252010345
75,B2A2B_photo_to_monet_to_photo,01771d99c3.jpg,0.12531566619873047
75,B2A2B_photo_to_monet_to_photo,017aacad6e.jpg,0.14404909312725067
75,B2A2B_photo_to_monet_to_photo,018be60883.jpg,0.11479382961988449
75,B2A2B_photo_to_monet_to_photo,018db0f253.jpg,0.1478712558746338
75,B2A2B_photo_to_monet_to_photo,01952c7673.jpg,0.28325238823890686
75,B2A2B_photo_to_monet_to_photo,01971e48e5.jpg,0.17186084389686584
75,B2A2B_photo_to_monet_to_photo,019cf7682d.jpg,0.12895169854164124
75,B2A2B_photo_to_monet_to_photo,01ae8be57e.jpg,0.13802236318588257
75,B2A2B_photo_to_monet_to_photo,01af5f8623.jpg,0.1239602118730545
75,B2A2B_photo_to_monet_to_photo,01bce47d3f.jpg,0.11094929277896881
75,B2A2B_photo_to_monet_to_photo,01c4f86e3e.jpg,0.11677290499210358
75,B2A2B_photo_to_monet_to_photo,01f7a6398e.jpg,0.272990882396698
75,B2A2B_photo_to_monet_to_photo,02001e59af.jpg,0.13254791498184204
75,B2A2B_photo_to_monet_to_photo,0212257854.jpg,0.18402567505836487
75,B2A2B_photo_to_monet_to_photo,021df2c226.jpg,0.1305379867553711
75,B2A2B_photo_to_monet_to_photo,022ca16b0f.jpg,0.13740423321723938
75,B2A2B_photo_to_monet_to_photo,023637f8fb.jpg,0.1798706352710724
75,B2A2B_photo_to_monet_to_photo,023eed0385.jpg,0.12145683169364929
75,B2A2B_photo_to_monet_to_photo,023f3cbb75.jpg,0.14656993746757507
75,B2A2B_photo_to_monet_to_photo,0240a597f5.jpg,0.18492798507213593
75,B2A2B_photo_to_monet_to_photo,024d98032b.jpg,0.09699030965566635
75,B2A2B_photo_to_monet_to_photo,0254fc91bd.jpg,0.20507903397083282
75,B2A2B_photo_to_monet_to_photo,02620a36f7.jpg,0.14442214369773865
75,B2A2B_photo_to_monet_to_photo,026ac33f9c.jpg,0.12881547212600708
75,B2A2B_photo_to_monet_to_photo,029524fd91.jpg,0.1037464365363121
75,B2A2B_photo_to_monet_to_photo,029854a790.jpg,0.2421139031648636
75,B2A2B_photo_to_monet_to_photo,02a1366c74.jpg,0.10469381511211395
75,B2A2B_photo_to_monet_to_photo,02a4445906.jpg,0.13101084530353546
75,B2A2B_photo_to_monet_to_photo,02b232fc78.jpg,0.16874918341636658
75,B2A2B_photo_to_monet_to_photo,02c43186c8.jpg,0.1306391954421997
75,B2A2B_photo_to_monet_to_photo,02c6c1f6a9.jpg,0.14711153507232666
75,B2A2B_photo_to_monet_to_photo,02cd89f56d.jpg,0.2156635820865631
75,B2A2B_photo_to_monet_to_photo,02d763f1c2.jpg,0.10949307680130005
75,B2A2B_photo_to_monet_to_photo,02ded12bbd.jpg,0.32700780034065247
75,B2A2B_photo_to_monet_to_photo,02ea18a456.jpg,0.1344587653875351
75,B2A2B_photo_to_monet_to_photo,02ec33e094.jpg,0.15281367301940918
75,B2A2B_photo_to_monet_to_photo,0312af1e14.jpg,0.13866662979125977
75,B2A2B_photo_to_monet_to_photo,032389e868.jpg,0.15533748269081116
75,B2A2B_photo_to_monet_to_photo,03242238ae.jpg,0.2538062334060669
75,B2A2B_photo_to_monet_to_photo,0324f82fee.jpg,0.18088871240615845
75,B2A2B_photo_to_monet_to_photo,0341fa51d0.jpg,0.1326754093170166
75,B2A2B_photo_to_monet_to_photo,0344a47135.jpg,0.15456464886665344
75,B2A2B_photo_to_monet_to_photo,034627340c.jpg,0.09240132570266724
75,B2A2B_photo_to_monet_to_photo,0362dd81bb.jpg,0.14075350761413574
75,B2A2B_photo_to_monet_to_photo,0378bcc7c9.jpg,0.17526240646839142
75,B2A2B_photo_to_monet_to_photo,03950208ff.jpg,0.25088930130004883
75,B2A2B_photo_to_monet_to_photo,03a17d96e1.jpg,0.1802850067615509
75,B2A2B_photo_to_monet_to_photo,03a21c1b9c.jpg,0.12953777611255646
75,B2A2B_photo_to_monet_to_photo,03a2b7ce83.jpg,0.12459675222635269
75,B2A2B_photo_to_monet_to_photo,03ae080a47.jpg,0.14628364145755768
75,B2A2B_photo_to_monet_to_photo,03ae26ed88.jpg,0.1304519921541214
75,B2A2B_photo_to_monet_to_photo,03bac83f64.jpg,0.13570056855678558
75,B2A2B_photo_to_monet_to_photo,03be88270f.jpg,0.14612887799739838
75,B2A2B_photo_to_monet_to_photo,03c5d1d098.jpg,0.16143552958965302
75,B2A2B_photo_to_monet_to_photo,03c9f2e3c2.jpg,0.22308450937271118
75,B2A2B_photo_to_monet_to_photo,03c9f3d584.jpg,0.08000653237104416
75,B2A2B_photo_to_monet_to_photo,03cc206144.jpg,0.13383816182613373
75,B2A2B_photo_to_monet_to_photo,03d47c18a5.jpg,0.10679613798856735
75,B2A2B_photo_to_monet_to_photo,03d6a4d860.jpg,0.13795682787895203
75,B2A2B_photo_to_monet_to_photo,03dde7a28f.jpg,0.27462083101272583
75,B2A2B_photo_to_monet_to_photo,03e48faafa.jpg,0.1578582227230072
75,B2A2B_photo_to_monet_to_photo,03fd7067c1.jpg,0.222539484500885
75,B2A2B_photo_to_monet_to_photo,03fe5d2263.jpg,0.12202467769384384
75,B2A2B_photo_to_monet_to_photo,0409e76de0.jpg,0.11832945793867111
75,B2A2B_photo_to_monet_to_photo,0425fc7ce5.jpg,0.13541030883789062
75,B2A2B_photo_to_monet_to_photo,042f0e804d.jpg,0.10694897174835205
75,B2A2B_photo_to_monet_to_photo,0435dc46a4.jpg,0.08575176447629929
75,B2A2B_photo_to_monet_to_photo,0436aaaf16.jpg,0.1662914752960205
75,B2A2B_photo_to_monet_to_photo,04387e4338.jpg,0.11278471350669861
75,B2A2B_photo_to_monet_to_photo,043b541b77.jpg,0.13616174459457397
75,B2A2B_photo_to_monet_to_photo,044c1653cf.jpg,0.1360505074262619
75,B2A2B_photo_to_monet_to_photo,0450d4f8ae.jpg,0.11143690347671509
75,B2A2B_photo_to_monet_to_photo,0451cdb867.jpg,0.16664092242717743
75,B2A2B_photo_to_monet_to_photo,045e937903.jpg,0.08603473752737045
75,B2A2B_photo_to_monet_to_photo,0466d4cdf9.jpg,0.1074477881193161
75,B2A2B_photo_to_monet_to_photo,0473a25050.jpg,0.16394099593162537
75,B2A2B_photo_to_monet_to_photo,047acab66b.jpg,0.17266839742660522
75,B2A2B_photo_to_monet_to_photo,047da870f6.jpg,0.07867767661809921
75,B2A2B_photo_to_monet_to_photo,04838b8b1e.jpg,0.14569813013076782
75,B2A2B_photo_to_monet_to_photo,049576d31c.jpg,0.25077739357948303
75,B2A2B_photo_to_monet_to_photo,049b0ece59.jpg,0.1484210044145584
75,B2A2B_photo_to_monet_to_photo,04a5fc42e1.jpg,0.11694652587175369
75,B2A2B_photo_to_monet_to_photo,04b8bfdb1c.jpg,0.13741791248321533
75,B2A2B_photo_to_monet_to_photo,04cb1f4705.jpg,0.1513833999633789
75,B2A2B_photo_to_monet_to_photo,04cf8e6d5f.jpg,0.13593441247940063
75,B2A2B_photo_to_monet_to_photo,04d7e14fbe.jpg,0.15903057157993317
75,B2A2B_photo_to_monet_to_photo,04d91d7bda.jpg,0.14129066467285156
75,B2A2B_photo_to_monet_to_photo,04e32c4dc1.jpg,0.1026415079832077
75,B2A2B_photo_to_monet_to_photo,04ec8c9ec2.jpg,0.10720683634281158
75,B2A2B_photo_to_monet_to_photo,04f59976b5.jpg,0.12592878937721252
75,B2A2B_photo_to_monet_to_photo,04f71da37b.jpg,0.1704169511795044
75,B2A2B_photo_to_monet_to_photo,04f72d81b0.jpg,0.19947455823421478
75,B2A2B_photo_to_monet_to_photo,04f80539d7.jpg,0.20879098773002625
75,B2A2B_photo_to_monet_to_photo,04fa2a606d.jpg,0.13148820400238037
75,B2A2B_photo_to_monet_to_photo,04fa456bc9.jpg,0.11419722437858582
75,B2A2B_photo_to_monet_to_photo,05057d04f7.jpg,0.1088586151599884
75,B2A2B_photo_to_monet_to_photo,0506726dbd.jpg,0.2235879898071289
75,B2A2B_photo_to_monet_to_photo,050da171c0.jpg,0.10289541631937027
75,B2A2B_photo_to_monet_to_photo,051159e33a.jpg,0.16014133393764496
75,B2A2B_photo_to_monet_to_photo,051a7c9ae6.jpg,0.12592032551765442
75,B2A2B_photo_to_monet_to_photo,051bde8166.jpg,0.12574173510074615
75,B2A2B_photo_to_monet_to_photo,051c1b5ee3.jpg,0.21352115273475647
75,B2A2B_photo_to_monet_to_photo,0529dd48c8.jpg,0.12326081842184067
75,B2A2B_photo_to_monet_to_photo,053024baa2.jpg,0.09610665589570999
75,B2A2B_photo_to_monet_to_photo,0541ce0c1a.jpg,0.11040157079696655
75,B2A2B_photo_to_monet_to_photo,0547a52b93.jpg,0.1524042785167694
75,B2A2B_photo_to_monet_to_photo,054f264b2e.jpg,0.18892376124858856
75,B2A2B_photo_to_monet_to_photo,054f375c69.jpg,0.14348123967647552
75,B2A2B_photo_to_monet_to_photo,05557b0148.jpg,0.20054864883422852
75,B2A2B_photo_to_monet_to_photo,055c3026f8.jpg,0.17647066712379456
75,B2A2B_photo_to_monet_to_photo,055dac1e18.jpg,0.1023675948381424
75,B2A2B_photo_to_monet_to_photo,055e5dca6e.jpg,0.09086495637893677
75,B2A2B_photo_to_monet_to_photo,05646c5cdb.jpg,0.1891002655029297
75,B2A2B_photo_to_monet_to_photo,0572f32305.jpg,0.12070910632610321
75,B2A2B_photo_to_monet_to_photo,057d83cdee.jpg,0.12667211890220642
75,B2A2B_photo_to_monet_to_photo,058af422c6.jpg,0.13744093477725983
75,B2A2B_photo_to_monet_to_photo,0597c38d69.jpg,0.11321906745433807
75,B2A2B_photo_to_monet_to_photo,05a3801bed.jpg,0.12656161189079285
75,B2A2B_photo_to_monet_to_photo,05a84fad61.jpg,0.08295546472072601
75,B2A2B_photo_to_monet_to_photo,05c885c810.jpg,0.08238938450813293
75,B2A2B_photo_to_monet_to_photo,05ca68299e.jpg,0.11647593975067139
75,B2A2B_photo_to_monet_to_photo,05e37a8900.jpg,0.19519397616386414
75,B2A2B_photo_to_monet_to_photo,05e88ecd0a.jpg,0.0871242955327034
75,B2A2B_photo_to_monet_to_photo,05f0db4d14.jpg,0.15176086127758026
75,B2A2B_photo_to_monet_to_photo,05f22b97da.jpg,0.21267148852348328
75,B2A2B_photo_to_monet_to_photo,05f4b38e6e.jpg,0.1226658970117569
75,B2A2B_photo_to_monet_to_photo,06058e6cb0.jpg,0.11438120156526566
75,B2A2B_photo_to_monet_to_photo,0606110c45.jpg,0.09465312957763672
75,B2A2B_photo_to_monet_to_photo,061bb611e0.jpg,0.1233006939291954
75,B2A2B_photo_to_monet_to_photo,061f0095f0.jpg,0.23973941802978516
75,B2A2B_photo_to_monet_to_photo,062313a97c.jpg,0.09452985227108002
75,B2A2B_photo_to_monet_to_photo,06371834cb.jpg,0.1566023826599121
75,B2A2B_photo_to_monet_to_photo,063ab57d41.jpg,0.07749904692173004
75,B2A2B_photo_to_monet_to_photo,064b9119de.jpg,0.2724357843399048
75,B2A2B_photo_to_monet_to_photo,064babb7f0.jpg,0.15267565846443176
75,B2A2B_photo_to_monet_to_photo,064f91250d.jpg,0.16065368056297302
75,B2A2B_photo_to_monet_to_photo,065b649ac7.jpg,0.3336130678653717
75,B2A2B_photo_to_monet_to_photo,0665264678.jpg,0.15819330513477325
75,B2A2B_photo_to_monet_to_photo,066b81e0f9.jpg,0.17036636173725128
75,B2A2B_photo_to_monet_to_photo,068381ad63.jpg,0.1423128843307495
75,B2A2B_photo_to_monet_to_photo,068cc6fe3f.jpg,0.18414703011512756
75,B2A2B_photo_to_monet_to_photo,0696f8142e.jpg,0.28252506256103516
75,B2A2B_photo_to_monet_to_photo,069e6e5b82.jpg,0.18676844239234924
75,B2A2B_photo_to_monet_to_photo,06a5930183.jpg,0.08943437784910202
75,B2A2B_photo_to_monet_to_photo,06a9cf2d11.jpg,0.18866802752017975
75,B2A2B_photo_to_monet_to_photo,06b2c2dfca.jpg,0.11529280245304108
75,B2A2B_photo_to_monet_to_photo,06b8114f82.jpg,0.16139213740825653
75,B2A2B_photo_to_monet_to_photo,06c2d19658.jpg,0.16649743914604187
75,B2A2B_photo_to_monet_to_photo,06c549794b.jpg,0.1727548986673355
75,B2A2B_photo_to_monet_to_photo,06c89c4c23.jpg,0.17401613295078278
75,B2A2B_photo_to_monet_to_photo,06c9326c86.jpg,0.12654955685138702
75,B2A2B_photo_to_monet_to_photo,06e117b31e.jpg,0.14907227456569672
75,B2A2B_photo_to_monet_to_photo,06e156d8ba.jpg,0.1520313173532486
75,B2A2B_photo_to_monet_to_photo,06f749912b.jpg,0.12005604803562164
75,B2A2B_photo_to_monet_to_photo,07054731ab.jpg,0.11470428109169006
75,B2A2B_photo_to_monet_to_photo,0709ff32ee.jpg,0.12056835740804672
75,B2A2B_photo_to_monet_to_photo,0711866dcd.jpg,0.23161351680755615
75,B2A2B_photo_to_monet_to_photo,071c375c2c.jpg,0.12239716202020645
75,B2A2B_photo_to_monet_to_photo,0723d52098.jpg,0.1215239018201828
75,B2A2B_photo_to_monet_to_photo,0724805941.jpg,0.12129706144332886
75,B2A2B_photo_to_monet_to_photo,072f1336c9.jpg,0.3479034900665283
75,B2A2B_photo_to_monet_to_photo,07362b3f42.jpg,0.21341800689697266
75,B2A2B_photo_to_monet_to_photo,073e8b3056.jpg,0.18233419954776764
75,B2A2B_photo_to_monet_to_photo,074218de82.jpg,0.1750795692205429
75,B2A2B_photo_to_monet_to_photo,074ea8cb6e.jpg,0.16272543370723724
75,B2A2B_photo_to_monet_to_photo,07573a95f6.jpg,0.20187246799468994
75,B2A2B_photo_to_monet_to_photo,075e8d4617.jpg,0.15062770247459412
75,B2A2B_photo_to_monet_to_photo,0761281e3b.jpg,0.141375333070755
75,B2A2B_photo_to_monet_to_photo,076c62582d.jpg,0.11825275421142578
75,B2A2B_photo_to_monet_to_photo,0770ea1a07.jpg,0.1116485446691513
75,B2A2B_photo_to_monet_to_photo,077bf7e451.jpg,0.11421622335910797
75,B2A2B_photo_to_monet_to_photo,078cd3ce07.jpg,0.14658169448375702
75,B2A2B_photo_to_monet_to_photo,078fd1bc42.jpg,0.21593542397022247
75,B2A2B_photo_to_monet_to_photo,07939b1fde.jpg,0.14590027928352356
75,B2A2B_photo_to_monet_to_photo,079da3af1e.jpg,0.1311754584312439
75,B2A2B_photo_to_monet_to_photo,07b7fdff1b.jpg,0.14434024691581726
75,B2A2B_photo_to_monet_to_photo,07bf7d7df1.jpg,0.10591739416122437
75,B2A2B_photo_to_monet_to_photo,07cb260548.jpg,0.1479734182357788
75,B2A2B_photo_to_monet_to_photo,07e9bc5956.jpg,0.12283783406019211
75,B2A2B_photo_to_monet_to_photo,07ea3a38d2.jpg,0.20317652821540833
75,B2A2B_photo_to_monet_to_photo,07f37dfe50.jpg,0.1485373079776764
75,B2A2B_photo_to_monet_to_photo,07f730ef9a.jpg,0.19772273302078247
75,B2A2B_photo_to_monet_to_photo,08009f0be5.jpg,0.1670607030391693
75,B2A2B_photo_to_monet_to_photo,0811c84b0c.jpg,0.13668832182884216
75,B2A2B_photo_to_monet_to_photo,081955febb.jpg,0.133523091673851
75,B2A2B_photo_to_monet_to_photo,08247a7020.jpg,0.1742590367794037
75,B2A2B_photo_to_monet_to_photo,082786cc1f.jpg,0.12883137166500092
75,B2A2B_photo_to_monet_to_photo,08341635fa.jpg,0.12492022663354874
75,B2A2B_photo_to_monet_to_photo,0844c2cddf.jpg,0.17260116338729858
75,B2A2B_photo_to_monet_to_photo,0845e8dc24.jpg,0.41978055238723755
75,B2A2B_photo_to_monet_to_photo,085c73097f.jpg,0.1390950232744217
75,B2A2B_photo_to_monet_to_photo,0860f1e141.jpg,0.15373072028160095
75,B2A2B_photo_to_monet_to_photo,08645ef69b.jpg,0.09523198008537292
75,B2A2B_photo_to_monet_to_photo,087e779e73.jpg,0.13075147569179535
75,B2A2B_photo_to_monet_to_photo,08874a6ee1.jpg,0.14801335334777832
75,B2A2B_photo_to_monet_to_photo,088972cf3f.jpg,0.13601791858673096
75,B2A2B_photo_to_monet_to_photo,089406822c.jpg,0.1762687712907791
75,B2A2B_photo_to_monet_to_photo,08a203b59d.jpg,0.16824740171432495
75,B2A2B_photo_to_monet_to_photo,08acc490a3.jpg,0.15744395554065704
75,B2A2B_photo_to_monet_to_photo,08b790bca7.jpg,0.36573415994644165
75,B2A2B_photo_to_monet_to_photo,08c1754f70.jpg,0.10354621708393097
75,B2A2B_photo_to_monet_to_photo,08cbd0d6c4.jpg,0.17243872582912445
75,B2A2B_photo_to_monet_to_photo,08cbd51033.jpg,0.13884715735912323
75,B2A2B_photo_to_monet_to_photo,08d7603c9c.jpg,0.23337136209011078
75,B2A2B_photo_to_monet_to_photo,08da1e5774.jpg,0.16606208682060242
75,B2A2B_photo_to_monet_to_photo,08e3354189.jpg,0.10792005062103271
75,B2A2B_photo_to_monet_to_photo,08fa88c02c.jpg,0.11045195907354355
75,B2A2B_photo_to_monet_to_photo,08fa8a6f26.jpg,0.3600674271583557
75,B2A2B_photo_to_monet_to_photo,08fd7ac09b.jpg,0.12241190671920776
75,B2A2B_photo_to_monet_to_photo,090d5b3cca.jpg,0.11862049251794815
75,B2A2B_photo_to_monet_to_photo,091b6b9b07.jpg,0.12212514877319336
75,B2A2B_photo_to_monet_to_photo,0922bbb3c1.jpg,0.10629786550998688
75,B2A2B_photo_to_monet_to_photo,0932ad9605.jpg,0.0919375941157341
75,B2A2B_photo_to_monet_to_photo,0938dc0298.jpg,0.2432606965303421
75,B2A2B_photo_to_monet_to_photo,0939723138.jpg,0.10028061270713806
75,B2A2B_photo_to_monet_to_photo,093be92a48.jpg,0.09410758316516876
75,B2A2B_photo_to_monet_to_photo,093e24f728.jpg,0.12435545772314072
75,B2A2B_photo_to_monet_to_photo,0945008455.jpg,0.09917066246271133
75,B2A2B_photo_to_monet_to_photo,09591edd0a.jpg,0.14810898900032043
75,B2A2B_photo_to_monet_to_photo,095bc5a33d.jpg,0.13956594467163086
75,B2A2B_photo_to_monet_to_photo,096165f6f0.jpg,0.10258403420448303
75,B2A2B_photo_to_monet_to_photo,0962094f25.jpg,0.10789051651954651
75,B2A2B_photo_to_monet_to_photo,0963accefe.jpg,0.11423204839229584
75,B2A2B_photo_to_monet_to_photo,096495c50c.jpg,0.1197550967335701
75,B2A2B_photo_to_monet_to_photo,096bae8cd9.jpg,0.17245584726333618
75,B2A2B_photo_to_monet_to_photo,096da37ff7.jpg,0.09774312376976013
75,B2A2B_photo_to_monet_to_photo,096f009762.jpg,0.10903796553611755
75,B2A2B_photo_to_monet_to_photo,09748274a3.jpg,0.1432349979877472
75,B2A2B_photo_to_monet_to_photo,09756af6f7.jpg,0.17422610521316528
75,B2A2B_photo_to_monet_to_photo,097b3ce81a.jpg,0.12324972450733185
75,B2A2B_photo_to_monet_to_photo,097d38ef3b.jpg,0.13818493485450745
75,B2A2B_photo_to_monet_to_photo,09816286d3.jpg,0.2787040174007416
75,B2A2B_photo_to_monet_to_photo,0984136f36.jpg,0.12472767382860184
75,B2A2B_photo_to_monet_to_photo,098b35d919.jpg,0.13536286354064941
75,B2A2B_photo_to_monet_to_photo,098c0ce670.jpg,0.1509590744972229
75,B2A2B_photo_to_monet_to_photo,098fde2b22.jpg,0.22830605506896973
75,B2A2B_photo_to_monet_to_photo,099159901a.jpg,0.17334257066249847
75,B2A2B_photo_to_monet_to_photo,099395535c.jpg,0.1583571434020996
75,B2A2B_photo_to_monet_to_photo,09986b5a14.jpg,0.11681850254535675
75,B2A2B_photo_to_monet_to_photo,09a43d2264.jpg,0.1782878339290619
75,B2A2B_photo_to_monet_to_photo,09bebf108f.jpg,0.17230074107646942
75,B2A2B_photo_to_monet_to_photo,09c874df81.jpg,0.22059078514575958
75,B2A2B_photo_to_monet_to_photo,09d34f7412.jpg,0.1561751812696457
75,B2A2B_photo_to_monet_to_photo,09ddb5e4c9.jpg,0.2487943321466446
75,B2A2B_photo_to_monet_to_photo,09e084658a.jpg,0.1029483899474144
75,B2A2B_photo_to_monet_to_photo,09e1b696b4.jpg,0.07621710002422333
75,B2A2B_photo_to_monet_to_photo,09e2982b82.jpg,0.13402190804481506
75,B2A2B_photo_to_monet_to_photo,09e8393bd1.jpg,0.1821221113204956
75,B2A2B_photo_to_monet_to_photo,09ec565e3a.jpg,0.21859624981880188
75,B2A2B_photo_to_monet_to_photo,09f57ab8c5.jpg,0.13150547444820404
75,B2A2B_photo_to_monet_to_photo,09fc404e31.jpg,0.21274299919605255
75,B2A2B_photo_to_monet_to_photo,09fcd10b7e.jpg,0.1986662894487381
75,B2A2B_photo_to_monet_to_photo,0a0c3a6d07.jpg,0.0997200608253479
75,B2A2B_photo_to_monet_to_photo,0a0d3e6ea7.jpg,0.15492519736289978
75,B2A2B_photo_to_monet_to_photo,0a1d1b9f8e.jpg,0.11453085392713547
75,B2A2B_photo_to_monet_to_photo,0a271892d0.jpg,0.10041607171297073
75,B2A2B_photo_to_monet_to_photo,0a284dbed0.jpg,0.1172492653131485
75,B2A2B_photo_to_monet_to_photo,0a2e5f728d.jpg,0.2523626983165741
75,B2A2B_photo_to_monet_to_photo,0a325fc655.jpg,0.20366811752319336
75,B2A2B_photo_to_monet_to_photo,0a44c8287d.jpg,0.19032323360443115
75,B2A2B_photo_to_monet_to_photo,0a49020ae5.jpg,0.11838386207818985
75,B2A2B_photo_to_monet_to_photo,0a497f768d.jpg,0.12767904996871948
75,B2A2B_photo_to_monet_to_photo,0a6091114d.jpg,0.13327938318252563
75,B2A2B_photo_to_monet_to_photo,0a6279ef66.jpg,0.1921738237142563
75,B2A2B_photo_to_monet_to_photo,0a6e92d928.jpg,0.11774426698684692
