bin,left,right,count,fraction,accuracy,mean_confidence,absolute_gap
0,0.0,0.06666666666666667,0,0.0,,,
1,0.06666666666666667,0.13333333333333333,0,0.0,,,
2,0.13333333333333333,0.2,0,0.0,,,
3,0.2,0.26666666666666666,0,0.0,,,
4,0.26666666666666666,0.3333333333333333,0,0.0,,,
5,0.3333333333333333,0.4,0,0.0,,,
6,0.4,0.4666666666666667,0,0.0,,,
7,0.4666666666666667,0.5333333333333333,360,0.009473684210526316,0.5444444444444444,0.5161232973966333,0.02832114704781108
8,0.5333333333333333,0.6,735,0.019342105263157893,0.5700680272108843,0.5679879602526321,0.002080066958252247
9,0.6,0.6666666666666666,751,0.019763157894736844,0.611185086551265,0.6341096359626273,0.02292454941136224
10,0.6666666666666666,0.7333333333333333,845,0.02223684210526316,0.6994082840236686,0.7023017103150047,0.002893426291336043
11,0.7333333333333333,0.8,1086,0.02857894736842105,0.7679558011049724,0.7681510636298257,0.0001952625248532458
12,0.8,0.8666666666666667,1557,0.040973684210526315,0.8265895953757225,0.8366579903898594,0.010068395014136922
13,0.8666666666666667,0.9333333333333333,2795,0.07355263157894737,0.8955277280858677,0.9044445129061428,0.008916784820275137
14,0.9333333333333333,1.0,29871,0.7860789473684211,0.988651200160691,0.9892239018246456,0.0005727016639546223
