model,slice,count,fraction,macro_f1,error_rate
baseline,short_reviews,9752,0.25663157894736843,0.942020704195291,0.05588597210828548
baseline,medium_reviews,18865,0.49644736842105264,0.9431206489922865,0.05687781606148953
baseline,long_reviews,9383,0.24692105263157896,0.9379213745018264,0.059788980070339975
baseline,contains_negation,28243,0.7432368421052632,0.9379035671398632,0.060227312962503984
baseline,high_oov_rate,2427,0.06386842105263157,0.9225237435809182,0.07375360527400082
experiment_1,short_reviews,9752,0.25663157894736843,0.9424860250723515,0.05568088597210828
experiment_1,medium_reviews,18865,0.49644736842105264,0.951813952141681,0.04818446859263186
experiment_1,long_reviews,9383,0.24692105263157896,0.9438346833456837,0.053927315357561546
experiment_1,contains_negation,28243,0.7432368421052632,0.9462382673617911,0.05194207414226534
experiment_1,high_oov_rate,2427,0.06386842105263157,0.9273060307585969,0.06963329213020189
experiment_2,short_reviews,9752,0.25663157894736843,0.943529993504543,0.05475799835931091
experiment_2,medium_reviews,18865,0.49644736842105264,0.9483661426000896,0.05163000265041082
experiment_2,long_reviews,9383,0.24692105263157896,0.9480398675161947,0.04977086219759139
experiment_2,contains_negation,28243,0.7432368421052632,0.9449364950229595,0.05311050525794002
experiment_2,high_oov_rate,2427,0.06386842105263157,0.9264716538576085,0.07045735475896168
