epoch,global_step,batch,loss,learning_rate,gradient_norm,tokens_per_second,gpu_allocated_mb
1,1,1,4.6144304275512695,1.9206145966709344e-07,11.365732192993164,18346.40895770526,59.623046875
1,50,50,3.612741470336914,9.603072983354672e-06,2.4922895431518555,81872.12772904188,59.623046875
1,100,100,3.1645617485046387,1.9206145966709343e-05,1.6631739139556885,84877.45123852826,59.623046875
1,150,150,2.8679122924804688,2.880921895006402e-05,1.3705109357833862,86037.11213092423,59.623046875
1,200,200,2.6989169120788574,3.841229193341869e-05,1.1267670392990112,86647.57349189985,59.623046875
1,250,250,2.5687334537506104,4.801536491677336e-05,0.9592832922935486,86960.63900330005,59.623046875
1,300,300,2.4740824699401855,5.761843790012804e-05,1.1525574922561646,87113.58875036912,59.623046875
1,350,350,2.3958475589752197,6.722151088348271e-05,0.6720746755599976,87279.2980153178,59.623046875
1,400,400,2.3617990016937256,7.682458386683737e-05,0.6691272854804993,87385.20741079157,59.623046875
1,450,450,2.329047441482544,8.642765685019205e-05,1.089956283569336,87492.85216344064,59.623046875
1,500,500,2.2884249687194824,9.603072983354672e-05,0.6562791466712952,87572.62726063657,59.623046875
1,550,550,2.318620204925537,0.00010563380281690139,0.9657890200614929,87642.70721514225,59.623046875
1,600,600,2.2874412536621094,0.00011523687580025608,1.484047293663025,87695.56298334053,59.623046875
1,650,650,2.250504493713379,0.00012483994878361075,1.35348379611969,87716.00911501604,59.623046875
1,700,700,2.1968765258789062,0.00013444302176696541,0.9911201596260071,87742.05539629178,59.623046875
1,750,750,2.167572498321533,0.00014404609475032008,1.5336828231811523,87773.2224053975,59.623046875
1,800,800,2.1066086292266846,0.00015364916773367475,2.687659502029419,87795.8063312443,59.623046875
1,850,850,2.0637946128845215,0.00016325224071702944,1.6480467319488525,87812.30759884734,59.623046875
1,900,900,2.0626931190490723,0.0001728553137003841,2.272519588470459,87828.88601958753,59.623046875
1,950,950,1.996119499206543,0.0001824583866837388,1.828787088394165,87847.3567922806,59.623046875
1,1000,1000,1.915860891342163,0.00019206145966709344,1.8541065454483032,87857.13364464423,59.623046875
1,1050,1050,1.8762052059173584,0.00020166453265044813,2.1082990169525146,87866.67892045598,59.623046875
1,1100,1100,1.742337942123413,0.00021126760563380277,1.5872269868850708,87874.1194657362,59.623046875
1,1150,1150,1.7718307971954346,0.00022087067861715747,1.8761357069015503,87879.28767911387,59.623046875
1,1200,1200,1.6998355388641357,0.00023047375160051216,1.8280017375946045,87888.07142266285,59.623046875
1,1250,1250,1.6637625694274902,0.0002400768245838668,1.5285121202468872,87891.09795140274,59.623046875
1,1300,1300,1.6788628101348877,0.0002496798975672215,1.6851176023483276,87895.38143941072,59.623046875
1,1350,1350,1.584345817565918,0.00025928297055057616,1.7555276155471802,87884.40138868845,59.623046875
1,1400,1400,1.5189580917358398,0.00026888604353393083,1.82613205909729,87878.30742433958,59.623046875
1,1450,1450,1.4472663402557373,0.0002784891165172855,1.4706071615219116,87882.50706018711,59.623046875
1,1500,1500,1.5098116397857666,0.00028809218950064016,1.5871827602386475,87882.62865851639,59.623046875
1,1550,1550,1.4927088022232056,0.0002976952624839949,1.7437999248504639,87875.64173257248,59.623046875
1,1600,1600,1.4711737632751465,0.00029999890853894617,1.4591279029846191,87877.62744844377,59.623046875
1,1650,1650,1.3971835374832153,0.00029999414665878753,1.4945042133331299,87881.12932971102,59.623046875
1,1700,1700,1.4166278839111328,0.0002999856056489382,1.4559382200241089,87882.61483089277,59.623046875
1,1750,1750,1.4010417461395264,0.0002999732857485017,1.4246619939804077,87878.621586873,59.623046875
1,1800,1800,1.363158106803894,0.0002999571873023709,1.537742018699646,87875.19065504358,59.623046875
1,1850,1850,1.302022099494934,0.0002999373107612179,1.1844971179962158,87874.0919748796,59.623046875
1,1900,1900,1.343400239944458,0.00029991365668148194,1.2755448818206787,87858.27555197859,59.623046875
1,1950,1950,1.2704575061798096,0.0002998862257253534,1.241045594215393,87839.67710473748,59.623046875
1,2000,2000,1.2798354625701904,0.0002998550186607556,1.2368780374526978,87823.15438628079,59.623046875
1,2050,2050,1.2575469017028809,0.00029982003636132293,1.1384104490280151,87797.97777743719,59.623046875
1,2100,2100,1.2654460668563843,0.0002997812798063768,1.2416256666183472,87773.5766953578,59.623046875
1,2150,2150,1.2944481372833252,0.0002997387500808979,1.2607873678207397,87724.36682390643,59.623046875
1,2200,2200,1.2713148593902588,0.0002996924483754961,1.2539246082305908,87678.74823453637,59.623046875
1,2250,2250,1.2215721607208252,0.00029964237598637666,1.2879297733306885,87635.60777665088,59.623046875
1,2300,2300,1.2283556461334229,0.0002995885343153045,1.2783966064453125,87593.56483267888,59.623046875
1,2350,2350,1.2011971473693848,0.0002995309248695648,1.1307363510131836,87554.0958601823,59.623046875
1,2400,2400,1.1703044176101685,0.0002994695492619204,1.0794788599014282,87513.97534862602,59.623046875
1,2450,2450,1.2074568271636963,0.00029940440921056725,1.1826319694519043,87475.37123785817,59.623046875
1,2500,2500,1.1966348886489868,0.0002993355065390859,1.127062439918518,87440.39916909381,59.623046875
1,2550,2550,1.173896312713623,0.00029926284317639064,1.0271027088165283,87375.34701872169,59.623046875
1,2600,2600,1.1529614925384521,0.00029918642115667524,1.1538012027740479,87331.41834911122,59.623046875
1,2650,2650,1.092501163482666,0.0002991062426193564,1.065247893333435,87291.8826379043,59.623046875
1,2700,2700,1.1715052127838135,0.00029902230980901365,1.0490896701812744,87251.19161027315,59.623046875
1,2750,2750,1.174741506576538,0.0002989346250753264,1.013972520828247,87189.42089978635,59.623046875
1,2800,2800,1.1295511722564697,0.00029884319087300834,1.03239107131958,87146.76885789404,59.623046875
1,2850,2850,1.1713014841079712,0.00029874800976173883,1.0429226160049438,87103.86793316732,59.623046875
1,2900,2900,1.08500337600708,0.00029864908440609063,0.9967702031135559,87056.08644693613,59.623046875
1,2950,2950,1.078129529953003,0.0002985464175754562,0.9678993225097656,86981.66863351146,59.623046875
1,3000,3000,1.0324597358703613,0.0002984400121439696,1.0646990537643433,86912.82001961568,59.623046875
1,3050,3050,1.0945338010787964,0.000298329871090426,1.0081602334976196,86873.35322840168,59.623046875
1,3100,3100,1.0623316764831543,0.00029821599749819846,0.9730010628700256,86835.56553682746,59.623046875
1,3125,3125,1.0788867473602295,0.0002981576619922068,0.9956066608428955,86816.91109283369,59.623046875
2,3150,25,1.0693503618240356,0.0002980983945551519,1.0135325193405151,84118.9777491747,59.623046875
2,3200,75,1.0693633556365967,0.0002979770655535531,0.9805905222892761,83682.35371552107,59.623046875
2,3250,125,1.0773875713348389,0.00029785201388997926,0.9843971729278564,83747.15043979039,59.623046875
2,3300,175,1.1123652458190918,0.0002977232430652227,0.9467949867248535,83800.01600798967,59.623046875
2,3350,225,1.0603868961334229,0.0002975907566841925,0.9386236667633057,83814.08965414586,59.623046875
2,3400,275,1.136712670326233,0.00029745455845581404,1.01549232006073,83839.74073737503,59.623046875
2,3450,325,1.0368778705596924,0.0002973146521929251,1.0029489994049072,83843.7362240419,59.623046875
2,3500,375,1.0961532592773438,0.0002971710418121689,0.946843683719635,83855.93318093447,59.623046875
2,3550,425,1.043875813484192,0.00029702373133388456,0.935687780380249,83871.08091741937,59.623046875
2,3600,475,1.0101795196533203,0.0002968727248819946,0.8911044001579285,83753.05461770111,59.623046875
2,3650,525,1.056648850440979,0.0002967180266838895,0.9191749095916748,83718.22766440242,59.623046875
2,3700,575,1.0491607189178467,0.00029655964107030926,0.9715729355812073,83676.86088944178,59.623046875
2,3750,625,1.051065444946289,0.00029639757247522223,0.9518256187438965,83650.9840578756,59.623046875
2,3800,675,1.0170514583587646,0.00029623182543570095,0.8925202488899231,83620.2234935296,59.623046875
2,3850,725,1.068847417831421,0.00029606240459179533,0.9067162275314331,83602.41135122984,59.623046875
2,3900,775,1.00743567943573,0.0002958893146864022,0.8770803213119507,83583.93571415514,59.623046875
2,3950,825,1.0003612041473389,0.0002957125605651333,0.8974643349647522,83567.42967041745,59.623046875
2,4000,875,1.0775024890899658,0.0002955321471761791,0.9605054259300232,83553.77275385405,59.623046875
2,4050,925,1.073291301727295,0.00029534807957017035,0.988728940486908,83535.77349492128,59.623046875
2,4100,975,1.0179771184921265,0.0002951603629000368,0.8867689967155457,83487.06915672454,59.623046875
2,4150,1025,0.9973094463348389,0.00029496900242086284,0.8279290795326233,83356.39859918125,59.623046875
2,4200,1075,0.9502496719360352,0.0002947740034897406,0.8210930228233337,83354.29077307395,59.623046875
2,4250,1125,1.016788125038147,0.00029457537156561973,0.8245962858200073,83347.05825568919,59.623046875
2,4300,1175,1.012192726135254,0.00029437311220915463,0.8717353940010071,83339.92911520635,59.623046875
2,4350,1225,0.9671049118041992,0.00029416723108254895,0.8478307127952576,83252.02333454661,59.623046875
2,4400,1275,0.99571293592453,0.0002939577339493968,0.9257393479347229,83221.5327505932,59.623046875
2,4450,1325,1.00278639793396,0.00029374462667452165,0.8405842185020447,83199.40120953896,59.623046875
2,4500,1375,0.9191589951515198,0.00029352791522381196,0.8240012526512146,83181.44387402308,59.623046875
2,4550,1425,0.9698706269264221,0.0002933076056640544,0.8646172881126404,83166.64080706585,59.623046875
2,4600,1475,0.9510245323181152,0.00029308370416276377,0.8523644804954529,83151.47429258,59.623046875
2,4650,1525,0.9688846468925476,0.0002928562169880104,0.8117348551750183,83139.07225068878,59.623046875
2,4700,1575,0.9914916753768921,0.0002926251505082447,0.8017333149909973,83126.2633635048,59.623046875
2,4750,1625,0.9674586653709412,0.00029239051119211914,0.8263537883758545,83114.4407479704,59.623046875
2,4800,1675,0.9924700260162354,0.00029215230560830657,0.8420647382736206,83104.25161092255,59.623046875
2,4850,1725,0.9607943892478943,0.0002919105404253168,0.7831656336784363,83034.60117794036,59.623046875
2,4900,1775,0.9250766634941101,0.00029166522241130994,0.7884491682052612,82965.9877307449,59.623046875
2,4950,1825,0.9718470573425293,0.00029141635843390654,0.8778420090675354,82967.94672248422,59.623046875
2,5000,1875,0.9577454924583435,0.00029116395545999567,0.829924464225769,82950.84143199956,59.623046875
2,5050,1925,0.901458740234375,0.0002909080205555399,0.8012114763259888,82900.72727434404,59.623046875
2,5100,1975,0.963280439376831,0.00029064856088537716,0.8125476837158203,82896.00934542752,59.623046875
2,5150,2025,0.9191046357154846,0.0002903855837130205,0.74929279088974,82888.31103234987,59.623046875
2,5200,2075,0.9311278462409973,0.00029011909640045465,0.8178340196609497,82860.99949998398,59.623046875
2,5250,2125,0.9176792502403259,0.0002898491064079298,0.8029658198356628,82815.96791268289,59.623046875
2,5300,2175,0.9223923683166504,0.0002895756212937529,0.7695513367652893,82772.261834908,59.623046875
2,5350,2225,0.9611766338348389,0.0002892986487140761,0.7795143127441406,82731.29929960049,59.623046875
2,5400,2275,0.9379761219024658,0.00028901819642268215,0.7664402723312378,82692.67376457063,59.623046875
2,5450,2325,0.9245725870132446,0.0002887342722707677,0.7900422811508179,82653.40883027784,59.623046875
2,5500,2375,0.9576157927513123,0.0002884468842067231,0.7831106185913086,82616.61172109512,59.623046875
2,5550,2425,0.9094707369804382,0.00028815604027591045,0.7529935836791992,82583.3168290679,59.623046875
2,5600,2475,0.9216159582138062,0.0002878617486204377,0.7217373847961426,82549.24924621456,59.623046875
2,5650,2525,0.9620664119720459,0.00028756401747893136,0.7662602663040161,82517.84996035024,59.623046875
2,5700,2575,0.9145218729972839,0.00028726285518630517,0.7412275671958923,82486.11979447989,59.623046875
2,5750,2625,0.9781345129013062,0.0002869582701735275,0.7760710716247559,82452.53548420122,59.623046875
2,5800,2675,0.9593549966812134,0.0002866502709673848,0.7347920536994934,82423.50718004041,59.623046875
2,5850,2725,0.9231512546539307,0.0002863388661902431,0.7730813026428223,82398.32606250724,59.623046875
2,5900,2775,0.9500761032104492,0.0002860240645598067,0.7863150835037231,82375.08497139286,59.623046875
2,5950,2825,0.9503086805343628,0.00028570587488887367,0.7681694030761719,82350.06451049724,59.623046875
2,6000,2875,0.9070056676864624,0.0002853843060850899,0.7210949659347534,82326.09691089584,59.623046875
2,6050,2925,0.909296452999115,0.0002850593671506992,0.7049262523651123,82300.39498608108,59.623046875
2,6100,2975,0.8581040501594543,0.00028473106718229123,0.7238304018974304,82277.26033732166,59.623046875
2,6150,3025,0.9003704190254211,0.00028439941537054716,0.773970901966095,82257.36317045901,59.623046875
2,6200,3075,0.9353079795837402,0.00028406442099998227,0.7295838594436646,82236.35104741703,59.623046875
2,6250,3125,0.9417446255683899,0.00028372609344868584,0.7335447669029236,82214.89892295806,59.623046875
3,6300,50,0.9011290669441223,0.0002833844421880589,0.7190904021263123,81467.06106273165,59.623046875
3,6350,100,0.8978473544120789,0.00028303947678254895,0.6955763697624207,81114.7109948924,59.623046875
3,6400,150,0.9511777758598328,0.0002826912068893821,0.743779718875885,80980.29654090057,59.623046875
3,6450,200,0.9260632991790771,0.00028233964225829293,0.7481158375740051,80901.99762418878,59.623046875
3,6500,250,0.8860867619514465,0.00028198479273125135,0.7108333706855774,80885.93990840434,59.623046875
3,6550,300,0.9070991277694702,0.0002816266682421872,0.7728286385536194,80845.10264868756,59.623046875
3,6600,350,0.9344351291656494,0.00028126527881671223,0.7849096655845642,80832.71180303345,59.623046875
3,6650,400,0.9221653938293457,0.0002809006345718392,0.7348405122756958,80825.39959685484,59.623046875
3,6700,450,0.9430296421051025,0.00028053274571569867,0.7814194560050964,80812.60263776148,59.623046875
3,6750,500,0.8601991534233093,0.00028016162254725357,0.7023429870605469,80805.58958936886,59.623046875
3,6800,550,0.9561486840248108,0.00027978727545601063,0.7321686744689941,80799.75444886951,59.623046875
3,6850,600,0.8955795168876648,0.00027940971492172934,0.7410908937454224,80798.76284001178,59.623046875
3,6900,650,0.9174884557723999,0.000279028951514129,0.7279554009437561,80793.61506977463,59.623046875
3,6950,700,0.9095290899276733,0.0002786449958925925,0.7397330403327942,80778.47869749954,59.623046875
3,7000,750,0.9346928596496582,0.0002782578588058679,0.7623951435089111,80778.62304395843,59.623046875
3,7050,800,0.9524078965187073,0.000277867551091768,0.7386554479598999,80766.57496588884,59.623046875
3,7100,850,0.9350854158401489,0.0002774740836768661,0.7425506711006165,80767.59503123448,59.623046875
3,7150,900,0.9135782718658447,0.00027707746757619096,0.698529839515686,80761.2241369748,59.623046875
3,7200,950,0.8770644664764404,0.00027667771389291795,0.7398862242698669,80754.01454508452,59.623046875
3,7250,1000,0.8763171434402466,0.00027627483381805824,0.744917094707489,80750.67188836646,59.623046875
3,7300,1050,0.9424328804016113,0.00027586883863014576,0.8028760552406311,80747.80495610653,59.623046875
3,7350,1100,0.8803991079330444,0.0002754597396949211,0.71217280626297,80743.69408098738,59.623046875
3,7400,1150,0.9133147597312927,0.00027504754846501385,0.7410324215888977,80742.61428771066,59.623046875
3,7450,1200,0.9057931900024414,0.0002746322764796213,0.714077353477478,80737.988978667,59.623046875
3,7500,1250,0.8555266857147217,0.000274213935364186,0.6794636249542236,80736.35090551294,59.623046875
3,7550,1300,0.8797842264175415,0.00027379253683007006,0.7213916182518005,80734.44840939951,59.623046875
3,7600,1350,0.8654703497886658,0.00027336809267422725,0.6820526123046875,80732.13369747638,59.623046875
3,7650,1400,0.863745391368866,0.0002729406147788729,0.7085571885108948,80731.97097773557,59.623046875
3,7700,1450,0.8624663352966309,0.00027251011511115103,0.6954208612442017,80730.87518639205,59.623046875
3,7750,1500,0.8983803391456604,0.00027207660572279967,0.7354358434677124,80725.68830505857,59.623046875
3,7800,1550,0.9079974889755249,0.00027164009874981304,0.7293833494186401,80725.34658543744,59.623046875
3,7850,1600,0.8369576930999756,0.0002712006064121023,0.6989513039588928,80717.61089408066,59.623046875
3,7900,1650,0.8943896293640137,0.00027075814101315294,0.7697510123252869,80715.050167586,59.623046875
3,7950,1700,0.798111081123352,0.00027031271493968084,0.671501636505127,80711.09198260684,59.623046875
3,8000,1750,0.8622980713844299,0.00026986434066128513,0.6878499388694763,80710.1966291783,59.623046875
3,8050,1800,0.8952867984771729,0.00026941303073009927,0.7001165151596069,80710.84358985715,59.623046875
3,8100,1850,0.8617156744003296,0.0002689587977804397,0.666114330291748,80709.13855034778,59.623046875
3,8150,1900,0.9136128425598145,0.00026850165452845204,0.7111177444458008,80707.70858190494,59.623046875
3,8200,1950,0.8449419140815735,0.0002680416137717551,0.6588737964630127,80703.5960011632,59.623046875
3,8250,2000,0.8821314573287964,0.0002675786883890827,0.6769862174987793,80702.33389130412,59.623046875
3,8300,2050,0.8416228294372559,0.00026711289133992316,0.6750914454460144,80700.89790880076,59.623046875
3,8350,2100,0.8790364265441895,0.00026664423566415634,0.7071412801742554,80698.93908803753,59.623046875
3,8400,2150,0.8977246880531311,0.0002661727344816887,0.7164254784584045,80696.03034860862,59.623046875
3,8450,2200,0.8550606966018677,0.00026569840099208603,0.6726073026657104,80689.09265947419,59.623046875
3,8500,2251,0.8613117933273315,0.00026522124847420383,0.7162196040153503,80684.46106912711,59.623046875
3,8550,2301,0.806738555431366,0.00026474129028581576,0.6486143469810486,80671.63868108422,59.623046875
3,8600,2351,0.840324878692627,0.0002642585398632395,0.6627950668334961,80659.45817330037,59.623046875
3,8650,2401,0.8743005990982056,0.00026377301072096066,0.696500837802887,80619.05216832008,59.623046875
3,8700,2451,0.8838397264480591,0.0002632847164512545,0.69866943359375,80581.61560662613,59.623046875
3,8750,2501,0.8620642423629761,0.0002627936707238053,0.6718135476112366,80545.63976503794,59.623046875
3,8800,2551,0.8261745572090149,0.0002622998872853239,0.6599947214126587,80513.5645934794,59.623046875
3,8850,2601,0.8383235931396484,0.00026180337995916256,0.626606822013855,80483.5826113967,59.623046875
3,8900,2651,0.8392554521560669,0.0002613041626449283,0.6511869430541992,80452.57239275295,59.623046875
3,8950,2701,0.8443988561630249,0.0002608022493180935,0.6808723211288452,80423.04673616044,59.623046875
3,9000,2751,0.8467584252357483,0.0002602976540296048,0.7647457718849182,80395.6127088243,59.623046875
3,9050,2801,0.8322387933731079,0.00025979039090548987,0.6317434310913086,80368.39128220375,59.623046875
3,9100,2851,0.8476816415786743,0.0002592804741464616,0.678610622882843,80341.51202436886,59.623046875
3,9150,2901,0.8131459951400757,0.0002587679180275209,0.6940524578094482,80316.01278467104,59.623046875
3,9200,2951,0.8425308465957642,0.000258252736897557,0.6513569355010986,80291.98427252445,59.623046875
3,9250,3001,0.8561086654663086,0.0002577349451789456,0.7071900367736816,80268.56345557622,59.623046875
3,9300,3051,0.8856499791145325,0.0002572145573671452,0.7163529992103577,80246.17968241834,59.623046875
3,9350,3101,0.8171365857124329,0.0002566915880302913,0.6320419311523438,80222.78936126754,59.623046875
3,9374,3125,0.8553403615951538,0.00025643965008704606,0.6812615394592285,80211.65029560048,59.623046875
4,9400,26,0.8245629072189331,0.0002561660518087889,0.6491672992706299,79670.51525714538,59.623046875
4,9450,76,0.8224698901176453,0.0002556379634149019,0.6635451912879944,79684.97893434683,59.623046875
4,9500,126,0.7994896173477173,0.00025510733763234203,0.6631126403808594,79735.04338713863,59.623046875
4,9550,176,0.8592778444290161,0.0002545741893158543,0.6603847742080688,79725.46418893532,59.623046875
4,9600,226,0.8283810019493103,0.0002540385333908018,0.6731307506561279,79687.6777031605,59.623046875
4,9650,276,0.8342193365097046,0.00025350038485274725,0.6580284237861633,79695.52381279778,59.623046875
4,9700,326,0.8421112298965454,0.0002529597587670337,0.6996782422065735,79691.60325447262,59.623046875
4,9750,376,0.8706395030021667,0.0002524166702683625,0.6547410488128662,79692.67267079777,59.623046875
4,9800,426,0.8455772995948792,0.00025187113456036966,0.7033630609512329,79695.8184185158,59.623046875
4,9850,476,0.8572807312011719,0.00025132316691520016,0.6414207816123962,79696.81775513008,59.623046875
4,9900,526,0.8460246920585632,0.00025077278267308066,0.6575577259063721,79699.10135668278,59.623046875
4,9950,576,0.8307993412017822,0.0002502199972418898,0.6899438500404358,79701.9888499289,59.623046875
4,10000,626,0.8162949085235596,0.00024966482609672697,0.6276469230651855,79702.64950050745,59.623046875
4,10050,676,0.8685913681983948,0.000249107284779479,0.706714391708374,79708.54180821234,59.623046875
4,10100,726,0.8464710712432861,0.00024854738889838534,0.7049388885498047,79714.05505711427,59.623046875
4,10150,776,0.8232948184013367,0.0002479851541276006,0.6481462121009827,79712.35702716498,59.623046875
4,10200,826,0.8821303248405457,0.0002474205962067563,0.6919112801551819,79707.85121447615,59.623046875
4,10250,876,0.8192640542984009,0.00024685373094052,0.647972047328949,79708.62824013727,59.623046875
4,10300,926,0.8519441485404968,0.00024628457419815266,0.6645736694335938,79707.21880473578,59.623046875
4,10350,976,0.8818109035491943,0.00024571314191306474,0.6968479752540588,79708.08257810886,59.623046875
4,10400,1026,0.8359137773513794,0.00024513945008236993,0.6437092423439026,79705.44911904025,59.623046875
4,10450,1076,0.8365933895111084,0.0002445635147664375,0.6504780650138855,79668.32689491904,59.623046875
4,10500,1126,0.865167498588562,0.00024398535208844233,0.6634174585342407,79634.8145667949,59.623046875
4,10550,1176,0.8604979515075684,0.00024340497823391403,0.6444457769393921,79603.48418730407,59.623046875
4,10600,1226,0.8542286157608032,0.00024282240945028337,0.6775985956192017,79577.0887565093,59.623046875
4,10650,1276,0.8614317774772644,0.00024223766204642784,0.6678611040115356,79551.45826089407,59.623046875
4,10700,1326,0.8693026900291443,0.00024165075239221474,0.6663350462913513,79528.12203765918,59.623046875
4,10750,1376,0.8163074254989624,0.00024106169691804317,0.6538734436035156,79507.82369335298,59.623046875
4,10800,1426,0.8102527856826782,0.00024047051211438386,0.6803481578826904,79487.45381218402,59.623046875
4,10850,1476,0.8359662890434265,0.00023987721453131775,0.6488479971885681,79464.92260212376,59.623046875
4,10900,1526,0.7961209416389465,0.0002392818207780724,0.6558295488357544,79445.47806317284,59.623046875
4,10950,1576,0.7964757680892944,0.0002386843475225573,0.6545204520225525,79422.76732700592,59.623046875
4,11000,1626,0.8218185305595398,0.00023808481149089703,0.6594057679176331,79407.0628455659,59.623046875
4,11050,1676,0.7915115356445312,0.0002374832294669632,0.6572775840759277,79392.44217338123,59.623046875
4,11100,1726,0.7753467559814453,0.00023687961829190434,0.6568911075592041,79378.43750326896,59.623046875
4,11150,1776,0.8236801624298096,0.0002362739948636748,0.6479283571243286,79365.0262002952,59.623046875
4,11200,1826,0.8128854632377625,0.0002356663761365613,0.6408487558364868,79352.38821257396,59.623046875
4,11250,1876,0.8109918832778931,0.00023505677912070868,0.6228265762329102,79340.60426334132,59.623046875
4,11300,1926,0.8293969631195068,0.00023444522088164323,0.6485857963562012,79329.73648295955,59.623046875
4,11350,1976,0.8815084099769592,0.00023383171853979558,0.7175279259681702,79316.82583038713,59.623046875
4,11400,2026,0.8265787363052368,0.00023321628927002074,0.6502297520637512,79306.95237441179,59.623046875
4,11450,2076,0.8274977207183838,0.00023259895030111784,0.6473619937896729,79298.40837042962,59.623046875
4,11500,2126,0.7963809370994568,0.0002319797189153475,0.6251280307769775,79288.80965322618,59.623046875
4,11550,2176,0.8248263597488403,0.0002313586124479481,0.6411557197570801,79280.66575328067,59.623046875
4,11600,2226,0.7952567338943481,0.00023073564828665055,0.6311943531036377,79272.27672010195,59.623046875
4,11650,2276,0.8437584042549133,0.0002301108438711914,0.6608939170837402,79263.85350290517,59.623046875
4,11700,2326,0.8260818719863892,0.00022948421669282475,0.6337358951568604,79256.24368382349,59.623046875
4,11750,2376,0.8245353102684021,0.0002288557842938325,0.6779430508613586,79248.95157692902,59.623046875
4,11800,2426,0.8432303667068481,0.00022822556426703322,0.651479184627533,79239.3308883644,59.623046875
4,11850,2476,0.8478493690490723,0.0002275935742552898,0.6636598706245422,79234.2242532407,59.623046875
4,11900,2526,0.8304759860038757,0.00022695983195101548,0.6416740417480469,79227.66834323358,59.623046875
4,11950,2576,0.7923926115036011,0.0002263243550956783,0.6607643365859985,79221.66494545793,59.623046875
4,12000,2626,0.832028329372406,0.0002256871614793049,0.6396622657775879,79215.1363347008,59.623046875
4,12050,2676,0.8271307945251465,0.0002250482689399821,0.6447941064834595,79211.03531092394,59.623046875
4,12100,2726,0.8199195861816406,0.00022440769536335772,0.6515884399414062,79205.97810450275,59.623046875
4,12150,2776,0.8424052000045776,0.00022376545868213986,0.6927168965339661,79201.98645741408,59.623046875
4,12200,2826,0.8052345514297485,0.00022312157687559477,0.6320165991783142,79197.65436406912,59.623046875
4,12250,2876,0.7720364928245544,0.00022247606796904369,0.6057798266410828,79193.7943551826,59.623046875
4,12300,2926,0.7838671803474426,0.00022182895003335803,0.6290439367294312,79189.61888415311,59.623046875
4,12350,2976,0.7594712972640991,0.0002211802411844537,0.5925173759460449,79184.79276840533,59.623046875
4,12400,3026,0.8055350184440613,0.00022052995958278385,0.6356194019317627,79181.5068275182,59.623046875
4,12450,3076,0.8218522071838379,0.00021987812343283037,0.6246629357337952,79177.94921221882,59.623046875
4,12498,3125,0.8083440065383911,0.0002192509151482662,0.6504392027854919,79174.63422762699,59.623046875
5,12500,2,0.8481742739677429,0.00021922475098259448,0.6848037242889404,78004.67246312843,59.623046875
5,12550,52,0.8162781596183777,0.00021856986052308576,0.6443111300468445,78987.10108917633,59.623046875
5,12600,102,0.7618832588195801,0.00021791347038781008,0.6144636869430542,78946.60536452715,59.623046875
5,12650,152,0.7913166284561157,0.0002172555989522563,0.6047655940055847,78932.52442664377,59.623046875
5,12700,202,0.8201631307601929,0.00021659626463338207,0.6673809885978699,78930.10232575615,59.623046875
5,12750,252,0.7502349019050598,0.00021593548588909808,0.6081632375717163,78933.02824778405,59.623046875
5,12800,302,0.7818900346755981,0.00021527328121775133,0.6339291334152222,78926.87166551898,59.623046875
5,12850,352,0.8199570178985596,0.0002146096691576073,0.6554587483406067,78923.59746116433,59.623046875
5,12900,402,0.8165805339813232,0.00021394466828633118,0.6499437689781189,78919.81758864364,59.623046875
5,12950,452,0.7835583686828613,0.00021327829722046727,0.6416489481925964,78920.65894419656,59.623046875
5,13000,502,0.8030918836593628,0.00021261057461491846,0.6308408379554749,78918.53384845836,59.623046875
5,13050,552,0.8194928765296936,0.00021194151916242355,0.6584036350250244,78922.9796294901,59.623046875
5,13100,602,0.8064109086990356,0.00021127114959303405,0.6425827741622925,78926.0848911785,59.623046875
5,13150,652,0.7670530080795288,0.0002105994846735899,0.6398272514343262,78924.15550647686,59.623046875
5,13200,702,0.7848522067070007,0.00020992654320719408,0.6272505521774292,78923.72541036105,59.623046875
5,13250,752,0.8165261149406433,0.0002092523440326862,0.6394102573394775,78924.099130631,59.623046875
5,13300,802,0.8093661069869995,0.00020857690602411508,0.6368042826652527,78924.09896934028,59.623046875
5,13350,852,0.7784018516540527,0.00020790024809021044,0.6593073010444641,78918.33867292326,59.623046875
5,13400,902,0.8356274366378784,0.00020722238917385353,0.6558719277381897,78917.48514943302,59.623046875
5,13450,952,0.7993355989456177,0.00020654334825154683,0.6310648322105408,78915.47084175952,59.623046875
5,13500,1002,0.7912876009941101,0.00020586314433288278,0.6193469166755676,78909.05703069044,59.623046875
5,13550,1052,0.8041340112686157,0.00020518179646001163,0.6465070843696594,78907.1755249405,59.623046875
5,13600,1102,0.8200372457504272,0.00020449932370710837,0.6706850528717041,78906.09588766184,59.623046875
5,13650,1152,0.7718960642814636,0.00020381574517983872,0.6129394173622131,78909.78157268435,59.623046875
5,13700,1202,0.8117284774780273,0.00020313108001482433,0.6592916250228882,78911.3101387738,59.623046875
5,13750,1252,0.7751458883285522,0.00020244534737910708,0.6153790950775146,78909.39876427274,59.623046875
5,13800,1302,0.8184394836425781,0.00020175856646961228,0.6622634530067444,78911.65859713888,59.623046875
5,13850,1352,0.8124896287918091,0.0002010707565126116,0.6572591662406921,78911.99313147401,59.623046875
5,13900,1402,0.8248370885848999,0.0002003819367631845,0.6953814625740051,78911.19260440576,59.623046875
5,13950,1452,0.8216402530670166,0.00019969212650467947,0.6547932028770447,78913.28398837725,59.623046875
5,14000,1502,0.7863954305648804,0.00019900134504817398,0.630540132522583,78915.18096316027,59.623046875
5,14050,1552,0.7843427062034607,0.00019830961173193402,0.6378950476646423,78915.22422738599,59.623046875
5,14100,1602,0.8139801025390625,0.0001976169459208726,0.668788492679596,78906.42156153296,59.623046875
5,14150,1652,0.860458493232727,0.0001969233670060078,0.7115997076034546,78910.3972848771,59.623046875
5,14200,1702,0.7790501117706299,0.00019622889440391977,0.6408805847167969,78916.70511359187,59.623046875
5,14250,1752,0.7800041437149048,0.00019553354755620726,0.6220471858978271,78923.2128561624,59.623046875
5,14300,1802,0.776888370513916,0.00019483734592894324,0.6295620799064636,78926.28779843605,59.623046875
5,14350,1852,0.8041816353797913,0.00019414030901213016,0.6580451130867004,78929.97716225866,59.623046875
5,14400,1902,0.8005079030990601,0.00019344245631915412,0.6169204115867615,78935.6462404663,59.623046875
5,14450,1952,0.7954730987548828,0.0001927438073862387,0.6664484739303589,78941.15280833674,59.623046875
5,14500,2003,0.8044775128364563,0.000192044381771898,0.6428396105766296,78941.16176373919,59.623046875
5,14550,2053,0.8181034922599792,0.00019134419905638924,0.6385017037391663,78940.88719454082,59.623046875
5,14600,2103,0.7461355924606323,0.0001906432788411644,0.6085378527641296,78940.44829638916,59.623046875
5,14650,2153,0.7748172879219055,0.00018994164074832165,0.6264531016349792,78938.92686388358,59.623046875
5,14700,2203,0.7747594118118286,0.00018923930442005596,0.6975826025009155,78937.83984800299,59.623046875
5,14750,2253,0.8062746524810791,0.00018853628951810922,0.6343039274215698,78937.71224444077,59.623046875
5,14800,2303,0.7830404043197632,0.0001878326157232199,0.628362774848938,78934.20481283883,59.623046875
5,14850,2353,0.791294515132904,0.0001871283027345719,0.6295202970504761,78930.89841640026,59.623046875
5,14900,2403,0.7475323677062988,0.00018642337026924337,0.6471815705299377,78927.84940062212,59.623046875
5,14950,2453,0.8137518763542175,0.00018571783806165443,0.6645395755767822,78928.59353116898,59.623046875
5,15000,2503,0.7931039333343506,0.00018501172586301486,0.6448639631271362,78899.52558618758,59.623046875
5,15050,2553,0.7970247268676758,0.00018430505344077124,0.6480076313018799,78787.41357798672,59.623046875
5,15100,2603,0.8163803815841675,0.00018359784057805334,0.6390576362609863,78724.7694150211,59.623046875
5,15150,2653,0.7944270372390747,0.00018289010707312064,0.649097204208374,78746.81347690734,59.623046875
5,15200,2703,0.8124212622642517,0.0001821818727388076,0.6323804259300232,78743.70450014007,59.623046875
5,15250,2753,0.7693146467208862,0.00018147315740196955,0.6266184449195862,78741.25277929526,59.623046875
5,15300,2803,0.804460883140564,0.00018076398090292723,0.6297867298126221,78738.80210850206,59.623046875
5,15350,2853,0.8005642294883728,0.00018005436309491153,0.6577787399291992,78736.49726834784,59.623046875
5,15400,2903,0.809328019618988,0.00017934432384350768,0.6847171187400818,78738.04227682954,59.623046875
5,15450,2953,0.7965718507766724,0.00017863388302609916,0.6301910281181335,78739.84785224176,59.623046875
5,15500,3003,0.7627710700035095,0.00017792306053131116,0.622840940952301,78741.83329473063,59.623046875
5,15550,3053,0.8214231729507446,0.00017721187625845374,0.643066942691803,78743.22054765654,59.623046875
5,15600,3103,0.773194432258606,0.00017650035011696519,0.632316529750824,78744.68886323296,59.623046875
5,15622,3125,0.8027323484420776,0.0001761871754428078,0.6466227769851685,78745.60955777502,59.623046875
6,15650,28,0.7923410534858704,0.00017578850202585385,0.6473700404167175,78821.10057599076,59.623046875
6,15700,78,0.7961476445198059,0.00017507635191314137,0.6558347940444946,78811.17206937856,59.623046875
6,15750,128,0.7914250493049622,0.0001743639197153042,0.6624536514282227,78838.3422414755,59.623046875
6,15800,178,0.7896634340286255,0.0001736512253767159,0.6569826602935791,78861.99926727735,59.623046875
6,15850,228,0.7987091541290283,0.00017293828884908823,0.6429536938667297,78865.93466708716,59.623046875
6,15900,278,0.7598611116409302,0.0001722251300909134,0.6464230418205261,78857.33676887864,59.623046875
6,15950,328,0.8010519742965698,0.00017151176906690467,0.6502355933189392,78842.21922174093,59.623046875
6,16000,378,0.7857284545898438,0.00017079822574743772,0.6539075374603271,78847.14567648685,59.623046875
6,16050,428,0.8215051293373108,0.0001700845201079916,0.6784054636955261,78852.96758263293,59.623046875
6,16100,478,0.7714679837226868,0.00016937067212858942,0.6304702758789062,78853.17818760723,59.623046875
6,16150,528,0.7253826856613159,0.0001686567017932391,0.6095257997512817,78851.35337961081,59.623046875
6,16200,578,0.7484732866287231,0.00016794262908937385,0.6522873640060425,78856.77356816198,59.623046875
6,16250,628,0.7944772839546204,0.00016722847400729268,0.6537693738937378,78861.80004744718,59.623046875
6,16300,678,0.7823419570922852,0.00016651425653960075,0.6102205514907837,78858.15879909432,59.623046875
6,16350,728,0.7987951040267944,0.00016579999668064974,0.6713677048683167,78864.97027239708,59.623046875
6,16400,778,0.8523961305618286,0.00016508571442597802,0.697991669178009,78865.22992651758,59.623046875
6,16450,828,0.7996145486831665,0.00016437142977175092,0.6656575202941895,78867.15859018362,59.623046875
6,16500,878,0.7903768420219421,0.0001636571627142009,0.6458640098571777,78867.70043404547,59.623046875
6,16550,929,0.7657040357589722,0.00016294293324906788,0.6331673264503479,78870.80517603084,59.623046875
6,16600,979,0.7495448589324951,0.00016222876137103948,0.638893187046051,78870.17306413593,59.623046875
6,16650,1029,0.7892007827758789,0.0001615146670731909,0.6380999684333801,78869.80089393759,59.623046875
6,16700,1079,0.8250722885131836,0.00016080067034642575,0.6607961654663086,78869.79791449822,59.623046875
6,16750,1129,0.7640226483345032,0.00016008679117891607,0.6673951148986816,78877.2721294235,59.623046875
6,16800,1179,0.767467737197876,0.00015937304955554294,0.655865490436554,78887.62364666787,59.623046875
6,16850,1229,0.8266555070877075,0.00015865946545733675,0.6753798127174377,78898.74283091786,59.623046875
6,16900,1279,0.7760617733001709,0.00015794605886091816,0.6401289701461792,78905.54321535773,59.623046875
6,16950,1329,0.7654877305030823,0.00015723284973793858,0.6399415135383606,78914.13180226884,59.623046875
6,17000,1379,0.7574481964111328,0.00015651985805452135,0.6281322836875916,78921.11473409801,59.623046875
6,17050,1429,0.8083841800689697,0.0001558071037707026,0.6474310755729675,78924.97376363528,59.623046875
6,17100,1479,0.7379618883132935,0.00015509460683987242,0.6353682279586792,78928.82518627353,59.623046875
6,17150,1529,0.768515944480896,0.0001543823872082164,0.6503716111183167,78875.75425708172,59.623046875
6,17200,1579,0.7568353414535522,0.00015367046481415728,0.6375406980514526,78853.87681613199,59.623046875
6,17250,1629,0.7801564931869507,0.00015295885958779663,0.6285564303398132,78833.50080728893,59.623046875
6,17300,1679,0.7966233491897583,0.00015224759145035703,0.6668204665184021,78711.44892250338,59.623046875
6,17350,1729,0.7602415680885315,0.00015153668031362422,0.6299374103546143,78642.19827030462,59.623046875
6,17400,1779,0.7876701354980469,0.00015082614607939,0.663963794708252,78670.3497983887,59.623046875
6,17450,1829,0.7495846152305603,0.00015011600863889466,0.6293225288391113,78594.86673352336,59.623046875
6,17500,1879,0.7240918874740601,0.00014940628787227047,0.602873682975769,78564.1681029119,59.623046875
6,17550,1929,0.7794985771179199,0.0001486970036479849,0.6506490707397461,78628.94671191958,59.623046875
6,17600,1979,0.7877854108810425,0.00014798817582228473,0.6471437811851501,78631.5314144695,59.623046875
6,17650,2029,0.7963056564331055,0.0001472798242386397,0.6523321270942688,78637.41170360164,59.623046875
6,17700,2079,0.7882726192474365,0.0001465719687271875,0.6692386865615845,78643.12533780931,59.623046875
6,17750,2129,0.7591167688369751,0.00014586462910417812,0.6353213787078857,78648.101376289,59.623046875
6,17800,2179,0.7704212665557861,0.00014515782517141973,0.6380057334899902,78654.08172252541,59.623046875
6,17850,2229,0.7331922054290771,0.00014445157671572368,0.6525751948356628,78658.46171490147,59.623046875
6,17900,2279,0.7603222131729126,0.00014374590350835104,0.6732664108276367,78661.46920939272,59.623046875
6,17950,2329,0.8014266490936279,0.00014304082530445877,0.6844480633735657,78664.63648024373,59.623046875
6,18000,2379,0.7643029689788818,0.00014233636184254707,0.6411387920379639,78669.21730893278,59.623046875
6,18050,2429,0.7307068705558777,0.0001416325328439064,0.6049789190292358,78672.73713857864,59.623046875
6,18100,2479,0.7677210569381714,0.00014092935801206566,0.6343463063240051,78678.2429529723,59.623046875
6,18150,2529,0.7592597007751465,0.0001402268570322404,0.6515330672264099,78682.60888002293,59.623046875
6,18200,2579,0.770283579826355,0.00013952504957078198,0.6653622388839722,78685.42130222276,59.623046875
6,18250,2629,0.7647135257720947,0.00013882395527462684,0.6133542656898499,78688.55755716782,59.623046875
6,18300,2679,0.8173402547836304,0.0001381235937707464,0.6649933457374573,78693.40247812367,59.623046875
6,18350,2729,0.7743287086486816,0.0001374239846655979,0.6795057058334351,78697.49544667122,59.623046875
6,18400,2779,0.7550917863845825,0.0001367251475445752,0.6596792936325073,78701.15107121394,59.623046875
6,18450,2829,0.7439707517623901,0.00013602710197146075,0.6264448165893555,78704.68958528704,59.623046875
6,18500,2879,0.7754384279251099,0.00013532986748787781,0.6455810070037842,78708.49243167165,59.623046875
6,18550,2930,0.7514378428459167,0.0001346334636127433,0.6407831907272339,78710.82520332132,59.623046875
6,18600,2980,0.7288315892219543,0.00013393790984172143,0.6452112197875977,78715.19115991273,59.623046875
6,18650,3030,0.7965074777603149,0.0001332432256466781,0.6678106784820557,78717.24973146044,59.623046875
6,18700,3080,0.711205005645752,0.00013254943047513553,0.6287407875061035,78720.30373627823,59.623046875
6,18745,3125,0.7264988422393799,0.00013192579098917048,0.6248911023139954,78722.09408660802,59.623046875
7,18750,5,0.7749354839324951,0.00013185654374972788,0.6457377672195435,78583.78815162588,59.623046875
7,18800,55,0.7350994348526001,0.00013116458486765758,0.6498500108718872,78880.44668413216,59.623046875
7,18850,105,0.7772151231765747,0.00013047357320015253,0.6638106107711792,78890.01774402133,59.623046875
7,18900,155,0.7564789056777954,0.00012978352809192323,0.631108283996582,78836.71685764285,59.623046875
7,18950,205,0.7312735319137573,0.00012909446886062183,0.6507831811904907,78853.93661496548,59.623046875
7,19000,255,0.7668026089668274,0.00012840641479630092,0.6646005511283875,78835.8068949534,59.623046875
7,19050,305,0.715258002281189,0.0001277193851608739,0.6120848655700684,78857.12389548548,59.623046875
7,19100,355,0.7485651969909668,0.0001270333991875753,0.6309605836868286,78884.0517200223,59.623046875
7,19150,405,0.783202052116394,0.00012634847608042265,0.6688165068626404,78907.04889910213,59.623046875
7,19200,455,0.774193286895752,0.00012566463501367873,0.6706179976463318,78909.51895357575,59.623046875
7,19250,505,0.7768123149871826,0.00012498189513131505,0.6750637888908386,78759.76984938531,59.623046875
7,19300,555,0.7405584454536438,0.0001243002755464755,0.6449868083000183,78258.04129839613,59.623046875
7,19350,605,0.7859241962432861,0.00012361979534094157,0.6690759658813477,78250.21346975262,59.623046875
7,19400,655,0.7748602032661438,0.0001229404735645981,0.6769405603408813,78292.03141338858,59.623046875
7,19450,705,0.7825894355773926,0.00012226232923490005,0.657076358795166,78322.22281270365,59.623046875
7,19500,755,0.7614766359329224,0.00012158538133633994,0.6530835628509521,78354.45042930983,59.623046875
7,19550,805,0.8004899024963379,0.00012090964881991646,0.6652328968048096,78380.97726435236,59.623046875
7,19600,855,0.7585644125938416,0.00012023515060260401,0.6430472135543823,78408.11045363995,59.623046875
7,19650,905,0.7740002870559692,0.00011956190556682312,0.6902883648872375,78432.0307029077,59.623046875
7,19700,955,0.7581485509872437,0.00011888993255991175,0.6625362038612366,78447.65950088314,59.623046875
7,19750,1005,0.7747443914413452,0.00011821925039359762,0.6969329118728638,78468.97597451725,59.623046875
7,19800,1055,0.7811581492424011,0.00011754987784347179,0.6617845892906189,78488.6507252911,59.623046875
7,19850,1105,0.7722268104553223,0.00011688183364846293,0.67563396692276,78501.22695201803,59.623046875
7,19900,1155,0.763297975063324,0.00011621513651031261,0.6573982238769531,78519.1733490796,59.623046875
7,19950,1205,0.7838533520698547,0.00011554980509305192,0.6768124103546143,78532.73556479083,59.623046875
7,20000,1255,0.7282016277313232,0.00011488585802247896,0.6510320901870728,78545.17008018753,59.623046875
7,20050,1305,0.7634169459342957,0.00011422331388563719,0.6595094203948975,78556.69179628947,59.623046875
7,20100,1355,0.7728985548019409,0.00011356219123029552,0.6728712320327759,78564.43193835297,59.623046875
7,20150,1405,0.7470117807388306,0.00011290250856442864,0.6661556959152222,78571.9102574253,59.623046875
7,20200,1455,0.7252618670463562,0.00011224428435569911,0.6259991526603699,78581.35786478173,59.623046875
7,20250,1505,0.7907566428184509,0.0001115875370309403,0.6810389757156372,78589.3092521716,59.623046875
7,20300,1555,0.7465393543243408,0.00011093228497564063,0.6257669925689697,78596.32245627955,59.623046875
7,20350,1605,0.7784189581871033,0.00011027854653342879,0.6550842523574829,78602.273174476,59.623046875
7,20400,1655,0.7843230962753296,0.00010962634000556012,0.6730167269706726,78609.15509029091,59.623046875
7,20450,1705,0.7785871624946594,0.00010897568365040444,0.6826164722442627,78613.48987352199,59.623046875
7,20500,1755,0.7673388719558716,0.00010832659568293491,0.6471327543258667,78620.00520084811,59.623046875
7,20550,1805,0.7641658186912537,0.00010767909427421799,0.681705117225647,78626.25659492808,59.623046875
7,20600,1856,0.7654815912246704,0.00010703319755090474,0.6568854451179504,78632.07201631779,59.623046875
7,20650,1906,0.7559914588928223,0.00010638892359472346,0.6594681739807129,78637.02845380882,59.623046875
7,20700,1956,0.7404477596282959,0.0001057462904419735,0.648497462272644,78642.07650870815,59.623046875
7,20750,2006,0.7688626646995544,0.00010510531608302036,0.7150432467460632,78647.02004651632,59.623046875
7,20800,2056,0.744628369808197,0.00010446601846179183,0.6595025062561035,78652.4001885493,59.623046875
7,20850,2106,0.7834402322769165,0.00010382841547527586,0.6752915978431702,78658.95316079642,59.623046875
7,20900,2156,0.7773289084434509,0.00010319252497301964,0.6699377298355103,78663.58032969176,59.623046875
7,20950,2206,0.7995816469192505,0.00010255836475662958,0.6666635274887085,78668.6509732659,59.623046875
7,21000,2256,0.7314159870147705,0.00010192595257927328,0.645585834980011,78672.4621051151,59.623046875
7,21050,2306,0.7276943922042847,0.00010129530614518226,0.6317063570022583,78675.86226579515,59.623046875
7,21100,2356,0.7467228174209595,0.00010066644310915664,0.6580802798271179,78681.20216038654,59.623046875
7,21150,2406,0.754511296749115,0.00010003938107607052,0.6471095681190491,78685.86517934645,59.623046875
7,21200,2456,0.785552442073822,9.941413760037954e-05,0.6958625912666321,78689.01341005566,59.623046875
7,21250,2506,0.7568539381027222,9.87907301856291e-05,0.6662135124206543,78691.53948043253,59.623046875
7,21300,2556,0.7205328345298767,9.816917628396463e-05,0.6275494694709778,78695.31308560872,59.623046875
7,21350,2606,0.7595974206924438,9.754949329564271e-05,0.657550573348999,78698.74761754708,59.623046875
7,21400,2656,0.7706782817840576,9.693169856854438e-05,0.6670480966567993,78701.6657607089,59.623046875
7,21450,2706,0.734168291091919,9.631580939768904e-05,0.6410050392150879,78704.61023021884,59.623046875
7,21500,2756,0.7500663995742798,9.57018430247506e-05,0.6682481169700623,78707.62548828943,59.623046875
7,21550,2806,0.7157980799674988,9.508981663757466e-05,0.6369280815124512,78710.482865231,59.623046875
7,21600,2856,0.7731820344924927,9.447974736969731e-05,0.6740458607673645,78712.22808409708,59.623046875
7,21650,2906,0.7613005042076111,9.387165229986566e-05,0.6853280663490295,78714.81931707045,59.623046875
7,21700,2956,0.7803248167037964,9.326554845155949e-05,0.6767324209213257,78717.30590765421,59.623046875
7,21750,3006,0.7615607976913452,9.266145279251492e-05,0.6651396751403809,78717.97565374046,59.623046875
7,21800,3056,0.7185548543930054,9.205938223424912e-05,0.6617122292518616,78720.45353291053,59.623046875
7,21850,3106,0.7276167273521423,9.145935363158721e-05,0.6402133703231812,78717.84031906282,59.623046875
7,21869,3125,0.7351782321929932,9.123188165930339e-05,0.6430693864822388,78720.59805574213,59.623046875
8,21900,31,0.7448145151138306,9.086138378219007e-05,0.653343915939331,78770.36443883552,59.623046875
8,21950,81,0.7701147198677063,9.026548942608444e-05,0.663925051689148,78822.58666141654,59.623046875
8,22000,131,0.7864329814910889,8.967168724519396e-05,0.7375961542129517,78835.76609613838,59.623046875
8,22050,181,0.7540480494499207,8.907999386287234e-05,0.6723694801330566,78797.97754733676,59.623046875
8,22100,231,0.734991729259491,8.849042584343799e-05,0.6482132077217102,78801.83361756062,59.623046875
8,22150,281,0.7564749717712402,8.790299969171038e-05,0.6862537264823914,78808.84634546234,59.623046875
8,22200,331,0.7512393593788147,8.731773185254774e-05,0.6855886578559875,78815.03204724594,59.623046875
8,22250,381,0.7736247777938843,8.673463871038681e-05,0.7029030919075012,78824.62623542688,59.623046875
8,22300,431,0.7477714419364929,8.615373658878438e-05,0.6652848720550537,78823.8498378574,59.623046875
8,22350,481,0.7481679320335388,8.557504174996006e-05,0.6569846272468567,78822.61109154068,59.623046875
8,22400,531,0.7450243830680847,8.4998570394341e-05,0.6499357223510742,78818.78052736413,59.623046875
8,22450,581,0.7709729671478271,8.442433866010849e-05,0.6892093420028687,78821.39424206167,59.623046875
8,22500,631,0.7591491937637329,8.385236262274623e-05,0.6713652610778809,78820.78545308467,59.623046875
8,22550,681,0.7722984552383423,8.328265829459015e-05,0.6733137369155884,78823.22274027391,59.623046875
8,22600,731,0.7323433756828308,8.27152416243802e-05,0.6674818992614746,78822.33589766145,59.623046875
8,22650,781,0.7798361778259277,8.21501284968139e-05,0.6942551136016846,78823.37807462914,59.623046875
8,22700,832,0.7485556602478027,8.158733473210155e-05,0.6935393810272217,78820.91044324846,59.623046875
8,22750,882,0.7874724268913269,8.102687608552358e-05,0.6931896805763245,78819.55187343583,59.623046875
8,22800,932,0.7214661836624146,8.046876824698925e-05,0.6634541153907776,78820.42590770063,59.623046875
8,22850,982,0.720195472240448,7.991302684059749e-05,0.6661649942398071,78825.55984714018,59.623046875
8,22900,1032,0.7475201487541199,7.935966742419945e-05,0.6947661638259888,78829.30954687596,59.623046875
8,22950,1082,0.719391942024231,7.880870548896314e-05,0.6710039377212524,78831.84284555513,59.623046875
8,23000,1132,0.7786719799041748,7.826015645893966e-05,0.6792184114456177,78834.5749811856,59.623046875
8,23050,1182,0.7565528154373169,7.771403569063129e-05,0.7039711475372314,78836.25749288034,59.623046875
8,23100,1232,0.7672163248062134,7.717035847256163e-05,0.6546613574028015,78836.43438710352,59.623046875
8,23150,1282,0.7543827295303345,7.662914002484786e-05,0.658653736114502,78837.71080089845,59.623046875
8,23200,1332,0.7348522543907166,7.609039549877438e-05,0.6507871150970459,78833.76720919047,59.623046875
8,23250,1382,0.7084009051322937,7.555413997636867e-05,0.6599990129470825,78831.72523813936,59.623046875
8,23300,1432,0.7542650699615479,7.502038846997914e-05,0.6836530566215515,78834.57112399914,59.623046875
8,23350,1482,0.7824704647064209,7.448915592185484e-05,0.6888255476951599,78834.52218053074,59.623046875
8,23400,1532,0.7164891958236694,7.396045720372729e-05,0.6596043109893799,78835.56401267291,59.623046875
8,23450,1582,0.7569007277488708,7.343430711639395e-05,0.6944108605384827,78834.83793518195,59.623046875
8,23500,1632,0.7654600739479065,7.291072038930396e-05,0.6749200224876404,78833.13596694617,59.623046875
8,23550,1682,0.7316178679466248,7.238971168014571e-05,0.664695143699646,78830.86343745815,59.623046875
8,23600,1732,0.7663048505783081,7.187129557443667e-05,0.6823442578315735,78824.92826888738,59.623046875
8,23650,1782,0.7314244508743286,7.135548658511507e-05,0.6702933311462402,78825.85754901117,59.623046875
8,23700,1832,0.7638026475906372,7.084229915213332e-05,0.6645144820213318,78826.41761247818,59.623046875
8,23750,1882,0.7263429164886475,7.033174764205403e-05,0.6586945652961731,78818.0114543085,59.623046875
8,23800,1932,0.7271555662155151,6.98238463476479e-05,0.6640079021453857,78814.5879118954,59.623046875
8,23850,1982,0.7604334354400635,6.931860948749327e-05,0.7047932147979736,78813.65387601918,59.623046875
8,23900,2032,0.7633757591247559,6.881605120557842e-05,0.7100117206573486,78813.11315343177,59.623046875
8,23950,2082,0.7580451369285583,6.831618557090534e-05,0.6846277117729187,78810.27309122347,59.623046875
8,24000,2132,0.7968112230300903,6.781902657709608e-05,0.7191200852394104,78811.07213786461,59.623046875
8,24050,2182,0.7571654915809631,6.732458814200081e-05,0.6752697229385376,78810.61530246024,59.623046875
8,24100,2232,0.7451858520507812,6.683288410730841e-05,0.6823498606681824,78810.87551037414,59.623046875
8,24150,2282,0.7193500995635986,6.634392823815873e-05,0.6816241145133972,78809.96579983982,59.623046875
8,24200,2332,0.7314761877059937,6.585773422275749e-05,0.7079240083694458,78810.89504993183,59.623046875
8,24250,2382,0.7837501764297485,6.537431567199285e-05,0.7035320401191711,78810.91693665757,59.623046875
8,24300,2432,0.734035313129425,6.48936861190546e-05,0.6636762619018555,78812.0481140678,59.623046875
8,24350,2482,0.7913979291915894,6.441585901905502e-05,0.7015843987464905,78812.28539363944,59.623046875
8,24400,2532,0.7493363618850708,6.394084774865258e-05,0.6845290660858154,78812.37890654721,59.623046875
8,24450,2582,0.789853036403656,6.346866560567711e-05,0.7024545073509216,78811.98026948413,59.623046875
8,24500,2632,0.7222511172294617,6.299932580875764e-05,0.6608730554580688,78812.09403005804,59.623046875
8,24550,2682,0.7665328979492188,6.253284149695253e-05,0.7426009178161621,78813.08716333988,59.623046875
8,24600,2732,0.7125610113143921,6.206922572938144e-05,0.6688930988311768,78809.64598154918,59.623046875
8,24650,2782,0.7467588782310486,6.160849148485978e-05,0.7064510583877563,78806.99023671803,59.623046875
8,24700,2833,0.7000774145126343,6.115065166153533e-05,0.6651678085327148,78806.44747193287,59.623046875
8,24750,2883,0.7700234651565552,6.069571907652738e-05,0.6937311887741089,78806.13438735525,59.623046875
8,24800,2933,0.7307065725326538,6.02437064655677e-05,0.6844491958618164,78804.08324376307,59.623046875
8,24850,2983,0.7431386709213257,5.979462648264398e-05,0.7067979574203491,78802.83356122562,59.623046875
8,24900,3033,0.7311099767684937,5.934849169964571e-05,0.6774027347564697,78802.32151368214,59.623046875
8,24950,3083,0.7632963061332703,5.8905314606012316e-05,0.7070257067680359,78803.04562525106,59.623046875
8,24992,3125,0.6818658113479614,5.8535340628631144e-05,0.6375643610954285,78804.4354020134,59.623046875
9,25000,8,0.7178183197975159,5.846510760838319e-05,0.6770485639572144,78280.73826271425,59.623046875
9,25050,58,0.7319504618644714,5.802788303025081e-05,0.6829837560653687,78751.00784814556,59.623046875
9,25100,108,0.7414833903312683,5.7593653111615316e-05,0.6879072785377502,78823.34462319117,59.623046875
9,25150,158,0.7102574110031128,5.716243000864212e-05,0.6622053384780884,78829.5801088028,59.623046875
9,25200,208,0.7200034260749817,5.6734225793321576e-05,0.6942048072814941,78837.66158219607,59.623046875
9,25250,258,0.7546031475067139,5.630905245313098e-05,0.7263504266738892,78843.84710262959,59.623046875
9,25300,308,0.7121523022651672,5.588692189069891e-05,0.6972281336784363,78850.56633956145,59.623046875
9,25350,358,0.738600492477417,5.546784592347211e-05,0.7363458871841431,78861.00772383087,59.623046875
9,25400,408,0.7171005010604858,5.50518362833847e-05,0.6745103001594543,78858.14540967018,59.623046875
9,25450,458,0.7745919227600098,5.463890461652966e-05,0.7017191648483276,78856.15829362272,59.623046875
9,25500,508,0.7221599817276001,5.422906248283281e-05,0.6816632747650146,78864.88220397398,59.623046875
9,25550,558,0.7224236726760864,5.382232135572922e-05,0.6849905252456665,78869.14024219233,59.623046875
9,25600,608,0.6902276277542114,5.3418692621841895e-05,0.6787259578704834,78865.25238197793,59.623046875
9,25650,658,0.799360990524292,5.301818758066339e-05,0.7585147619247437,78864.76925081116,59.623046875
9,25700,708,0.7279220819473267,5.262081744423896e-05,0.6978344321250916,78855.4697290632,59.623046875
9,25750,758,0.716707706451416,5.2226593336853016e-05,0.697518527507782,78847.46331189688,59.623046875
9,25800,808,0.7091400623321533,5.1835526294717585e-05,0.6821650862693787,78847.93880619308,59.623046875
9,25850,858,0.7377965450286865,5.144762726566344e-05,0.6755178570747375,78851.16247496512,59.623046875
9,25900,908,0.7274602055549622,5.1062907108833584e-05,0.6935517191886902,78851.66621495833,59.623046875
9,25950,958,0.7258753180503845,5.068137659437916e-05,0.680425763130188,78844.89177776138,59.623046875
9,26000,1008,0.7163147330284119,5.0303046403158005e-05,0.6825472116470337,78839.83247394094,59.623046875
9,26050,1058,0.7025317549705505,4.992792712643575e-05,0.6651411652565002,78839.74294249427,59.623046875
9,26100,1108,0.7135577201843262,4.9556029265589184e-05,0.6727132201194763,78838.85255308352,59.623046875
9,26150,1158,0.7374904155731201,4.918736323181225e-05,0.7150046825408936,78839.82171141286,59.623046875
9,26200,1208,0.7677146792411804,4.882193934582469e-05,0.700302243232727,78838.19467324871,59.623046875
9,26250,1258,0.7044304609298706,4.84597678375831e-05,0.6749445199966431,78837.96837612157,59.623046875
9,26300,1308,0.7597059011459351,4.810085884599445e-05,0.6961974501609802,78834.31207760301,59.623046875
9,26350,1358,0.754496693611145,4.7745222418632405e-05,0.7199367880821228,78829.86572270266,59.623046875
9,26400,1408,0.7524688839912415,4.739286851145585e-05,0.7174103260040283,78828.0165665963,59.623046875
9,26450,1458,0.7383073568344116,4.704380698853041e-05,0.6854850649833679,78827.73782330431,59.623046875
9,26500,1508,0.7721494436264038,4.669804762175206e-05,0.7063509821891785,78828.79392692975,59.623046875
9,26550,1558,0.7203344106674194,4.635560009057376e-05,0.6743834018707275,78829.66201078109,59.623046875
9,26600,1608,0.7269463539123535,4.601647398173437e-05,0.7125479578971863,78830.41281784547,59.623046875
9,26650,1658,0.747383713722229,4.568067878899027e-05,0.7345359921455383,78830.8149203665,59.623046875
9,26700,1708,0.7071002721786499,4.534822391284971e-05,0.6566929817199707,78834.55913168391,59.623046875
9,26750,1758,0.7333856821060181,4.5019118660309514e-05,0.6890875101089478,78844.80378447683,59.623046875
9,26800,1808,0.7579269409179688,4.469337224459456e-05,0.7037389874458313,78851.19832431096,59.623046875
9,26850,1858,0.7225800156593323,4.437099378489982e-05,0.694507896900177,78859.20352447213,59.623046875
9,26900,1908,0.7522869110107422,4.4051992306135274e-05,0.7155542969703674,78864.07150009397,59.623046875
9,26950,1959,0.7147550582885742,4.373637673867292e-05,0.6901262998580933,78872.13801208713,59.623046875
9,27000,2009,0.6821264028549194,4.342415591809714e-05,0.6677050590515137,78878.1023401936,59.623046875
9,27050,2059,0.732861340045929,4.311533858495701e-05,0.6824736595153809,78885.454525951,59.623046875
9,27100,2109,0.7364331483840942,4.280993338452187e-05,0.7118563055992126,78893.14108417349,59.623046875
9,27150,2159,0.7558237910270691,4.250794886653913e-05,0.6869690418243408,78899.13660794846,59.623046875
9,27200,2209,0.7337883710861206,4.220939348499509e-05,0.7077417373657227,78906.21202336434,59.623046875
9,27250,2259,0.7343491911888123,4.1914275597878054e-05,0.6783273220062256,78912.16488510791,59.623046875
9,27300,2309,0.7575522661209106,4.1622603466944576e-05,0.6995455622673035,78916.51752413163,59.623046875
9,27350,2359,0.7294804453849792,4.133438525748799e-05,0.6999039053916931,78921.00466637505,59.623046875
9,27400,2409,0.7110093832015991,4.104962903810992e-05,0.6963677406311035,78926.35658215036,59.623046875
9,27450,2459,0.7247763276100159,4.0768342780494405e-05,0.7215834259986877,78931.7350002899,59.623046875
9,27500,2509,0.7411086559295654,4.0490534359184756e-05,0.6843844056129456,78937.19753681726,59.623046875
9,27550,2559,0.736611008644104,4.021621155136297e-05,0.7165080904960632,78941.74016639631,59.623046875
9,27600,2609,0.7335770130157471,3.994538203663213e-05,0.7029269337654114,78946.57615703295,59.623046875
9,27650,2659,0.6760046482086182,3.9678053396801455e-05,0.6561442613601685,78952.27871070398,59.623046875
9,27700,2709,0.7543138265609741,3.9414233115673946e-05,0.7298169136047363,78957.31649905074,59.623046875
9,27750,2759,0.7498670816421509,3.915392857883691e-05,0.7201619744300842,78961.28929481753,59.623046875
9,27800,2809,0.7452043294906616,3.889714707345521e-05,0.7042500376701355,78964.58177506241,59.623046875
9,27850,2859,0.7383323907852173,3.8643895788067295e-05,0.710786759853363,78968.93030125309,59.623046875
9,27900,2909,0.7501586675643921,3.83941818123839e-05,0.7050958275794983,78972.16599858564,59.623046875
9,27950,2959,0.7435058951377869,3.814801213708962e-05,0.7001675367355347,78976.05311937537,59.623046875
9,28000,3009,0.7415492534637451,3.790539365364714e-05,0.7120629549026489,78979.34402546892,59.623046875
9,28050,3059,0.6936121582984924,3.76663331541044e-05,0.6675037741661072,78981.65347242475,59.623046875
9,28100,3109,0.7726374864578247,3.743083733090442e-05,0.7433741092681885,78983.98417106009,59.623046875
9,28116,3125,0.7212190628051758,3.73562326066627e-05,0.711123526096344,78983.51555007506,59.623046875
10,28150,34,0.7134019732475281,3.71989127766979e-05,0.6807022094726562,79095.05272851321,59.623046875
10,28200,84,0.7528902292251587,3.697056598415874e-05,0.7313759922981262,79136.45344469995,59.623046875
10,28250,134,0.7274633646011353,3.674580334580214e-05,0.6964702010154724,79163.7949160557,59.623046875
10,28300,184,0.7283116579055786,3.652463115380586e-05,0.7138620615005493,79164.17128823407,59.623046875
10,28350,234,0.7704755067825317,3.630705559983388e-05,0.7319324612617493,79177.87953131156,59.623046875
10,28400,284,0.7190506458282471,3.609308277486318e-05,0.7142166495323181,79190.24020102665,59.623046875
10,28450,334,0.7217116355895996,3.588271866901309e-05,0.7009204626083374,79185.74766530232,59.623046875
10,28500,384,0.7465837001800537,3.56759691713778e-05,0.7493423819541931,79176.26588853858,59.623046875
10,28550,434,0.7236025929450989,3.547284006986135e-05,0.703086256980896,79173.41230195382,59.623046875
10,28600,484,0.7238591909408569,3.527333705101558e-05,0.7038956880569458,79172.95558968761,59.623046875
10,28650,534,0.7190273404121399,3.507746569988105e-05,0.6765285730361938,79168.44337567296,59.623046875
10,28700,584,0.7568762302398682,3.4885231499830606e-05,0.7483313679695129,79172.6895077327,59.623046875
10,28750,634,0.732271671295166,3.46966398324159e-05,0.720192551612854,79178.57919640109,59.623046875
10,28800,684,0.7432628870010376,3.451169597721674e-05,0.7452452182769775,79172.6507953971,59.623046875
10,28850,734,0.7270112037658691,3.4330405111693274e-05,0.703906238079071,79172.99385031406,59.623046875
10,28900,784,0.7163723707199097,3.415277231104103e-05,0.7061068415641785,79166.99023098049,59.623046875
10,28950,834,0.7305454015731812,3.39788025480489e-05,0.70169597864151,79167.58319794155,59.623046875
10,29000,884,0.7743299007415771,3.3808500692959883e-05,0.7328903675079346,79170.93231299229,59.623046875
10,29050,934,0.7515532970428467,3.364187151333474e-05,0.7212043404579163,79170.6852181356,59.623046875
10,29100,984,0.7213128805160522,3.347891967391853e-05,0.7063182592391968,79165.4597124261,59.623046875
10,29150,1034,0.7274447083473206,3.3319649736510034e-05,0.7163371443748474,79165.3542930079,59.623046875
10,29200,1084,0.7577288150787354,3.316406615983407e-05,0.7318451404571533,79164.48193012549,59.623046875
10,29250,1134,0.6960211992263794,3.301217329941663e-05,0.7009944319725037,79164.74963486282,59.623046875
10,29300,1184,0.7086981534957886,3.286397540746294e-05,0.6866555213928223,79168.87045152462,59.623046875
10,29350,1235,0.7714229822158813,3.271947663273847e-05,0.7383348345756531,79170.90308857529,59.623046875
10,29400,1285,0.7238250970840454,3.257868102045275e-05,0.71421879529953,79168.43862810219,59.623046875
10,29450,1335,0.7407492995262146,3.2441592512146175e-05,0.6993924975395203,79169.90547539662,59.623046875
10,29500,1385,0.6903091669082642,3.2308214945579595e-05,0.6827653050422668,79170.88996673533,59.623046875
10,29550,1435,0.7243751883506775,3.2178552054626895e-05,0.7127664089202881,79171.22915731906,59.623046875
10,29600,1485,0.745215654373169,3.2052607469170524e-05,0.7542515993118286,79170.30242583095,59.623046875
10,29650,1535,0.7413173913955688,3.193038471499983e-05,0.7278470993041992,79172.88936150148,59.623046875
10,29700,1585,0.7350969910621643,3.181188721371231e-05,0.721871018409729,79159.5768039199,59.623046875
10,29750,1635,0.7073742151260376,3.1697118282617924e-05,0.7023388147354126,79149.9600445092,59.623046875
10,29800,1685,0.7413355708122253,3.158608113464618e-05,0.7235331535339355,79142.04988980772,59.623046875
10,29850,1735,0.7393555045127869,3.1478778878256154e-05,0.7169173359870911,79134.35014374171,59.623046875
10,29900,1785,0.7331017255783081,3.1375214517349526e-05,0.7180449962615967,79127.36555633566,59.623046875
10,29950,1835,0.7146123647689819,3.1275390951186444e-05,0.6861094832420349,79120.80850135158,59.623046875
10,30000,1885,0.7367333173751831,3.117931097430441e-05,0.7479767203330994,79114.29229110065,59.623046875
10,30050,1935,0.7528920769691467,3.108697727643997e-05,0.7435750961303711,79107.99246771196,59.623046875
10,30100,1985,0.7351511716842651,3.099839244245352e-05,0.7184831500053406,79100.11535686206,59.623046875
10,30150,2035,0.710020899772644,3.091355895225683e-05,0.7242424488067627,79095.03519332595,59.623046875
10,30200,2085,0.7101893424987793,3.083247918074371e-05,0.7140898108482361,79089.24788159216,59.623046875
10,30250,2135,0.7141556739807129,3.0755155397723457e-05,0.6913010478019714,79082.59169224827,59.623046875
10,30300,2185,0.6839342713356018,3.068158976785738e-05,0.7091649174690247,79078.7493580922,59.623046875
10,30350,2235,0.7145606279373169,3.061178435059816e-05,0.7076300978660583,79071.78833322923,59.623046875
10,30400,2285,0.7008870840072632,3.054574110013218e-05,0.7025509476661682,79066.0770758654,59.623046875
10,30450,2335,0.7372400164604187,3.048346186532486e-05,0.7341117262840271,79061.72764624398,59.623046875
10,30500,2385,0.7133840322494507,3.042494838966887e-05,0.7501572370529175,79057.13096593949,59.623046875
10,30550,2435,0.7338547706604004,3.0370202311235306e-05,0.7316213250160217,79052.5047001228,59.623046875
10,30600,2485,0.6662634611129761,3.0319225162627928e-05,0.672746479511261,79047.57018970771,59.623046875
10,30650,2535,0.7583042979240417,3.02720183709401e-05,0.7553876042366028,79043.47902145964,59.623046875
10,30700,2585,0.7395105957984924,3.0228583257714982e-05,0.7307126522064209,79039.57672728888,59.623046875
10,30750,2635,0.7180676460266113,3.018892103890842e-05,0.7200497388839722,79034.14758499192,59.623046875
10,30800,2685,0.7373977303504944,3.0153032824855038e-05,0.7611591219902039,79031.01267789843,59.623046875
10,30850,2735,0.7137980461120605,3.0120919620236993e-05,0.7138926982879639,79026.04307167065,59.623046875
10,30900,2785,0.71263587474823,3.0092582324055966e-05,0.7018862366676331,79021.27981413872,59.623046875
10,30950,2835,0.765747606754303,3.0068021729607985e-05,0.7417677640914917,79016.12160448579,59.623046875
10,31000,2885,0.7365680932998657,3.0047238524461157e-05,0.7096168994903564,79013.07707026789,59.623046875
10,31050,2935,0.6917973160743713,3.0030233290436467e-05,0.689278244972229,79010.08113607837,59.623046875
10,31100,2985,0.7060766816139221,3.0017006503591493e-05,0.6987816691398621,79007.50408094184,59.623046875
10,31150,3035,0.723607063293457,3.0007558534207036e-05,0.7182892560958862,79004.82544143707,59.623046875
10,31200,3085,0.7280935049057007,3.000188964677681e-05,0.7337012887001038,79002.71296514527,59.623046875
10,31240,3125,0.7724912166595459,3.0000075586040354e-05,0.7411933541297913,78999.9520738865,59.623046875
