epoch,training_loss,validation_loss,perplexity,bits_per_character,generalization_gap,validation_top1_accuracy,training_tokens_per_second,validation_tokens_per_second,epoch_training_seconds,global_step
1,1.7003814176177978,1.017306755065918,2.765735919970531,1.4676634105964435,-0.6830746625518798,0.682626171875,86815.21788158642,249646.53561146164,294.87917700002436,3125
2,0.9863098350143432,0.8642683708190918,2.3732690977129085,1.2468756925778874,-0.12204146419525141,0.728075,82214.08443663675,243899.21367915967,311.3821697999956,6250
3,0.8817069207191467,0.7978896146774292,2.2208491320726784,1.151111390271933,-0.08381730604171744,0.748712890625,80210.93309708528,240459.98492318345,319.1584864000324,9374
4,0.8297903918838501,0.7658771991729736,2.1508802977875674,1.104927237176778,-0.06391319271087648,0.75847734375,79173.9671881202,240164.98358688582,323.3386037000455,12498
5,0.7992011010932922,0.742357400894165,2.100882303241539,1.0709953408372321,-0.05684370019912721,0.76567890625,78744.96176586126,240260.14242024827,325.10016419994645,15622
6,0.7769391170120239,0.7269501776695252,2.068761621290152,1.048767416297175,-0.049988939342498706,0.770244921875,78721.35699361686,240223.4137791716,325.1976462000748,18745
7,0.7595456151390075,0.7134664318084717,2.0410541851479893,1.0293144830108258,-0.046079183330535844,0.774600390625,78719.90097961231,239656.61475990413,325.2036611000076,21869
8,0.7457569418716431,0.7042073986053466,2.0222432167568094,1.015956521725251,-0.04154954326629645,0.777059765625,78803.670276639,239712.59134531632,324.8579654999776,24992
9,0.7357155419158935,0.6979010390281677,2.0095303519604673,1.0068583680371925,-0.03781450288772581,0.7790828125,78982.73568519382,241114.33627723774,324.1214650000911,28116
10,0.7292673282814026,0.6937300154685974,2.00116600957984,1.0008408530323694,-0.035537312812805255,0.78033671875,78998.65838122104,239792.6273366863,324.05613619997166,31240
