model,scope,criterion,n_samples,exact_agreement_percent,cohen_kappa
Anshika_Goel_epoch125,overall,style_quality,30,16.666667,-0.019022
Anshika_Goel_epoch125,overall,content_preservation,30,26.666667,0.051724
Anshika_Goel_epoch125,overall,artifact_free,30,40.0,0.240506
Anshika_Goel_epoch125,overall,pooled_all_dimensions,90,27.777778,0.078159
Anshika_Goel_epoch125,A2B_monet_to_photo,style_quality,15,6.666667,-0.09375
Anshika_Goel_epoch125,A2B_monet_to_photo,content_preservation,15,20.0,0.032258
Anshika_Goel_epoch125,A2B_monet_to_photo,artifact_free,15,20.0,0.037433
Anshika_Goel_epoch125,A2B_monet_to_photo,pooled_all_dimensions,45,15.555556,-0.016647
Anshika_Goel_epoch125,B2A_photo_to_monet,style_quality,15,26.666667,-0.024845
Anshika_Goel_epoch125,B2A_photo_to_monet,content_preservation,15,33.333333,0.142857
Anshika_Goel_epoch125,B2A_photo_to_monet,artifact_free,15,60.0,0.454545
Anshika_Goel_epoch125,B2A_photo_to_monet,pooled_all_dimensions,45,40.0,0.171214
Viraat_Chaudhary_final_run,overall,style_quality,30,40.0,0.227468
Viraat_Chaudhary_final_run,overall,content_preservation,30,43.333333,0.263006
Viraat_Chaudhary_final_run,overall,artifact_free,30,36.666667,0.177489
Viraat_Chaudhary_final_run,overall,pooled_all_dimensions,90,40.0,0.235729
Viraat_Chaudhary_final_run,A2B_monet_to_photo,style_quality,15,40.0,0.15625
Viraat_Chaudhary_final_run,A2B_monet_to_photo,content_preservation,15,33.333333,0.142857
Viraat_Chaudhary_final_run,A2B_monet_to_photo,artifact_free,15,26.666667,0.073034
Viraat_Chaudhary_final_run,A2B_monet_to_photo,pooled_all_dimensions,45,33.333333,0.145028
Viraat_Chaudhary_final_run,B2A_photo_to_monet,style_quality,15,40.0,0.258242
Viraat_Chaudhary_final_run,B2A_photo_to_monet,content_preservation,15,53.333333,0.339623
Viraat_Chaudhary_final_run,B2A_photo_to_monet,artifact_free,15,46.666667,0.25
Viraat_Chaudhary_final_run,B2A_photo_to_monet,pooled_all_dimensions,45,46.666667,0.288069
