"audit_id","style_quality_1_to_5","content_preservation_1_to_5","artifact_free_1_to_5","optional_comment"
"AUDIT_001","3","3","3",""
"AUDIT_002","4","4","4",""
"AUDIT_003","5","5","3",""
"AUDIT_004","2","2","4",""
"AUDIT_005","3","4","4",""
"AUDIT_006","4","4","5",""
"AUDIT_007",""3,"5","4",""
"AUDIT_008","2","2","3",""
"AUDIT_009","3","4","1",""
"AUDIT_010","2","4","3",""
"AUDIT_011","2","5","4",""
"AUDIT_012","3","3","3",""
"AUDIT_013","4","4","5",""
"AUDIT_014","2","3","1",""
"AUDIT_015","5","5","5",""
"AUDIT_016","2","5","2",""
"AUDIT_017","3","4","4",""
"AUDIT_018","4","4","4",""
"AUDIT_019","5","5","5",""
"AUDIT_020","3","3","4",""
"AUDIT_021","4","4","2",""
"AUDIT_022","1","2","2",""
"AUDIT_023","3","2","2",""
"AUDIT_024","3","3","3",""
"AUDIT_025","3","3","2",""
"AUDIT_026","3","2","2",""
"AUDIT_027","4","4","5",""
"AUDIT_028","4","5","4",""
"AUDIT_029","2","4","5",""
"AUDIT_030","2","3","5",""
