direction,source_file,translated_file,cosine_similarity
A2B_monet_to_photo,000c1e3bff.jpg,000c1e3bff.jpg,0.7666289987354592
A2B_monet_to_photo,011835cfbf.jpg,011835cfbf.jpg,0.9611136628255341
A2B_monet_to_photo,0260d15306.jpg,0260d15306.jpg,0.662689497623284
A2B_monet_to_photo,049e293b93.jpg,049e293b93.jpg,0.7907768470396237
A2B_monet_to_photo,05144e306f.jpg,05144e306f.jpg,0.7360364579230483
A2B_monet_to_photo,052a77c020.jpg,052a77c020.jpg,0.9475915806922023
A2B_monet_to_photo,058f878b7c.jpg,058f878b7c.jpg,0.9327405963663477
A2B_monet_to_photo,05b493ff42.jpg,05b493ff42.jpg,0.8698655701669599
A2B_monet_to_photo,064487d630.jpg,064487d630.jpg,0.802678929323557
A2B_monet_to_photo,066fe4cbaa.jpg,066fe4cbaa.jpg,0.8518031378346271
A2B_monet_to_photo,07fcaee35f.jpg,07fcaee35f.jpg,0.6452265873125897
A2B_monet_to_photo,09b76b6471.jpg,09b76b6471.jpg,0.8739768223729496
A2B_monet_to_photo,0a5075d42a.jpg,0a5075d42a.jpg,0.7536705015837855
A2B_monet_to_photo,0bd913dbc7.jpg,0bd913dbc7.jpg,0.8494360959708277
A2B_monet_to_photo,0e3b3292da.jpg,0e3b3292da.jpg,0.8255089566533602
A2B_monet_to_photo,106757e5d8.jpg,106757e5d8.jpg,0.8088591258384332
A2B_monet_to_photo,1078363ff0.jpg,1078363ff0.jpg,0.8302440266338806
A2B_monet_to_photo,10c555c1b1.jpg,10c555c1b1.jpg,0.9405118319701533
A2B_monet_to_photo,118da0690c.jpg,118da0690c.jpg,0.7545157585177785
A2B_monet_to_photo,11ab570c5e.jpg,11ab570c5e.jpg,0.8261211880509182
A2B_monet_to_photo,11be65b3e9.jpg,11be65b3e9.jpg,0.7663140747296235
A2B_monet_to_photo,133b42e498.jpg,133b42e498.jpg,0.6287112540639772
A2B_monet_to_photo,14162de938.jpg,14162de938.jpg,0.8770793821326716
A2B_monet_to_photo,14ff6e6a99.jpg,14ff6e6a99.jpg,0.7993270456314273
A2B_monet_to_photo,158740962c.jpg,158740962c.jpg,0.8402066072739433
A2B_monet_to_photo,16dabe418c.jpg,16dabe418c.jpg,0.7856080624696831
A2B_monet_to_photo,17557a29cb.jpg,17557a29cb.jpg,0.8778170614137059
A2B_monet_to_photo,1814cc6632.jpg,1814cc6632.jpg,0.7883189524447531
A2B_monet_to_photo,184d6c66cd.jpg,184d6c66cd.jpg,0.8220677996333641
A2B_monet_to_photo,1994b8d4a2.jpg,1994b8d4a2.jpg,0.8500618507511915
A2B_monet_to_photo,19dc36ccb2.jpg,19dc36ccb2.jpg,0.8029185448804332
A2B_monet_to_photo,1a127acf4d.jpg,1a127acf4d.jpg,0.8719070899726834
A2B_monet_to_photo,1e4e4e63c5.jpg,1e4e4e63c5.jpg,0.841662279346939
A2B_monet_to_photo,1f22663e72.jpg,1f22663e72.jpg,0.8591737041900332
A2B_monet_to_photo,1f9667f2a7.jpg,1f9667f2a7.jpg,0.8648920922626019
A2B_monet_to_photo,22b1ac6b44.jpg,22b1ac6b44.jpg,0.953249418571554
A2B_monet_to_photo,23832dead5.jpg,23832dead5.jpg,0.9201263305401155
A2B_monet_to_photo,23b07c3769.jpg,23b07c3769.jpg,0.8910468390834696
A2B_monet_to_photo,23d6aeb485.jpg,23d6aeb485.jpg,0.6575875643759674
A2B_monet_to_photo,23f0fbd77e.jpg,23f0fbd77e.jpg,0.9551863732489735
A2B_monet_to_photo,24af733334.jpg,24af733334.jpg,0.8481107127186065
A2B_monet_to_photo,252d9a4abc.jpg,252d9a4abc.jpg,0.7910366434956074
A2B_monet_to_photo,2581464ddc.jpg,2581464ddc.jpg,0.8729201426281142
A2B_monet_to_photo,25c9904782.jpg,25c9904782.jpg,0.780640149218973
A2B_monet_to_photo,26b66eb819.jpg,26b66eb819.jpg,0.81873966400594
A2B_monet_to_photo,2759c1ed37.jpg,2759c1ed37.jpg,0.6747832767110588
A2B_monet_to_photo,281b73fb5e.jpg,281b73fb5e.jpg,0.9291096335021469
A2B_monet_to_photo,28deb43a71.jpg,28deb43a71.jpg,0.9485776419130144
A2B_monet_to_photo,295eb5c521.jpg,295eb5c521.jpg,0.7977567483740521
A2B_monet_to_photo,29696b4455.jpg,29696b4455.jpg,0.8034661340880493
A2B_monet_to_photo,2acfbab228.jpg,2acfbab228.jpg,0.9266063052679221
A2B_monet_to_photo,2c00f5147f.jpg,2c00f5147f.jpg,0.9605109216988168
A2B_monet_to_photo,2cca56415e.jpg,2cca56415e.jpg,0.7880400600927493
A2B_monet_to_photo,2e0d0e6e19.jpg,2e0d0e6e19.jpg,0.7935637759448392
A2B_monet_to_photo,2f20944b6a.jpg,2f20944b6a.jpg,0.7936598541582437
A2B_monet_to_photo,2f90c99e10.jpg,2f90c99e10.jpg,0.9004682131838324
A2B_monet_to_photo,3283442e33.jpg,3283442e33.jpg,0.6561902005629358
A2B_monet_to_photo,32cc820303.jpg,32cc820303.jpg,0.9405544114557655
A2B_monet_to_photo,32e33792cc.jpg,32e33792cc.jpg,0.9002886806343643
A2B_monet_to_photo,3417ace946.jpg,3417ace946.jpg,0.8417015844132526
A2B_monet_to_photo,344d1829bb.jpg,344d1829bb.jpg,0.8332503391287905
A2B_monet_to_photo,3545597386.jpg,3545597386.jpg,0.9257808369571229
A2B_monet_to_photo,369f6d07e8.jpg,369f6d07e8.jpg,0.6616364756216674
A2B_monet_to_photo,3843e221cc.jpg,3843e221cc.jpg,0.8981290171602383
A2B_monet_to_photo,3b262c6726.jpg,3b262c6726.jpg,0.8102461205356383
A2B_monet_to_photo,3c341ff93e.jpg,3c341ff93e.jpg,0.7487754537881517
A2B_monet_to_photo,3d13fe022e.jpg,3d13fe022e.jpg,0.7505627224857362
A2B_monet_to_photo,3deea9f4a4.jpg,3deea9f4a4.jpg,0.8067391737836225
A2B_monet_to_photo,3eaef3ee43.jpg,3eaef3ee43.jpg,0.8581006379748684
A2B_monet_to_photo,40d7d18ad3.jpg,40d7d18ad3.jpg,0.9174797505216402
A2B_monet_to_photo,417e77e946.jpg,417e77e946.jpg,0.8085685982416433
A2B_monet_to_photo,4260d1c556.jpg,4260d1c556.jpg,0.8059656381328654
A2B_monet_to_photo,429e382095.jpg,429e382095.jpg,0.7879970824325206
A2B_monet_to_photo,463835bbc6.jpg,463835bbc6.jpg,0.7368115428517692
A2B_monet_to_photo,4660310c3e.jpg,4660310c3e.jpg,0.7651397480048974
A2B_monet_to_photo,47a0548067.jpg,47a0548067.jpg,0.6583237746064801
A2B_monet_to_photo,488600cb75.jpg,488600cb75.jpg,0.9362084284771887
A2B_monet_to_photo,49337b68f4.jpg,49337b68f4.jpg,0.9013008940743048
A2B_monet_to_photo,4995c04b1a.jpg,4995c04b1a.jpg,0.9502128457824454
A2B_monet_to_photo,4ab2583fe2.jpg,4ab2583fe2.jpg,0.8935007443595427
A2B_monet_to_photo,4ad8b366c1.jpg,4ad8b366c1.jpg,0.8531786867662144
A2B_monet_to_photo,4b0adf7c6f.jpg,4b0adf7c6f.jpg,0.9378787249808651
A2B_monet_to_photo,4bb4ca7b03.jpg,4bb4ca7b03.jpg,0.8456144600541334
A2B_monet_to_photo,4c0e35882c.jpg,4c0e35882c.jpg,0.6549874520586187
A2B_monet_to_photo,4c74254ad3.jpg,4c74254ad3.jpg,0.7460128061334603
A2B_monet_to_photo,4e05523825.jpg,4e05523825.jpg,0.8848755707024133
A2B_monet_to_photo,4f045779b0.jpg,4f045779b0.jpg,0.7725494328963913
A2B_monet_to_photo,4f3f4ff590.jpg,4f3f4ff590.jpg,0.8512115626117264
A2B_monet_to_photo,4f4de0bbba.jpg,4f4de0bbba.jpg,0.9400856875559991
A2B_monet_to_photo,4f7e01f097.jpg,4f7e01f097.jpg,0.9153123474171513
A2B_monet_to_photo,50855dd324.jpg,50855dd324.jpg,0.8676309239112103
A2B_monet_to_photo,512cd171a9.jpg,512cd171a9.jpg,0.6884626265435805
A2B_monet_to_photo,5185e8c56a.jpg,5185e8c56a.jpg,0.7423384875213178
A2B_monet_to_photo,51bdd25f76.jpg,51bdd25f76.jpg,0.8867467448920779
A2B_monet_to_photo,51db3fc011.jpg,51db3fc011.jpg,0.9546817892141144
A2B_monet_to_photo,526a110636.jpg,526a110636.jpg,0.8462622114378467
A2B_monet_to_photo,52aed0f943.jpg,52aed0f943.jpg,0.8834369989208463
A2B_monet_to_photo,52d12dc627.jpg,52d12dc627.jpg,0.9068867315750219
A2B_monet_to_photo,52fc351abf.jpg,52fc351abf.jpg,0.8792757762514026
A2B_monet_to_photo,536aa87152.jpg,536aa87152.jpg,0.7329473043437751
A2B_monet_to_photo,565f19268b.jpg,565f19268b.jpg,0.8764458958507977
A2B_monet_to_photo,586acab7c5.jpg,586acab7c5.jpg,0.7902507588697931
A2B_monet_to_photo,5926f85cbf.jpg,5926f85cbf.jpg,0.7859053377957872
A2B_monet_to_photo,593db29cce.jpg,593db29cce.jpg,0.8655482009811712
A2B_monet_to_photo,599098859e.jpg,599098859e.jpg,0.8416956091609831
A2B_monet_to_photo,59df696966.jpg,59df696966.jpg,0.7383016085757178
A2B_monet_to_photo,5aa514ffac.jpg,5aa514ffac.jpg,0.7602566598247197
A2B_monet_to_photo,5c79cfe0b3.jpg,5c79cfe0b3.jpg,0.9259348635526249
A2B_monet_to_photo,5cb895b722.jpg,5cb895b722.jpg,0.7313275939865637
A2B_monet_to_photo,5e357ad790.jpg,5e357ad790.jpg,0.8118659809837833
A2B_monet_to_photo,5ffbfe68d4.jpg,5ffbfe68d4.jpg,0.8044355261796877
A2B_monet_to_photo,6043aadea0.jpg,6043aadea0.jpg,0.809517036552719
A2B_monet_to_photo,608ee0d370.jpg,608ee0d370.jpg,0.6489193427759378
A2B_monet_to_photo,61e735361a.jpg,61e735361a.jpg,0.7390123696152022
A2B_monet_to_photo,632ddbc784.jpg,632ddbc784.jpg,0.5746002708026616
A2B_monet_to_photo,661e374153.jpg,661e374153.jpg,0.74968497617629
A2B_monet_to_photo,66226e18fc.jpg,66226e18fc.jpg,0.8830251718604757
A2B_monet_to_photo,66a144f547.jpg,66a144f547.jpg,0.8956668845508778
A2B_monet_to_photo,6742294320.jpg,6742294320.jpg,0.8065123375471374
A2B_monet_to_photo,676a5a4c2e.jpg,676a5a4c2e.jpg,0.8850087442347668
A2B_monet_to_photo,6782e7cb2a.jpg,6782e7cb2a.jpg,0.7458923805920763
A2B_monet_to_photo,68729aac07.jpg,68729aac07.jpg,0.6691782445167961
A2B_monet_to_photo,68b60c04b7.jpg,68b60c04b7.jpg,0.755367234597871
A2B_monet_to_photo,68d60af226.jpg,68d60af226.jpg,0.9607839608462885
A2B_monet_to_photo,695897bd4a.jpg,695897bd4a.jpg,0.766250131935524
A2B_monet_to_photo,69f4b75a37.jpg,69f4b75a37.jpg,0.8013738352525349
A2B_monet_to_photo,6a03aea8be.jpg,6a03aea8be.jpg,0.7051722456438595
A2B_monet_to_photo,6bbe0e63c6.jpg,6bbe0e63c6.jpg,0.8731714967478367
A2B_monet_to_photo,6bfbd1df5b.jpg,6bfbd1df5b.jpg,0.786283455473843
A2B_monet_to_photo,6c6cc46498.jpg,6c6cc46498.jpg,0.9599621754333036
A2B_monet_to_photo,6d0e87f557.jpg,6d0e87f557.jpg,0.822912065868168
A2B_monet_to_photo,6e0429f92e.jpg,6e0429f92e.jpg,0.8027821365320861
A2B_monet_to_photo,6ee7c39dbc.jpg,6ee7c39dbc.jpg,0.9167896252854423
A2B_monet_to_photo,6f0b9df5c5.jpg,6f0b9df5c5.jpg,0.8462851989853512
A2B_monet_to_photo,7017e6caa1.jpg,7017e6caa1.jpg,0.8199861029861775
A2B_monet_to_photo,7054793632.jpg,7054793632.jpg,0.7928040523975142
A2B_monet_to_photo,70bc945f95.jpg,70bc945f95.jpg,0.7901937292973578
A2B_monet_to_photo,718445ebe3.jpg,718445ebe3.jpg,0.8652332993200027
A2B_monet_to_photo,7239ba0b55.jpg,7239ba0b55.jpg,0.7013621675750584
A2B_monet_to_photo,730f325b64.jpg,730f325b64.jpg,0.9005235029640835
A2B_monet_to_photo,732d76a469.jpg,732d76a469.jpg,0.7107999259791475
A2B_monet_to_photo,7341d96c1d.jpg,7341d96c1d.jpg,0.9084409840787036
A2B_monet_to_photo,73f33a12c5.jpg,73f33a12c5.jpg,0.8553406301459685
A2B_monet_to_photo,74e452fb31.jpg,74e452fb31.jpg,0.9040996480111266
A2B_monet_to_photo,76cc7181f8.jpg,76cc7181f8.jpg,0.9292329460292243
A2B_monet_to_photo,77b37629f2.jpg,77b37629f2.jpg,0.8112449791554339
A2B_monet_to_photo,79224da51f.jpg,79224da51f.jpg,0.9358698297793232
A2B_monet_to_photo,79292e1434.jpg,79292e1434.jpg,0.8780786415903358
A2B_monet_to_photo,7952021d2f.jpg,7952021d2f.jpg,0.8730650464500512
A2B_monet_to_photo,7960adbd50.jpg,7960adbd50.jpg,0.9007770538129561
A2B_monet_to_photo,7cb36714d0.jpg,7cb36714d0.jpg,0.9259676054921413
A2B_monet_to_photo,7d64c3100c.jpg,7d64c3100c.jpg,0.8338433131686932
A2B_monet_to_photo,8044a92484.jpg,8044a92484.jpg,0.9094534288198247
A2B_monet_to_photo,8077b7e9e7.jpg,8077b7e9e7.jpg,0.8270402948359589
A2B_monet_to_photo,8114fa2607.jpg,8114fa2607.jpg,0.8302201192113697
A2B_monet_to_photo,815624563e.jpg,815624563e.jpg,0.978945810186023
A2B_monet_to_photo,82991e742a.jpg,82991e742a.jpg,0.883250178101384
A2B_monet_to_photo,82b9fd68b1.jpg,82b9fd68b1.jpg,0.8565071303903626
A2B_monet_to_photo,8314acfd35.jpg,8314acfd35.jpg,0.7866977397222814
A2B_monet_to_photo,853f8d711f.jpg,853f8d711f.jpg,0.9139171371204068
A2B_monet_to_photo,85580214be.jpg,85580214be.jpg,0.8367179312190645
A2B_monet_to_photo,88402296cc.jpg,88402296cc.jpg,0.9703351665728629
A2B_monet_to_photo,893db2701d.jpg,893db2701d.jpg,0.8945236587393576
A2B_monet_to_photo,89964efa86.jpg,89964efa86.jpg,0.8958938702197803
A2B_monet_to_photo,89d970411d.jpg,89d970411d.jpg,0.7776023493167394
A2B_monet_to_photo,89fcbf2f76.jpg,89fcbf2f76.jpg,0.6391290679329933
A2B_monet_to_photo,8b54448a07.jpg,8b54448a07.jpg,0.908174239825926
A2B_monet_to_photo,8b7948248f.jpg,8b7948248f.jpg,0.8882360650482723
A2B_monet_to_photo,8b841420b4.jpg,8b841420b4.jpg,0.9576752544580395
A2B_monet_to_photo,8c48e112d0.jpg,8c48e112d0.jpg,0.8211157272954954
A2B_monet_to_photo,8c8011c291.jpg,8c8011c291.jpg,0.7772575727544373
A2B_monet_to_photo,8cfd45a2e2.jpg,8cfd45a2e2.jpg,0.8168127683781179
A2B_monet_to_photo,8e5ff15568.jpg,8e5ff15568.jpg,0.7044509240104274
A2B_monet_to_photo,8ee2933868.jpg,8ee2933868.jpg,0.9016490114905362
A2B_monet_to_photo,8f02369f42.jpg,8f02369f42.jpg,0.9152526403772314
A2B_monet_to_photo,910610e827.jpg,910610e827.jpg,0.71206810164198
A2B_monet_to_photo,910729e0ce.jpg,910729e0ce.jpg,0.9148473437302687
A2B_monet_to_photo,92c0ba8c0d.jpg,92c0ba8c0d.jpg,0.938673606215697
A2B_monet_to_photo,93132f89ee.jpg,93132f89ee.jpg,0.8657810135177526
A2B_monet_to_photo,932d0dd808.jpg,932d0dd808.jpg,0.8066010462779634
A2B_monet_to_photo,95a53d7b0b.jpg,95a53d7b0b.jpg,0.9302535965649847
A2B_monet_to_photo,95b5f01a85.jpg,95b5f01a85.jpg,0.8834334889535809
A2B_monet_to_photo,9843bc25c5.jpg,9843bc25c5.jpg,0.9588016436944995
A2B_monet_to_photo,9908d1daa9.jpg,9908d1daa9.jpg,0.9054230863610434
A2B_monet_to_photo,990ed28f62.jpg,990ed28f62.jpg,0.9088723437104183
A2B_monet_to_photo,9963d64ebf.jpg,9963d64ebf.jpg,0.5449323506677816
A2B_monet_to_photo,99a51d3e25.jpg,99a51d3e25.jpg,0.8447939701339375
A2B_monet_to_photo,99d94af5dd.jpg,99d94af5dd.jpg,0.9684747275764868
A2B_monet_to_photo,9ae6552353.jpg,9ae6552353.jpg,0.9055948592099802
A2B_monet_to_photo,9d58456cc3.jpg,9d58456cc3.jpg,0.7947702473298511
A2B_monet_to_photo,9d9a4fccfb.jpg,9d9a4fccfb.jpg,0.5847642414274914
A2B_monet_to_photo,9db9843ed1.jpg,9db9843ed1.jpg,0.876060975484283
A2B_monet_to_photo,9f409e3376.jpg,9f409e3376.jpg,0.9271121055560266
A2B_monet_to_photo,9fc868e864.jpg,9fc868e864.jpg,0.8088831577380715
A2B_monet_to_photo,a030bc32e6.jpg,a030bc32e6.jpg,0.8136063199472617
A2B_monet_to_photo,a06b54dfe9.jpg,a06b54dfe9.jpg,0.7791482470793436
A2B_monet_to_photo,a202b1b200.jpg,a202b1b200.jpg,0.9625696946297578
A2B_monet_to_photo,a210ceedc7.jpg,a210ceedc7.jpg,0.8293141771598744
A2B_monet_to_photo,a4e4a61fb2.jpg,a4e4a61fb2.jpg,0.8115633740459449
A2B_monet_to_photo,a59f3f5b89.jpg,a59f3f5b89.jpg,0.9190276307035693
A2B_monet_to_photo,a619072f82.jpg,a619072f82.jpg,0.6565244844945546
A2B_monet_to_photo,a6291c2a1c.jpg,a6291c2a1c.jpg,0.8991636459471342
A2B_monet_to_photo,a642e9cb6f.jpg,a642e9cb6f.jpg,0.7980223900952605
A2B_monet_to_photo,a7977705be.jpg,a7977705be.jpg,0.8488026372975541
A2B_monet_to_photo,a7d53885e8.jpg,a7d53885e8.jpg,0.8849557638269793
A2B_monet_to_photo,a885da7b52.jpg,a885da7b52.jpg,0.9061332998083105
A2B_monet_to_photo,a8fbbe3eb1.jpg,a8fbbe3eb1.jpg,0.9413490030006045
A2B_monet_to_photo,a96b79a93f.jpg,a96b79a93f.jpg,0.8309474497356895
A2B_monet_to_photo,aa76c7625a.jpg,aa76c7625a.jpg,0.8516096345680835
A2B_monet_to_photo,ad0101d010.jpg,ad0101d010.jpg,0.7958364230634363
A2B_monet_to_photo,ad8ce41fc0.jpg,ad8ce41fc0.jpg,0.8379480767421172
A2B_monet_to_photo,b1310da865.jpg,b1310da865.jpg,0.9066132384360096
A2B_monet_to_photo,b13c0973ee.jpg,b13c0973ee.jpg,0.8991504232916597
A2B_monet_to_photo,b1ea5d5a7d.jpg,b1ea5d5a7d.jpg,0.6665044612800859
A2B_monet_to_photo,b256e61a5d.jpg,b256e61a5d.jpg,0.9439279409325106
A2B_monet_to_photo,b2ce76c750.jpg,b2ce76c750.jpg,0.8302170005689767
A2B_monet_to_photo,b3adc75e7d.jpg,b3adc75e7d.jpg,0.833077053806395
A2B_monet_to_photo,b44f24c048.jpg,b44f24c048.jpg,0.8474205295209897
A2B_monet_to_photo,b5c2fe7c4c.jpg,b5c2fe7c4c.jpg,0.7595218601732371
A2B_monet_to_photo,b76d52e05a.jpg,b76d52e05a.jpg,0.804029643170659
A2B_monet_to_photo,b99546090b.jpg,b99546090b.jpg,0.8133434700874984
A2B_monet_to_photo,ba52f976af.jpg,ba52f976af.jpg,0.6385684860596293
A2B_monet_to_photo,baf6efabfe.jpg,baf6efabfe.jpg,0.967017820594193
A2B_monet_to_photo,bbc5ac4564.jpg,bbc5ac4564.jpg,0.9025079230974625
A2B_monet_to_photo,bc4b364a44.jpg,bc4b364a44.jpg,0.9258196735454975
A2B_monet_to_photo,bf6db09354.jpg,bf6db09354.jpg,0.9417383399537753
A2B_monet_to_photo,c14505c1da.jpg,c14505c1da.jpg,0.9420740064312598
A2B_monet_to_photo,c1dc1a85a4.jpg,c1dc1a85a4.jpg,0.9105315222749327
A2B_monet_to_photo,c2576267d4.jpg,c2576267d4.jpg,0.8144505881472578
A2B_monet_to_photo,c4622e3fb6.jpg,c4622e3fb6.jpg,0.8035530473457922
A2B_monet_to_photo,c67ba2060c.jpg,c67ba2060c.jpg,0.8879343793912308
A2B_monet_to_photo,c68c52e8fc.jpg,c68c52e8fc.jpg,0.7931402194501391
A2B_monet_to_photo,c6c360756c.jpg,c6c360756c.jpg,0.9194513162441609
A2B_monet_to_photo,c6c88ce9c4.jpg,c6c88ce9c4.jpg,0.8801912179980613
A2B_monet_to_photo,c78b4fa3a9.jpg,c78b4fa3a9.jpg,0.9235282107685203
A2B_monet_to_photo,c7d8142152.jpg,c7d8142152.jpg,0.9585776371664181
A2B_monet_to_photo,cb50326950.jpg,cb50326950.jpg,0.9169817034444844
A2B_monet_to_photo,cb9c553ded.jpg,cb9c553ded.jpg,0.8475285932985165
A2B_monet_to_photo,cc2bb659f4.jpg,cc2bb659f4.jpg,0.9452626440521793
A2B_monet_to_photo,cd6623d07d.jpg,cd6623d07d.jpg,0.9488556426414171
A2B_monet_to_photo,cdddf326e3.jpg,cdddf326e3.jpg,0.8093847769746152
A2B_monet_to_photo,ce3e0daddd.jpg,ce3e0daddd.jpg,0.6474371968746332
A2B_monet_to_photo,ceb6cf5f31.jpg,ceb6cf5f31.jpg,0.940293221567137
A2B_monet_to_photo,cf6488d84c.jpg,cf6488d84c.jpg,0.785012118676084
A2B_monet_to_photo,cfc6fce7b5.jpg,cfc6fce7b5.jpg,0.8671308274821742
A2B_monet_to_photo,d05cab011d.jpg,d05cab011d.jpg,0.9295849578514414
A2B_monet_to_photo,d087730b76.jpg,d087730b76.jpg,0.8321487151874617
A2B_monet_to_photo,d14c1abdd4.jpg,d14c1abdd4.jpg,0.8045038276660516
A2B_monet_to_photo,d1d9748a64.jpg,d1d9748a64.jpg,0.7327525957706217
A2B_monet_to_photo,d239dae42d.jpg,d239dae42d.jpg,0.8935121372911077
A2B_monet_to_photo,d4116437bb.jpg,d4116437bb.jpg,0.9378038433014155
A2B_monet_to_photo,d50049fbfc.jpg,d50049fbfc.jpg,0.7053376625637744
A2B_monet_to_photo,d5b0c260a0.jpg,d5b0c260a0.jpg,0.9505770224971073
A2B_monet_to_photo,d6d6e625bd.jpg,d6d6e625bd.jpg,0.802722263038468
A2B_monet_to_photo,d729785cb8.jpg,d729785cb8.jpg,0.7928145415193429
A2B_monet_to_photo,d754850d01.jpg,d754850d01.jpg,0.8747445870888967
A2B_monet_to_photo,d7948c7635.jpg,d7948c7635.jpg,0.7955666172838437
A2B_monet_to_photo,d88482796d.jpg,d88482796d.jpg,0.7832613367884312
A2B_monet_to_photo,d9e8704878.jpg,d9e8704878.jpg,0.931249692482669
A2B_monet_to_photo,da72006ef5.jpg,da72006ef5.jpg,0.872476891021601
A2B_monet_to_photo,dc33f0edbe.jpg,dc33f0edbe.jpg,0.8444416800262587
A2B_monet_to_photo,dcab49d080.jpg,dcab49d080.jpg,0.7398000107371837
A2B_monet_to_photo,dcf5ea1040.jpg,dcf5ea1040.jpg,0.7265912430977467
A2B_monet_to_photo,dd46691bd7.jpg,dd46691bd7.jpg,0.8119261428071137
A2B_monet_to_photo,de6f71b00f.jpg,de6f71b00f.jpg,0.860163202773638
A2B_monet_to_photo,df64ac2dcb.jpg,df64ac2dcb.jpg,0.8392381959373715
A2B_monet_to_photo,e2253b87a0.jpg,e2253b87a0.jpg,0.8356821835944342
A2B_monet_to_photo,e291f8144f.jpg,e291f8144f.jpg,0.7960344459330485
A2B_monet_to_photo,e3112413b1.jpg,e3112413b1.jpg,0.8706638426797974
A2B_monet_to_photo,e37407c747.jpg,e37407c747.jpg,0.8411223729219538
A2B_monet_to_photo,e510a74d3c.jpg,e510a74d3c.jpg,0.776888750844366
A2B_monet_to_photo,e568f84fad.jpg,e568f84fad.jpg,0.7895302711651789
A2B_monet_to_photo,e753318d04.jpg,e753318d04.jpg,0.8850489687306922
A2B_monet_to_photo,e88d9de918.jpg,e88d9de918.jpg,0.8988299484540343
A2B_monet_to_photo,e9580cd500.jpg,e9580cd500.jpg,0.7948699987509722
A2B_monet_to_photo,e9f5563817.jpg,e9f5563817.jpg,0.9085743102847906
A2B_monet_to_photo,e9f686534b.jpg,e9f686534b.jpg,0.8880325237013211
A2B_monet_to_photo,eb3cc5c559.jpg,eb3cc5c559.jpg,0.8807212584972767
A2B_monet_to_photo,ec3398cef9.jpg,ec3398cef9.jpg,0.9083891958998171
A2B_monet_to_photo,ec78d80dbd.jpg,ec78d80dbd.jpg,0.7446573004602125
A2B_monet_to_photo,ed597655a0.jpg,ed597655a0.jpg,0.9022236558616572
A2B_monet_to_photo,ede9769cb3.jpg,ede9769cb3.jpg,0.797737750197683
A2B_monet_to_photo,ee7adac58f.jpg,ee7adac58f.jpg,0.8426339173300043
A2B_monet_to_photo,f04c9d8e34.jpg,f04c9d8e34.jpg,0.7951579512391684
A2B_monet_to_photo,f0884db067.jpg,f0884db067.jpg,0.9572418720441077
A2B_monet_to_photo,f0d789c4bc.jpg,f0d789c4bc.jpg,0.8100447823267707
A2B_monet_to_photo,f4413e97bd.jpg,f4413e97bd.jpg,0.6251526522419202
A2B_monet_to_photo,f486c1655f.jpg,f486c1655f.jpg,0.9397225688736741
A2B_monet_to_photo,f7836c88eb.jpg,f7836c88eb.jpg,0.6951258995004156
A2B_monet_to_photo,f821791c85.jpg,f821791c85.jpg,0.87481542643519
A2B_monet_to_photo,f84fb4516a.jpg,f84fb4516a.jpg,0.8009590106078082
A2B_monet_to_photo,f96a8de9f3.jpg,f96a8de9f3.jpg,0.7122670935844052
A2B_monet_to_photo,fb3b06dcb2.jpg,fb3b06dcb2.jpg,0.7606878113746283
A2B_monet_to_photo,fb806a2a1c.jpg,fb806a2a1c.jpg,0.8687161058416278
A2B_monet_to_photo,fb93438ff9.jpg,fb93438ff9.jpg,0.7437410251489864
A2B_monet_to_photo,fba982625d.jpg,fba982625d.jpg,0.8290289517491474
A2B_monet_to_photo,fc11d52502.jpg,fc11d52502.jpg,0.8847349718728155
A2B_monet_to_photo,fd63a333f1.jpg,fd63a333f1.jpg,0.8514352990020538
A2B_monet_to_photo,fdf1530d95.jpg,fdf1530d95.jpg,0.8099286428537886
A2B_monet_to_photo,ffd74c77ea.jpg,ffd74c77ea.jpg,0.7758028045044395
B2A_photo_to_monet,00068bc07f.jpg,00068bc07f.jpg,0.7148228819321365
B2A_photo_to_monet,000910d219.jpg,000910d219.jpg,0.7468131174751876
B2A_photo_to_monet,000ded5c41.jpg,000ded5c41.jpg,0.7684125985628797
B2A_photo_to_monet,00104fd531.jpg,00104fd531.jpg,0.5271569704745753
B2A_photo_to_monet,001158d595.jpg,001158d595.jpg,0.8099707871843721
B2A_photo_to_monet,0033c5f971.jpg,0033c5f971.jpg,0.7049154633832415
B2A_photo_to_monet,0039ebb598.jpg,0039ebb598.jpg,0.6586703874906206
B2A_photo_to_monet,003aab6fdd.jpg,003aab6fdd.jpg,0.7643716215457996
B2A_photo_to_monet,003c6c30e0.jpg,003c6c30e0.jpg,0.7590385821773977
B2A_photo_to_monet,00479e2a21.jpg,00479e2a21.jpg,0.7765513133401587
B2A_photo_to_monet,005f987f56.jpg,005f987f56.jpg,0.7168533941506331
B2A_photo_to_monet,0080f94ebc.jpg,0080f94ebc.jpg,0.7328671388972815
B2A_photo_to_monet,00882b7e1d.jpg,00882b7e1d.jpg,0.5830082914544478
B2A_photo_to_monet,009d534136.jpg,009d534136.jpg,0.8386844180467481
B2A_photo_to_monet,009ddaed1f.jpg,009ddaed1f.jpg,0.8117903836007083
B2A_photo_to_monet,00aeb60e25.jpg,00aeb60e25.jpg,0.7686418415289976
B2A_photo_to_monet,00c6a0ad1e.jpg,00c6a0ad1e.jpg,0.8269942464669348
B2A_photo_to_monet,00dcf0f1e3.jpg,00dcf0f1e3.jpg,0.770249742514649
B2A_photo_to_monet,00dff09ebe.jpg,00dff09ebe.jpg,0.6231126836436786
B2A_photo_to_monet,00e1798585.jpg,00e1798585.jpg,0.8008685535080964
B2A_photo_to_monet,00e64e1b2c.jpg,00e64e1b2c.jpg,0.6814161924285386
B2A_photo_to_monet,00f78547f0.jpg,00f78547f0.jpg,0.8334343169027746
B2A_photo_to_monet,00fcff630e.jpg,00fcff630e.jpg,0.8158574748808374
B2A_photo_to_monet,01135e4771.jpg,01135e4771.jpg,0.9320012975000819
B2A_photo_to_monet,011f46de73.jpg,011f46de73.jpg,0.8132129840694786
B2A_photo_to_monet,012df5ce29.jpg,012df5ce29.jpg,0.9205852666725046
B2A_photo_to_monet,01416e7ada.jpg,01416e7ada.jpg,0.853864648518632
B2A_photo_to_monet,01480da48f.jpg,01480da48f.jpg,0.5435106925452681
B2A_photo_to_monet,0159685c51.jpg,0159685c51.jpg,0.6259029868254081
B2A_photo_to_monet,015f79b672.jpg,015f79b672.jpg,0.8654313903749218
B2A_photo_to_monet,01622039ef.jpg,01622039ef.jpg,0.7626470250441773
B2A_photo_to_monet,0162322d2d.jpg,0162322d2d.jpg,0.7654460573987913
B2A_photo_to_monet,016d408833.jpg,016d408833.jpg,0.878908519262099
B2A_photo_to_monet,016f524878.jpg,016f524878.jpg,0.8243426917868494
B2A_photo_to_monet,017018f377.jpg,017018f377.jpg,0.5350058380434004
B2A_photo_to_monet,01771d99c3.jpg,01771d99c3.jpg,0.7315453118137085
B2A_photo_to_monet,017aacad6e.jpg,017aacad6e.jpg,0.7332048903803952
B2A_photo_to_monet,018be60883.jpg,018be60883.jpg,0.7593055605833107
B2A_photo_to_monet,018db0f253.jpg,018db0f253.jpg,0.6639140352888444
B2A_photo_to_monet,01952c7673.jpg,01952c7673.jpg,0.873496385347759
B2A_photo_to_monet,01971e48e5.jpg,01971e48e5.jpg,0.7397591962287874
B2A_photo_to_monet,019cf7682d.jpg,019cf7682d.jpg,0.9164810870184478
B2A_photo_to_monet,01ae8be57e.jpg,01ae8be57e.jpg,0.8330940888947116
B2A_photo_to_monet,01af5f8623.jpg,01af5f8623.jpg,0.8341444961481725
B2A_photo_to_monet,01bce47d3f.jpg,01bce47d3f.jpg,0.8172651347222515
B2A_photo_to_monet,01c4f86e3e.jpg,01c4f86e3e.jpg,0.6319603893353789
B2A_photo_to_monet,01f7a6398e.jpg,01f7a6398e.jpg,0.8366634518086923
B2A_photo_to_monet,02001e59af.jpg,02001e59af.jpg,0.8806190258221599
B2A_photo_to_monet,0212257854.jpg,0212257854.jpg,0.6692693133732214
B2A_photo_to_monet,021df2c226.jpg,021df2c226.jpg,0.7393171918272572
B2A_photo_to_monet,022ca16b0f.jpg,022ca16b0f.jpg,0.7375398080736921
B2A_photo_to_monet,023637f8fb.jpg,023637f8fb.jpg,0.6170934620853818
B2A_photo_to_monet,023eed0385.jpg,023eed0385.jpg,0.6705184688232002
B2A_photo_to_monet,023f3cbb75.jpg,023f3cbb75.jpg,0.8191860816982562
B2A_photo_to_monet,0240a597f5.jpg,0240a597f5.jpg,0.7814550841698102
B2A_photo_to_monet,024d98032b.jpg,024d98032b.jpg,0.7947410830779692
B2A_photo_to_monet,0254fc91bd.jpg,0254fc91bd.jpg,0.7369474001204099
B2A_photo_to_monet,02620a36f7.jpg,02620a36f7.jpg,0.8351026686919714
B2A_photo_to_monet,026ac33f9c.jpg,026ac33f9c.jpg,0.8110820522427318
B2A_photo_to_monet,029524fd91.jpg,029524fd91.jpg,0.8430737965955952
B2A_photo_to_monet,029854a790.jpg,029854a790.jpg,0.6337860859157111
B2A_photo_to_monet,02a1366c74.jpg,02a1366c74.jpg,0.7904650336772022
B2A_photo_to_monet,02a4445906.jpg,02a4445906.jpg,0.7546816976185661
B2A_photo_to_monet,02b232fc78.jpg,02b232fc78.jpg,0.7881115192502195
B2A_photo_to_monet,02c43186c8.jpg,02c43186c8.jpg,0.8654098817131514
B2A_photo_to_monet,02c6c1f6a9.jpg,02c6c1f6a9.jpg,0.7307702863392697
B2A_photo_to_monet,02cd89f56d.jpg,02cd89f56d.jpg,0.8272768364040939
B2A_photo_to_monet,02d763f1c2.jpg,02d763f1c2.jpg,0.7062099486433094
B2A_photo_to_monet,02ded12bbd.jpg,02ded12bbd.jpg,0.3222193880184738
B2A_photo_to_monet,02ea18a456.jpg,02ea18a456.jpg,0.8737979211115279
B2A_photo_to_monet,02ec33e094.jpg,02ec33e094.jpg,0.8085046568722409
B2A_photo_to_monet,0312af1e14.jpg,0312af1e14.jpg,0.6170267024168941
B2A_photo_to_monet,032389e868.jpg,032389e868.jpg,0.7260374132104782
B2A_photo_to_monet,03242238ae.jpg,03242238ae.jpg,0.8885778361633364
B2A_photo_to_monet,0324f82fee.jpg,0324f82fee.jpg,0.8147100312812097
B2A_photo_to_monet,0341fa51d0.jpg,0341fa51d0.jpg,0.8124955647204306
B2A_photo_to_monet,0344a47135.jpg,0344a47135.jpg,0.868970328209689
B2A_photo_to_monet,034627340c.jpg,034627340c.jpg,0.8530290313144973
B2A_photo_to_monet,0362dd81bb.jpg,0362dd81bb.jpg,0.8906071626290313
B2A_photo_to_monet,0378bcc7c9.jpg,0378bcc7c9.jpg,0.8360672170188556
B2A_photo_to_monet,03950208ff.jpg,03950208ff.jpg,0.9124983669567681
B2A_photo_to_monet,03a17d96e1.jpg,03a17d96e1.jpg,0.6873587086746465
B2A_photo_to_monet,03a21c1b9c.jpg,03a21c1b9c.jpg,0.576847767324982
B2A_photo_to_monet,03a2b7ce83.jpg,03a2b7ce83.jpg,0.8182571880995305
B2A_photo_to_monet,03ae080a47.jpg,03ae080a47.jpg,0.8324283404690344
B2A_photo_to_monet,03ae26ed88.jpg,03ae26ed88.jpg,0.894196468908031
B2A_photo_to_monet,03bac83f64.jpg,03bac83f64.jpg,0.7700426167209509
B2A_photo_to_monet,03be88270f.jpg,03be88270f.jpg,0.8201662001724811
B2A_photo_to_monet,03c5d1d098.jpg,03c5d1d098.jpg,0.75185029023542
B2A_photo_to_monet,03c9f2e3c2.jpg,03c9f2e3c2.jpg,0.8906198807587371
B2A_photo_to_monet,03c9f3d584.jpg,03c9f3d584.jpg,0.8843659200686707
B2A_photo_to_monet,03cc206144.jpg,03cc206144.jpg,0.8477193402240467
B2A_photo_to_monet,03d47c18a5.jpg,03d47c18a5.jpg,0.8478189001550893
B2A_photo_to_monet,03d6a4d860.jpg,03d6a4d860.jpg,0.634578479129897
B2A_photo_to_monet,03dde7a28f.jpg,03dde7a28f.jpg,0.9007355763174213
B2A_photo_to_monet,03e48faafa.jpg,03e48faafa.jpg,0.7649576670208472
B2A_photo_to_monet,03fd7067c1.jpg,03fd7067c1.jpg,0.8910761644875727
B2A_photo_to_monet,03fe5d2263.jpg,03fe5d2263.jpg,0.6813057308737144
B2A_photo_to_monet,0409e76de0.jpg,0409e76de0.jpg,0.7619362039141988
B2A_photo_to_monet,0425fc7ce5.jpg,0425fc7ce5.jpg,0.7859857484614057
B2A_photo_to_monet,042f0e804d.jpg,042f0e804d.jpg,0.7435480693119564
B2A_photo_to_monet,0435dc46a4.jpg,0435dc46a4.jpg,0.7469988474441683
B2A_photo_to_monet,0436aaaf16.jpg,0436aaaf16.jpg,0.806672227704382
B2A_photo_to_monet,04387e4338.jpg,04387e4338.jpg,0.7139918919623582
B2A_photo_to_monet,043b541b77.jpg,043b541b77.jpg,0.9177401942736473
B2A_photo_to_monet,044c1653cf.jpg,044c1653cf.jpg,0.7916548436055152
B2A_photo_to_monet,0450d4f8ae.jpg,0450d4f8ae.jpg,0.8356384857241865
B2A_photo_to_monet,0451cdb867.jpg,0451cdb867.jpg,0.5851411302695306
B2A_photo_to_monet,045e937903.jpg,045e937903.jpg,0.8168001748562188
B2A_photo_to_monet,0466d4cdf9.jpg,0466d4cdf9.jpg,0.7513084486981197
B2A_photo_to_monet,0473a25050.jpg,0473a25050.jpg,0.7304373344827146
B2A_photo_to_monet,047acab66b.jpg,047acab66b.jpg,0.832371328992002
B2A_photo_to_monet,047da870f6.jpg,047da870f6.jpg,0.8870193842498676
B2A_photo_to_monet,04838b8b1e.jpg,04838b8b1e.jpg,0.839068624126167
B2A_photo_to_monet,049576d31c.jpg,049576d31c.jpg,0.7816539119135567
B2A_photo_to_monet,049b0ece59.jpg,049b0ece59.jpg,0.8990700732771258
B2A_photo_to_monet,04a5fc42e1.jpg,04a5fc42e1.jpg,0.838943944438311
B2A_photo_to_monet,04b8bfdb1c.jpg,04b8bfdb1c.jpg,0.8659084906496376
B2A_photo_to_monet,04cb1f4705.jpg,04cb1f4705.jpg,0.7656996438668507
B2A_photo_to_monet,04cf8e6d5f.jpg,04cf8e6d5f.jpg,0.8358239438051972
B2A_photo_to_monet,04d7e14fbe.jpg,04d7e14fbe.jpg,0.6907602168060935
B2A_photo_to_monet,04d91d7bda.jpg,04d91d7bda.jpg,0.6226262679016203
B2A_photo_to_monet,04e32c4dc1.jpg,04e32c4dc1.jpg,0.8863790681688664
B2A_photo_to_monet,04ec8c9ec2.jpg,04ec8c9ec2.jpg,0.8521225767215337
B2A_photo_to_monet,04f59976b5.jpg,04f59976b5.jpg,0.8145361392495213
B2A_photo_to_monet,04f71da37b.jpg,04f71da37b.jpg,0.5884023109554959
B2A_photo_to_monet,04f72d81b0.jpg,04f72d81b0.jpg,0.8436931314266656
B2A_photo_to_monet,04f80539d7.jpg,04f80539d7.jpg,0.8938597201176394
B2A_photo_to_monet,04fa2a606d.jpg,04fa2a606d.jpg,0.8625573400211415
B2A_photo_to_monet,04fa456bc9.jpg,04fa456bc9.jpg,0.8786850789428494
B2A_photo_to_monet,05057d04f7.jpg,05057d04f7.jpg,0.9156837465711455
B2A_photo_to_monet,0506726dbd.jpg,0506726dbd.jpg,0.6630357776696415
B2A_photo_to_monet,050da171c0.jpg,050da171c0.jpg,0.7418481346273809
B2A_photo_to_monet,051159e33a.jpg,051159e33a.jpg,0.6529755107316436
B2A_photo_to_monet,051a7c9ae6.jpg,051a7c9ae6.jpg,0.8515004390944937
B2A_photo_to_monet,051bde8166.jpg,051bde8166.jpg,0.907205192603372
B2A_photo_to_monet,051c1b5ee3.jpg,051c1b5ee3.jpg,0.7197203348280761
B2A_photo_to_monet,0529dd48c8.jpg,0529dd48c8.jpg,0.6353204242944852
B2A_photo_to_monet,053024baa2.jpg,053024baa2.jpg,0.6810926478742712
B2A_photo_to_monet,0541ce0c1a.jpg,0541ce0c1a.jpg,0.7617868553770811
B2A_photo_to_monet,0547a52b93.jpg,0547a52b93.jpg,0.7116848487595835
B2A_photo_to_monet,054f264b2e.jpg,054f264b2e.jpg,0.8308760527849292
B2A_photo_to_monet,054f375c69.jpg,054f375c69.jpg,0.74817544400986
B2A_photo_to_monet,05557b0148.jpg,05557b0148.jpg,0.8112329071245129
B2A_photo_to_monet,055c3026f8.jpg,055c3026f8.jpg,0.8608387022677374
B2A_photo_to_monet,055dac1e18.jpg,055dac1e18.jpg,0.8458392666582428
B2A_photo_to_monet,055e5dca6e.jpg,055e5dca6e.jpg,0.7561685586291941
B2A_photo_to_monet,05646c5cdb.jpg,05646c5cdb.jpg,0.8104319946790318
B2A_photo_to_monet,0572f32305.jpg,0572f32305.jpg,0.5458016216288464
B2A_photo_to_monet,057d83cdee.jpg,057d83cdee.jpg,0.800801959597778
B2A_photo_to_monet,058af422c6.jpg,058af422c6.jpg,0.8162114875757095
B2A_photo_to_monet,0597c38d69.jpg,0597c38d69.jpg,0.8479654073482892
B2A_photo_to_monet,05a3801bed.jpg,05a3801bed.jpg,0.787338406241657
B2A_photo_to_monet,05a84fad61.jpg,05a84fad61.jpg,0.7941086020405103
B2A_photo_to_monet,05c885c810.jpg,05c885c810.jpg,0.8550250691575463
B2A_photo_to_monet,05ca68299e.jpg,05ca68299e.jpg,0.5939091476302991
B2A_photo_to_monet,05e37a8900.jpg,05e37a8900.jpg,0.889953905589829
B2A_photo_to_monet,05e88ecd0a.jpg,05e88ecd0a.jpg,0.6239803184236976
B2A_photo_to_monet,05f0db4d14.jpg,05f0db4d14.jpg,0.7089716752599706
B2A_photo_to_monet,05f22b97da.jpg,05f22b97da.jpg,0.8820547402844356
B2A_photo_to_monet,05f4b38e6e.jpg,05f4b38e6e.jpg,0.8251805993682995
B2A_photo_to_monet,06058e6cb0.jpg,06058e6cb0.jpg,0.6412767680140803
B2A_photo_to_monet,0606110c45.jpg,0606110c45.jpg,0.74719130416211
B2A_photo_to_monet,061bb611e0.jpg,061bb611e0.jpg,0.646017404311682
B2A_photo_to_monet,061f0095f0.jpg,061f0095f0.jpg,0.872888077049859
B2A_photo_to_monet,062313a97c.jpg,062313a97c.jpg,0.7436548300149362
B2A_photo_to_monet,06371834cb.jpg,06371834cb.jpg,0.4733791336750956
B2A_photo_to_monet,063ab57d41.jpg,063ab57d41.jpg,0.8809907370373863
B2A_photo_to_monet,064b9119de.jpg,064b9119de.jpg,0.8161422669865388
B2A_photo_to_monet,064babb7f0.jpg,064babb7f0.jpg,0.6939908545074036
B2A_photo_to_monet,064f91250d.jpg,064f91250d.jpg,0.7251767361105059
B2A_photo_to_monet,065b649ac7.jpg,065b649ac7.jpg,0.5494112897534112
B2A_photo_to_monet,0665264678.jpg,0665264678.jpg,0.8746328153184567
B2A_photo_to_monet,066b81e0f9.jpg,066b81e0f9.jpg,0.8531701385249273
B2A_photo_to_monet,068381ad63.jpg,068381ad63.jpg,0.7961956826757239
B2A_photo_to_monet,068cc6fe3f.jpg,068cc6fe3f.jpg,0.80662545319967
B2A_photo_to_monet,0696f8142e.jpg,0696f8142e.jpg,0.7919258933123661
B2A_photo_to_monet,069e6e5b82.jpg,069e6e5b82.jpg,0.8636976388637841
B2A_photo_to_monet,06a5930183.jpg,06a5930183.jpg,0.8900470387596647
B2A_photo_to_monet,06a9cf2d11.jpg,06a9cf2d11.jpg,0.6950987406505134
B2A_photo_to_monet,06b2c2dfca.jpg,06b2c2dfca.jpg,0.8291272820860954
B2A_photo_to_monet,06b8114f82.jpg,06b8114f82.jpg,0.786395684346943
B2A_photo_to_monet,06c2d19658.jpg,06c2d19658.jpg,0.8600614482477841
B2A_photo_to_monet,06c549794b.jpg,06c549794b.jpg,0.8868989389986679
B2A_photo_to_monet,06c89c4c23.jpg,06c89c4c23.jpg,0.6019182214280169
B2A_photo_to_monet,06c9326c86.jpg,06c9326c86.jpg,0.7849159921136925
B2A_photo_to_monet,06e117b31e.jpg,06e117b31e.jpg,0.8151870063119057
B2A_photo_to_monet,06e156d8ba.jpg,06e156d8ba.jpg,0.8195534555245413
B2A_photo_to_monet,06f749912b.jpg,06f749912b.jpg,0.4590133694910012
B2A_photo_to_monet,07054731ab.jpg,07054731ab.jpg,0.6533182847089584
B2A_photo_to_monet,0709ff32ee.jpg,0709ff32ee.jpg,0.9109201038925235
B2A_photo_to_monet,0711866dcd.jpg,0711866dcd.jpg,0.5975580679372842
B2A_photo_to_monet,071c375c2c.jpg,071c375c2c.jpg,0.6511141706741889
B2A_photo_to_monet,0723d52098.jpg,0723d52098.jpg,0.8198762401696797
B2A_photo_to_monet,0724805941.jpg,0724805941.jpg,0.772773310442977
B2A_photo_to_monet,072f1336c9.jpg,072f1336c9.jpg,0.8561806056641684
B2A_photo_to_monet,07362b3f42.jpg,07362b3f42.jpg,0.7030713291710712
B2A_photo_to_monet,073e8b3056.jpg,073e8b3056.jpg,0.8307585195381137
B2A_photo_to_monet,074218de82.jpg,074218de82.jpg,0.77439408133026
B2A_photo_to_monet,074ea8cb6e.jpg,074ea8cb6e.jpg,0.7630446284618404
B2A_photo_to_monet,07573a95f6.jpg,07573a95f6.jpg,0.757194206558107
B2A_photo_to_monet,075e8d4617.jpg,075e8d4617.jpg,0.9297770224770983
B2A_photo_to_monet,0761281e3b.jpg,0761281e3b.jpg,0.6405570920461561
B2A_photo_to_monet,076c62582d.jpg,076c62582d.jpg,0.8757527316168929
B2A_photo_to_monet,0770ea1a07.jpg,0770ea1a07.jpg,0.7340035146538512
B2A_photo_to_monet,077bf7e451.jpg,077bf7e451.jpg,0.6878615670002848
B2A_photo_to_monet,078cd3ce07.jpg,078cd3ce07.jpg,0.8066765058856142
B2A_photo_to_monet,078fd1bc42.jpg,078fd1bc42.jpg,0.7641520921632193
B2A_photo_to_monet,07939b1fde.jpg,07939b1fde.jpg,0.8587288172830652
B2A_photo_to_monet,079da3af1e.jpg,079da3af1e.jpg,0.8420145625440683
B2A_photo_to_monet,07b7fdff1b.jpg,07b7fdff1b.jpg,0.7472102126943465
B2A_photo_to_monet,07bf7d7df1.jpg,07bf7d7df1.jpg,0.8526093010013357
B2A_photo_to_monet,07cb260548.jpg,07cb260548.jpg,0.773903441930675
B2A_photo_to_monet,07e9bc5956.jpg,07e9bc5956.jpg,0.7150466704606601
B2A_photo_to_monet,07ea3a38d2.jpg,07ea3a38d2.jpg,0.6222222260403792
B2A_photo_to_monet,07f37dfe50.jpg,07f37dfe50.jpg,0.8727877657748272
B2A_photo_to_monet,07f730ef9a.jpg,07f730ef9a.jpg,0.7833925351404145
B2A_photo_to_monet,08009f0be5.jpg,08009f0be5.jpg,0.6665400860114089
B2A_photo_to_monet,0811c84b0c.jpg,0811c84b0c.jpg,0.8658701826584485
B2A_photo_to_monet,081955febb.jpg,081955febb.jpg,0.5461415497568269
B2A_photo_to_monet,08247a7020.jpg,08247a7020.jpg,0.8572774421449972
B2A_photo_to_monet,082786cc1f.jpg,082786cc1f.jpg,0.7816763064413503
B2A_photo_to_monet,08341635fa.jpg,08341635fa.jpg,0.6899496445989595
B2A_photo_to_monet,0844c2cddf.jpg,0844c2cddf.jpg,0.5942835972126873
B2A_photo_to_monet,0845e8dc24.jpg,0845e8dc24.jpg,0.8270793048714741
B2A_photo_to_monet,085c73097f.jpg,085c73097f.jpg,0.7308778271912375
B2A_photo_to_monet,0860f1e141.jpg,0860f1e141.jpg,0.885643019652396
B2A_photo_to_monet,08645ef69b.jpg,08645ef69b.jpg,0.76390185517926
B2A_photo_to_monet,087e779e73.jpg,087e779e73.jpg,0.846090636716482
B2A_photo_to_monet,08874a6ee1.jpg,08874a6ee1.jpg,0.7502708955410209
B2A_photo_to_monet,088972cf3f.jpg,088972cf3f.jpg,0.6969815745479414
B2A_photo_to_monet,089406822c.jpg,089406822c.jpg,0.8326617540991414
B2A_photo_to_monet,08a203b59d.jpg,08a203b59d.jpg,0.86306268851073
B2A_photo_to_monet,08acc490a3.jpg,08acc490a3.jpg,0.8261802715486649
B2A_photo_to_monet,08b790bca7.jpg,08b790bca7.jpg,0.8058674574452772
B2A_photo_to_monet,08c1754f70.jpg,08c1754f70.jpg,0.8628333701007816
B2A_photo_to_monet,08cbd0d6c4.jpg,08cbd0d6c4.jpg,0.9294491933072208
B2A_photo_to_monet,08cbd51033.jpg,08cbd51033.jpg,0.8627398868196201
B2A_photo_to_monet,08d7603c9c.jpg,08d7603c9c.jpg,0.8579646671925609
B2A_photo_to_monet,08da1e5774.jpg,08da1e5774.jpg,0.8238976151590077
B2A_photo_to_monet,08e3354189.jpg,08e3354189.jpg,0.7855747911950379
B2A_photo_to_monet,08fa88c02c.jpg,08fa88c02c.jpg,0.8528693860025385
B2A_photo_to_monet,08fa8a6f26.jpg,08fa8a6f26.jpg,0.860866766709228
B2A_photo_to_monet,08fd7ac09b.jpg,08fd7ac09b.jpg,0.8822796616635826
B2A_photo_to_monet,090d5b3cca.jpg,090d5b3cca.jpg,0.8298347541908913
B2A_photo_to_monet,091b6b9b07.jpg,091b6b9b07.jpg,0.7812575388116527
B2A_photo_to_monet,0922bbb3c1.jpg,0922bbb3c1.jpg,0.8063938920686229
B2A_photo_to_monet,0932ad9605.jpg,0932ad9605.jpg,0.8501906254259985
B2A_photo_to_monet,0938dc0298.jpg,0938dc0298.jpg,0.689294102862236
B2A_photo_to_monet,0939723138.jpg,0939723138.jpg,0.8593749725250105
B2A_photo_to_monet,093be92a48.jpg,093be92a48.jpg,0.9230256337431358
B2A_photo_to_monet,093e24f728.jpg,093e24f728.jpg,0.7495074242831743
B2A_photo_to_monet,0945008455.jpg,0945008455.jpg,0.8159793545684221
B2A_photo_to_monet,09591edd0a.jpg,09591edd0a.jpg,0.8332029396976398
B2A_photo_to_monet,095bc5a33d.jpg,095bc5a33d.jpg,0.7742863161720277
B2A_photo_to_monet,096165f6f0.jpg,096165f6f0.jpg,0.8523931288134492
B2A_photo_to_monet,0962094f25.jpg,0962094f25.jpg,0.8512085582321808
B2A_photo_to_monet,0963accefe.jpg,0963accefe.jpg,0.8394745549658045
B2A_photo_to_monet,096495c50c.jpg,096495c50c.jpg,0.7915534102651104
B2A_photo_to_monet,096bae8cd9.jpg,096bae8cd9.jpg,0.827876741769634
B2A_photo_to_monet,096da37ff7.jpg,096da37ff7.jpg,0.8977724961480367
B2A_photo_to_monet,096f009762.jpg,096f009762.jpg,0.778752172659979
B2A_photo_to_monet,09748274a3.jpg,09748274a3.jpg,0.8972457982568447
B2A_photo_to_monet,09756af6f7.jpg,09756af6f7.jpg,0.7110273582947314
B2A_photo_to_monet,097b3ce81a.jpg,097b3ce81a.jpg,0.8443336132308309
B2A_photo_to_monet,097d38ef3b.jpg,097d38ef3b.jpg,0.8242062479404543
B2A_photo_to_monet,09816286d3.jpg,09816286d3.jpg,0.8485732572158411
B2A_photo_to_monet,0984136f36.jpg,0984136f36.jpg,0.6545469319589459
B2A_photo_to_monet,098b35d919.jpg,098b35d919.jpg,0.7397806648536538
B2A_photo_to_monet,098c0ce670.jpg,098c0ce670.jpg,0.7195132701778713
B2A_photo_to_monet,098fde2b22.jpg,098fde2b22.jpg,0.7709687066872545
B2A_photo_to_monet,099159901a.jpg,099159901a.jpg,0.6567402763698248
B2A_photo_to_monet,099395535c.jpg,099395535c.jpg,0.7833669917126963
B2A_photo_to_monet,09986b5a14.jpg,09986b5a14.jpg,0.8407488424551057
B2A_photo_to_monet,09a43d2264.jpg,09a43d2264.jpg,0.8562439504029099
B2A_photo_to_monet,09bebf108f.jpg,09bebf108f.jpg,0.8581948073002654
B2A_photo_to_monet,09c874df81.jpg,09c874df81.jpg,0.8747382515263626
B2A_photo_to_monet,09d34f7412.jpg,09d34f7412.jpg,0.8982246061409688
B2A_photo_to_monet,09ddb5e4c9.jpg,09ddb5e4c9.jpg,0.6628253296292875
B2A_photo_to_monet,09e084658a.jpg,09e084658a.jpg,0.7245383861308524
B2A_photo_to_monet,09e1b696b4.jpg,09e1b696b4.jpg,0.8830012799682596
B2A_photo_to_monet,09e2982b82.jpg,09e2982b82.jpg,0.7859157085797001
B2A_photo_to_monet,09e8393bd1.jpg,09e8393bd1.jpg,0.7423948373821967
B2A_photo_to_monet,09ec565e3a.jpg,09ec565e3a.jpg,0.8703608217535833
B2A_photo_to_monet,09f57ab8c5.jpg,09f57ab8c5.jpg,0.8214967538425946
B2A_photo_to_monet,09fc404e31.jpg,09fc404e31.jpg,0.5410802517900891
B2A_photo_to_monet,09fcd10b7e.jpg,09fcd10b7e.jpg,0.7792197071271265
B2A_photo_to_monet,0a0c3a6d07.jpg,0a0c3a6d07.jpg,0.7822500921918657
B2A_photo_to_monet,0a0d3e6ea7.jpg,0a0d3e6ea7.jpg,0.8357029582658313
B2A_photo_to_monet,0a1d1b9f8e.jpg,0a1d1b9f8e.jpg,0.6823787833512747
B2A_photo_to_monet,0a271892d0.jpg,0a271892d0.jpg,0.8102496705573969
B2A_photo_to_monet,0a284dbed0.jpg,0a284dbed0.jpg,0.7551554592168584
B2A_photo_to_monet,0a2e5f728d.jpg,0a2e5f728d.jpg,0.6437160436265418
B2A_photo_to_monet,0a325fc655.jpg,0a325fc655.jpg,0.7003053429020724
B2A_photo_to_monet,0a44c8287d.jpg,0a44c8287d.jpg,0.8049411851541378
B2A_photo_to_monet,0a49020ae5.jpg,0a49020ae5.jpg,0.7209238491537812
B2A_photo_to_monet,0a497f768d.jpg,0a497f768d.jpg,0.8146167013972873
B2A_photo_to_monet,0a6091114d.jpg,0a6091114d.jpg,0.8225487485707896
B2A_photo_to_monet,0a6279ef66.jpg,0a6279ef66.jpg,0.765618420937665
B2A_photo_to_monet,0a6e92d928.jpg,0a6e92d928.jpg,0.776943224083727
