direction,source_file,l1_normalized_minus1_1,l1_rgb_0_1
A2B2A_monet_to_photo_to_monet,000c1e3bff.jpg,0.0732993334531784,0.0366496667265892
A2B2A_monet_to_photo_to_monet,011835cfbf.jpg,0.08763237297534943,0.04381618648767471
A2B2A_monet_to_photo_to_monet,0260d15306.jpg,0.06082875654101372,0.03041437827050686
A2B2A_monet_to_photo_to_monet,049e293b93.jpg,0.0616992712020874,0.0308496356010437
A2B2A_monet_to_photo_to_monet,05144e306f.jpg,0.058383576571941376,0.029191788285970688
A2B2A_monet_to_photo_to_monet,052a77c020.jpg,0.07178063690662384,0.03589031845331192
A2B2A_monet_to_photo_to_monet,058f878b7c.jpg,0.05352569743990898,0.02676284871995449
A2B2A_monet_to_photo_to_monet,05b493ff42.jpg,0.05892183631658554,0.02946091815829277
A2B2A_monet_to_photo_to_monet,064487d630.jpg,0.04860618710517883,0.024303093552589417
A2B2A_monet_to_photo_to_monet,066fe4cbaa.jpg,0.0673305094242096,0.0336652547121048
A2B2A_monet_to_photo_to_monet,07fcaee35f.jpg,0.03785904496908188,0.01892952248454094
A2B2A_monet_to_photo_to_monet,09b76b6471.jpg,0.1128675565123558,0.0564337782561779
A2B2A_monet_to_photo_to_monet,0a5075d42a.jpg,0.07592575252056122,0.03796287626028061
A2B2A_monet_to_photo_to_monet,0bd913dbc7.jpg,0.0737374871969223,0.03686874359846115
A2B2A_monet_to_photo_to_monet,0e3b3292da.jpg,0.055856429040431976,0.027928214520215988
A2B2A_monet_to_photo_to_monet,106757e5d8.jpg,0.05271938443183899,0.026359692215919495
A2B2A_monet_to_photo_to_monet,1078363ff0.jpg,0.07230269908905029,0.036151349544525146
A2B2A_monet_to_photo_to_monet,10c555c1b1.jpg,0.06912416964769363,0.03456208482384682
A2B2A_monet_to_photo_to_monet,118da0690c.jpg,0.07682231068611145,0.038411155343055725
A2B2A_monet_to_photo_to_monet,11ab570c5e.jpg,0.05675417184829712,0.02837708592414856
A2B2A_monet_to_photo_to_monet,11be65b3e9.jpg,0.05890808627009392,0.02945404313504696
A2B2A_monet_to_photo_to_monet,133b42e498.jpg,0.06514587253332138,0.03257293626666069
A2B2A_monet_to_photo_to_monet,14162de938.jpg,0.08838233351707458,0.04419116675853729
A2B2A_monet_to_photo_to_monet,14ff6e6a99.jpg,0.07549683004617691,0.037748415023088455
A2B2A_monet_to_photo_to_monet,158740962c.jpg,0.06313556432723999,0.031567782163619995
A2B2A_monet_to_photo_to_monet,16dabe418c.jpg,0.0943494662642479,0.04717473313212395
A2B2A_monet_to_photo_to_monet,17557a29cb.jpg,0.0835324376821518,0.0417662188410759
A2B2A_monet_to_photo_to_monet,1814cc6632.jpg,0.07905489951372147,0.03952744975686073
A2B2A_monet_to_photo_to_monet,184d6c66cd.jpg,0.08650325238704681,0.04325162619352341
A2B2A_monet_to_photo_to_monet,1994b8d4a2.jpg,0.056968625634908676,0.028484312817454338
A2B2A_monet_to_photo_to_monet,19dc36ccb2.jpg,0.06606917083263397,0.033034585416316986
A2B2A_monet_to_photo_to_monet,1a127acf4d.jpg,0.05258040875196457,0.026290204375982285
A2B2A_monet_to_photo_to_monet,1e4e4e63c5.jpg,0.11179830133914948,0.05589915066957474
A2B2A_monet_to_photo_to_monet,1f22663e72.jpg,0.06047329306602478,0.03023664653301239
A2B2A_monet_to_photo_to_monet,1f9667f2a7.jpg,0.0725998505949974,0.0362999252974987
A2B2A_monet_to_photo_to_monet,22b1ac6b44.jpg,0.05077910050749779,0.025389550253748894
A2B2A_monet_to_photo_to_monet,23832dead5.jpg,0.049512527883052826,0.024756263941526413
A2B2A_monet_to_photo_to_monet,23b07c3769.jpg,0.06696972250938416,0.03348486125469208
A2B2A_monet_to_photo_to_monet,23d6aeb485.jpg,0.06058857589960098,0.03029428794980049
A2B2A_monet_to_photo_to_monet,23f0fbd77e.jpg,0.052269093692302704,0.026134546846151352
A2B2A_monet_to_photo_to_monet,24af733334.jpg,0.07511519640684128,0.03755759820342064
A2B2A_monet_to_photo_to_monet,252d9a4abc.jpg,0.0575527623295784,0.0287763811647892
A2B2A_monet_to_photo_to_monet,2581464ddc.jpg,0.05945613235235214,0.02972806617617607
A2B2A_monet_to_photo_to_monet,25c9904782.jpg,0.07434296607971191,0.03717148303985596
A2B2A_monet_to_photo_to_monet,26b66eb819.jpg,0.06809307634830475,0.034046538174152374
A2B2A_monet_to_photo_to_monet,2759c1ed37.jpg,0.06700626015663147,0.033503130078315735
A2B2A_monet_to_photo_to_monet,281b73fb5e.jpg,0.06396131217479706,0.03198065608739853
A2B2A_monet_to_photo_to_monet,28deb43a71.jpg,0.09212558716535568,0.04606279358267784
A2B2A_monet_to_photo_to_monet,295eb5c521.jpg,0.06720470637083054,0.03360235318541527
A2B2A_monet_to_photo_to_monet,29696b4455.jpg,0.06421352922916412,0.03210676461458206
A2B2A_monet_to_photo_to_monet,2acfbab228.jpg,0.06727989763021469,0.033639948815107346
A2B2A_monet_to_photo_to_monet,2c00f5147f.jpg,0.0810031145811081,0.04050155729055405
A2B2A_monet_to_photo_to_monet,2cca56415e.jpg,0.07249440997838974,0.03624720498919487
A2B2A_monet_to_photo_to_monet,2e0d0e6e19.jpg,0.05039075016975403,0.025195375084877014
A2B2A_monet_to_photo_to_monet,2f20944b6a.jpg,0.08541332185268402,0.04270666092634201
A2B2A_monet_to_photo_to_monet,2f90c99e10.jpg,0.0828166976571083,0.04140834882855415
A2B2A_monet_to_photo_to_monet,3283442e33.jpg,0.05593429133296013,0.027967145666480064
A2B2A_monet_to_photo_to_monet,32cc820303.jpg,0.071306973695755,0.0356534868478775
A2B2A_monet_to_photo_to_monet,32e33792cc.jpg,0.056501589715480804,0.028250794857740402
A2B2A_monet_to_photo_to_monet,3417ace946.jpg,0.05951625108718872,0.02975812554359436
A2B2A_monet_to_photo_to_monet,344d1829bb.jpg,0.09626363217830658,0.04813181608915329
A2B2A_monet_to_photo_to_monet,3545597386.jpg,0.07058927416801453,0.03529463708400726
A2B2A_monet_to_photo_to_monet,369f6d07e8.jpg,0.07369788736104965,0.036848943680524826
A2B2A_monet_to_photo_to_monet,3843e221cc.jpg,0.09612531960010529,0.04806265980005264
A2B2A_monet_to_photo_to_monet,3b262c6726.jpg,0.05821537971496582,0.02910768985748291
A2B2A_monet_to_photo_to_monet,3c341ff93e.jpg,0.07300861179828644,0.03650430589914322
A2B2A_monet_to_photo_to_monet,3d13fe022e.jpg,0.07388336956501007,0.036941684782505035
A2B2A_monet_to_photo_to_monet,3deea9f4a4.jpg,0.05324012041091919,0.026620060205459595
A2B2A_monet_to_photo_to_monet,3eaef3ee43.jpg,0.04601770639419556,0.02300885319709778
A2B2A_monet_to_photo_to_monet,40d7d18ad3.jpg,0.060965992510318756,0.030482996255159378
A2B2A_monet_to_photo_to_monet,417e77e946.jpg,0.05836918205022812,0.02918459102511406
A2B2A_monet_to_photo_to_monet,4260d1c556.jpg,0.07149762660264969,0.035748813301324844
A2B2A_monet_to_photo_to_monet,429e382095.jpg,0.06021518632769585,0.030107593163847923
A2B2A_monet_to_photo_to_monet,463835bbc6.jpg,0.04705963656306267,0.023529818281531334
A2B2A_monet_to_photo_to_monet,4660310c3e.jpg,0.05218574404716492,0.02609287202358246
A2B2A_monet_to_photo_to_monet,47a0548067.jpg,0.049383800476789474,0.024691900238394737
A2B2A_monet_to_photo_to_monet,488600cb75.jpg,0.055449675768613815,0.027724837884306908
A2B2A_monet_to_photo_to_monet,49337b68f4.jpg,0.07090377062559128,0.03545188531279564
A2B2A_monet_to_photo_to_monet,4995c04b1a.jpg,0.051677800714969635,0.025838900357484818
A2B2A_monet_to_photo_to_monet,4ab2583fe2.jpg,0.07224094122648239,0.036120470613241196
A2B2A_monet_to_photo_to_monet,4ad8b366c1.jpg,0.060616523027420044,0.030308261513710022
A2B2A_monet_to_photo_to_monet,4b0adf7c6f.jpg,0.052244048565626144,0.026122024282813072
A2B2A_monet_to_photo_to_monet,4bb4ca7b03.jpg,0.09640899300575256,0.04820449650287628
A2B2A_monet_to_photo_to_monet,4c0e35882c.jpg,0.08027738332748413,0.040138691663742065
A2B2A_monet_to_photo_to_monet,4c74254ad3.jpg,0.08836331218481064,0.04418165609240532
A2B2A_monet_to_photo_to_monet,4e05523825.jpg,0.06349387764930725,0.031746938824653625
A2B2A_monet_to_photo_to_monet,4f045779b0.jpg,0.06867201626300812,0.03433600813150406
A2B2A_monet_to_photo_to_monet,4f3f4ff590.jpg,0.06413164734840393,0.032065823674201965
A2B2A_monet_to_photo_to_monet,4f4de0bbba.jpg,0.057164888828992844,0.028582444414496422
A2B2A_monet_to_photo_to_monet,4f7e01f097.jpg,0.1207198053598404,0.0603599026799202
A2B2A_monet_to_photo_to_monet,50855dd324.jpg,0.058573946356773376,0.029286973178386688
A2B2A_monet_to_photo_to_monet,512cd171a9.jpg,0.0677129253745079,0.03385646268725395
A2B2A_monet_to_photo_to_monet,5185e8c56a.jpg,0.03901437669992447,0.019507188349962234
A2B2A_monet_to_photo_to_monet,51bdd25f76.jpg,0.06452083587646484,0.03226041793823242
A2B2A_monet_to_photo_to_monet,51db3fc011.jpg,0.07095083594322205,0.03547541797161102
A2B2A_monet_to_photo_to_monet,526a110636.jpg,0.07428058236837387,0.037140291184186935
A2B2A_monet_to_photo_to_monet,52aed0f943.jpg,0.0689714252948761,0.03448571264743805
A2B2A_monet_to_photo_to_monet,52d12dc627.jpg,0.06528371572494507,0.032641857862472534
A2B2A_monet_to_photo_to_monet,52fc351abf.jpg,0.07117094099521637,0.035585470497608185
A2B2A_monet_to_photo_to_monet,536aa87152.jpg,0.048740848898887634,0.024370424449443817
A2B2A_monet_to_photo_to_monet,565f19268b.jpg,0.08397924900054932,0.04198962450027466
A2B2A_monet_to_photo_to_monet,586acab7c5.jpg,0.05388236045837402,0.02694118022918701
A2B2A_monet_to_photo_to_monet,5926f85cbf.jpg,0.058418914675712585,0.029209457337856293
A2B2A_monet_to_photo_to_monet,593db29cce.jpg,0.09290087223052979,0.04645043611526489
A2B2A_monet_to_photo_to_monet,599098859e.jpg,0.07035453617572784,0.03517726808786392
A2B2A_monet_to_photo_to_monet,59df696966.jpg,0.0685846358537674,0.0342923179268837
A2B2A_monet_to_photo_to_monet,5aa514ffac.jpg,0.03818659111857414,0.01909329555928707
A2B2A_monet_to_photo_to_monet,5c79cfe0b3.jpg,0.056183211505413055,0.028091605752706528
A2B2A_monet_to_photo_to_monet,5cb895b722.jpg,0.08344477415084839,0.041722387075424194
A2B2A_monet_to_photo_to_monet,5e357ad790.jpg,0.0793546810746193,0.03967734053730965
A2B2A_monet_to_photo_to_monet,5ffbfe68d4.jpg,0.05195000767707825,0.025975003838539124
A2B2A_monet_to_photo_to_monet,6043aadea0.jpg,0.05641510710120201,0.028207553550601006
A2B2A_monet_to_photo_to_monet,608ee0d370.jpg,0.07712092250585556,0.03856046125292778
A2B2A_monet_to_photo_to_monet,61e735361a.jpg,0.07694269716739655,0.03847134858369827
A2B2A_monet_to_photo_to_monet,632ddbc784.jpg,0.03926470875740051,0.019632354378700256
A2B2A_monet_to_photo_to_monet,661e374153.jpg,0.07003550976514816,0.03501775488257408
A2B2A_monet_to_photo_to_monet,66226e18fc.jpg,0.058918457478284836,0.029459228739142418
A2B2A_monet_to_photo_to_monet,66a144f547.jpg,0.06327933073043823,0.031639665365219116
A2B2A_monet_to_photo_to_monet,6742294320.jpg,0.06487075984477997,0.032435379922389984
A2B2A_monet_to_photo_to_monet,676a5a4c2e.jpg,0.0756414458155632,0.0378207229077816
A2B2A_monet_to_photo_to_monet,6782e7cb2a.jpg,0.12110842764377594,0.06055421382188797
A2B2A_monet_to_photo_to_monet,68729aac07.jpg,0.06039143726229668,0.03019571863114834
A2B2A_monet_to_photo_to_monet,68b60c04b7.jpg,0.04633496329188347,0.023167481645941734
A2B2A_monet_to_photo_to_monet,68d60af226.jpg,0.05313878506422043,0.026569392532110214
A2B2A_monet_to_photo_to_monet,695897bd4a.jpg,0.07394836843013763,0.03697418421506882
A2B2A_monet_to_photo_to_monet,69f4b75a37.jpg,0.06276705861091614,0.03138352930545807
A2B2A_monet_to_photo_to_monet,6a03aea8be.jpg,0.04001855105161667,0.020009275525808334
A2B2A_monet_to_photo_to_monet,6bbe0e63c6.jpg,0.07132606953382492,0.03566303476691246
A2B2A_monet_to_photo_to_monet,6bfbd1df5b.jpg,0.06691362708806992,0.03345681354403496
A2B2A_monet_to_photo_to_monet,6c6cc46498.jpg,0.05929630994796753,0.029648154973983765
A2B2A_monet_to_photo_to_monet,6d0e87f557.jpg,0.123690664768219,0.0618453323841095
A2B2A_monet_to_photo_to_monet,6e0429f92e.jpg,0.06051146984100342,0.03025573492050171
A2B2A_monet_to_photo_to_monet,6ee7c39dbc.jpg,0.06769033521413803,0.033845167607069016
A2B2A_monet_to_photo_to_monet,6f0b9df5c5.jpg,0.057221539318561554,0.028610769659280777
A2B2A_monet_to_photo_to_monet,7017e6caa1.jpg,0.09756886959075928,0.04878443479537964
A2B2A_monet_to_photo_to_monet,7054793632.jpg,0.06090537831187248,0.03045268915593624
A2B2A_monet_to_photo_to_monet,70bc945f95.jpg,0.07961472868919373,0.03980736434459686
A2B2A_monet_to_photo_to_monet,718445ebe3.jpg,0.07125179469585419,0.035625897347927094
A2B2A_monet_to_photo_to_monet,7239ba0b55.jpg,0.07325688004493713,0.03662844002246857
A2B2A_monet_to_photo_to_monet,730f325b64.jpg,0.05962720513343811,0.029813602566719055
A2B2A_monet_to_photo_to_monet,732d76a469.jpg,0.07403616607189178,0.03701808303594589
A2B2A_monet_to_photo_to_monet,7341d96c1d.jpg,0.046818241477012634,0.023409120738506317
A2B2A_monet_to_photo_to_monet,73f33a12c5.jpg,0.06675160676240921,0.033375803381204605
A2B2A_monet_to_photo_to_monet,74e452fb31.jpg,0.04998915642499924,0.02499457821249962
A2B2A_monet_to_photo_to_monet,76cc7181f8.jpg,0.07926110923290253,0.03963055461645126
A2B2A_monet_to_photo_to_monet,77b37629f2.jpg,0.07739771157503128,0.03869885578751564
A2B2A_monet_to_photo_to_monet,79224da51f.jpg,0.059039972722530365,0.029519986361265182
A2B2A_monet_to_photo_to_monet,79292e1434.jpg,0.054075345396995544,0.027037672698497772
A2B2A_monet_to_photo_to_monet,7952021d2f.jpg,0.05736393854022026,0.02868196927011013
A2B2A_monet_to_photo_to_monet,7960adbd50.jpg,0.0844113677740097,0.04220568388700485
A2B2A_monet_to_photo_to_monet,7cb36714d0.jpg,0.058755598962306976,0.029377799481153488
A2B2A_monet_to_photo_to_monet,7d64c3100c.jpg,0.06569929420948029,0.03284964710474014
A2B2A_monet_to_photo_to_monet,8044a92484.jpg,0.06531615555286407,0.03265807777643204
A2B2A_monet_to_photo_to_monet,8077b7e9e7.jpg,0.09859298169612885,0.04929649084806442
A2B2A_monet_to_photo_to_monet,8114fa2607.jpg,0.08017966151237488,0.04008983075618744
A2B2A_monet_to_photo_to_monet,815624563e.jpg,0.10624919831752777,0.053124599158763885
A2B2A_monet_to_photo_to_monet,82991e742a.jpg,0.08587713539600372,0.04293856769800186
A2B2A_monet_to_photo_to_monet,82b9fd68b1.jpg,0.07713408768177032,0.03856704384088516
A2B2A_monet_to_photo_to_monet,8314acfd35.jpg,0.09087604284286499,0.045438021421432495
A2B2A_monet_to_photo_to_monet,853f8d711f.jpg,0.06339764595031738,0.03169882297515869
A2B2A_monet_to_photo_to_monet,85580214be.jpg,0.09504392743110657,0.047521963715553284
A2B2A_monet_to_photo_to_monet,88402296cc.jpg,0.08028407394886017,0.040142036974430084
A2B2A_monet_to_photo_to_monet,893db2701d.jpg,0.07674899697303772,0.03837449848651886
A2B2A_monet_to_photo_to_monet,89964efa86.jpg,0.050272345542907715,0.025136172771453857
A2B2A_monet_to_photo_to_monet,89d970411d.jpg,0.0782298669219017,0.03911493346095085
A2B2A_monet_to_photo_to_monet,89fcbf2f76.jpg,0.05541142821311951,0.027705714106559753
A2B2A_monet_to_photo_to_monet,8b54448a07.jpg,0.06505872309207916,0.03252936154603958
A2B2A_monet_to_photo_to_monet,8b7948248f.jpg,0.06579502671957016,0.03289751335978508
A2B2A_monet_to_photo_to_monet,8b841420b4.jpg,0.05632615089416504,0.02816307544708252
A2B2A_monet_to_photo_to_monet,8c48e112d0.jpg,0.05837344750761986,0.02918672375380993
A2B2A_monet_to_photo_to_monet,8c8011c291.jpg,0.09556221961975098,0.04778110980987549
A2B2A_monet_to_photo_to_monet,8cfd45a2e2.jpg,0.1152225136756897,0.05761125683784485
A2B2A_monet_to_photo_to_monet,8e5ff15568.jpg,0.07734399288892746,0.03867199644446373
A2B2A_monet_to_photo_to_monet,8ee2933868.jpg,0.06801411509513855,0.034007057547569275
A2B2A_monet_to_photo_to_monet,8f02369f42.jpg,0.05308925360441208,0.02654462680220604
A2B2A_monet_to_photo_to_monet,910610e827.jpg,0.02972365915775299,0.014861829578876495
A2B2A_monet_to_photo_to_monet,910729e0ce.jpg,0.06560744345188141,0.032803721725940704
A2B2A_monet_to_photo_to_monet,92c0ba8c0d.jpg,0.0628475695848465,0.03142378479242325
A2B2A_monet_to_photo_to_monet,93132f89ee.jpg,0.10386892408132553,0.051934462040662766
A2B2A_monet_to_photo_to_monet,932d0dd808.jpg,0.08380196988582611,0.041900984942913055
A2B2A_monet_to_photo_to_monet,95a53d7b0b.jpg,0.07707933336496353,0.038539666682481766
A2B2A_monet_to_photo_to_monet,95b5f01a85.jpg,0.057754017412662506,0.028877008706331253
A2B2A_monet_to_photo_to_monet,9843bc25c5.jpg,0.05953731760382652,0.02976865880191326
A2B2A_monet_to_photo_to_monet,9908d1daa9.jpg,0.08416326344013214,0.04208163172006607
A2B2A_monet_to_photo_to_monet,990ed28f62.jpg,0.05906086787581444,0.02953043393790722
A2B2A_monet_to_photo_to_monet,9963d64ebf.jpg,0.05385567992925644,0.02692783996462822
A2B2A_monet_to_photo_to_monet,99a51d3e25.jpg,0.06819520145654678,0.03409760072827339
A2B2A_monet_to_photo_to_monet,99d94af5dd.jpg,0.05483432859182358,0.02741716429591179
A2B2A_monet_to_photo_to_monet,9ae6552353.jpg,0.05244681239128113,0.026223406195640564
A2B2A_monet_to_photo_to_monet,9d58456cc3.jpg,0.08158174157142639,0.040790870785713196
A2B2A_monet_to_photo_to_monet,9d9a4fccfb.jpg,0.05400439351797104,0.02700219675898552
A2B2A_monet_to_photo_to_monet,9db9843ed1.jpg,0.058653976768255234,0.029326988384127617
A2B2A_monet_to_photo_to_monet,9f409e3376.jpg,0.06565555185079575,0.03282777592539787
A2B2A_monet_to_photo_to_monet,9fc868e864.jpg,0.06627465784549713,0.033137328922748566
A2B2A_monet_to_photo_to_monet,a030bc32e6.jpg,0.07643695175647736,0.03821847587823868
A2B2A_monet_to_photo_to_monet,a06b54dfe9.jpg,0.054164063185453415,0.027082031592726707
A2B2A_monet_to_photo_to_monet,a202b1b200.jpg,0.06847725808620453,0.034238629043102264
A2B2A_monet_to_photo_to_monet,a210ceedc7.jpg,0.10170415043830872,0.05085207521915436
A2B2A_monet_to_photo_to_monet,a4e4a61fb2.jpg,0.07131113857030869,0.03565556928515434
A2B2A_monet_to_photo_to_monet,a59f3f5b89.jpg,0.07124930620193481,0.03562465310096741
A2B2A_monet_to_photo_to_monet,a619072f82.jpg,0.12259997427463531,0.06129998713731766
A2B2A_monet_to_photo_to_monet,a6291c2a1c.jpg,0.05926010012626648,0.02963005006313324
A2B2A_monet_to_photo_to_monet,a642e9cb6f.jpg,0.09649842977523804,0.04824921488761902
A2B2A_monet_to_photo_to_monet,a7977705be.jpg,0.06998051702976227,0.034990258514881134
A2B2A_monet_to_photo_to_monet,a7d53885e8.jpg,0.11136280000209808,0.05568140000104904
A2B2A_monet_to_photo_to_monet,a885da7b52.jpg,0.07902900874614716,0.03951450437307358
A2B2A_monet_to_photo_to_monet,a8fbbe3eb1.jpg,0.04684662073850632,0.02342331036925316
A2B2A_monet_to_photo_to_monet,a96b79a93f.jpg,0.07617153227329254,0.03808576613664627
A2B2A_monet_to_photo_to_monet,aa76c7625a.jpg,0.08904542773962021,0.044522713869810104
A2B2A_monet_to_photo_to_monet,ad0101d010.jpg,0.11149191856384277,0.05574595928192139
A2B2A_monet_to_photo_to_monet,ad8ce41fc0.jpg,0.062109481543302536,0.031054740771651268
A2B2A_monet_to_photo_to_monet,b1310da865.jpg,0.09556060284376144,0.04778030142188072
A2B2A_monet_to_photo_to_monet,b13c0973ee.jpg,0.08674433827400208,0.04337216913700104
A2B2A_monet_to_photo_to_monet,b1ea5d5a7d.jpg,0.05716437101364136,0.02858218550682068
A2B2A_monet_to_photo_to_monet,b256e61a5d.jpg,0.053549718111753464,0.026774859055876732
A2B2A_monet_to_photo_to_monet,b2ce76c750.jpg,0.09126003831624985,0.045630019158124924
A2B2A_monet_to_photo_to_monet,b3adc75e7d.jpg,0.053766023367643356,0.026883011683821678
A2B2A_monet_to_photo_to_monet,b44f24c048.jpg,0.07334806025028229,0.036674030125141144
A2B2A_monet_to_photo_to_monet,b5c2fe7c4c.jpg,0.07548101246356964,0.03774050623178482
A2B2A_monet_to_photo_to_monet,b76d52e05a.jpg,0.08665226399898529,0.043326131999492645
A2B2A_monet_to_photo_to_monet,b99546090b.jpg,0.06272940337657928,0.03136470168828964
A2B2A_monet_to_photo_to_monet,ba52f976af.jpg,0.0759739875793457,0.03798699378967285
A2B2A_monet_to_photo_to_monet,baf6efabfe.jpg,0.06647636741399765,0.033238183706998825
A2B2A_monet_to_photo_to_monet,bbc5ac4564.jpg,0.0881844013929367,0.04409220069646835
A2B2A_monet_to_photo_to_monet,bc4b364a44.jpg,0.06476451456546783,0.03238225728273392
A2B2A_monet_to_photo_to_monet,bf6db09354.jpg,0.048114702105522156,0.024057351052761078
A2B2A_monet_to_photo_to_monet,c14505c1da.jpg,0.056919753551483154,0.028459876775741577
A2B2A_monet_to_photo_to_monet,c1dc1a85a4.jpg,0.05553167685866356,0.02776583842933178
A2B2A_monet_to_photo_to_monet,c2576267d4.jpg,0.0808078795671463,0.04040393978357315
A2B2A_monet_to_photo_to_monet,c4622e3fb6.jpg,0.04766374081373215,0.023831870406866074
A2B2A_monet_to_photo_to_monet,c67ba2060c.jpg,0.07267415523529053,0.036337077617645264
A2B2A_monet_to_photo_to_monet,c68c52e8fc.jpg,0.05813916027545929,0.029069580137729645
A2B2A_monet_to_photo_to_monet,c6c360756c.jpg,0.05631924793124199,0.028159623965620995
A2B2A_monet_to_photo_to_monet,c6c88ce9c4.jpg,0.0830230712890625,0.04151153564453125
A2B2A_monet_to_photo_to_monet,c78b4fa3a9.jpg,0.10409514605998993,0.052047573029994965
A2B2A_monet_to_photo_to_monet,c7d8142152.jpg,0.05582315847277641,0.027911579236388206
A2B2A_monet_to_photo_to_monet,cb50326950.jpg,0.07095350325107574,0.03547675162553787
A2B2A_monet_to_photo_to_monet,cb9c553ded.jpg,0.045750200748443604,0.022875100374221802
A2B2A_monet_to_photo_to_monet,cc2bb659f4.jpg,0.07753017544746399,0.038765087723731995
A2B2A_monet_to_photo_to_monet,cd6623d07d.jpg,0.07026185095310211,0.035130925476551056
A2B2A_monet_to_photo_to_monet,cdddf326e3.jpg,0.06151951104402542,0.03075975552201271
A2B2A_monet_to_photo_to_monet,ce3e0daddd.jpg,0.06230400130152702,0.03115200065076351
A2B2A_monet_to_photo_to_monet,ceb6cf5f31.jpg,0.07935011386871338,0.03967505693435669
A2B2A_monet_to_photo_to_monet,cf6488d84c.jpg,0.09193502366542816,0.04596751183271408
A2B2A_monet_to_photo_to_monet,cfc6fce7b5.jpg,0.07134423404932022,0.03567211702466011
A2B2A_monet_to_photo_to_monet,d05cab011d.jpg,0.05433331057429314,0.02716665528714657
A2B2A_monet_to_photo_to_monet,d087730b76.jpg,0.06903637945652008,0.03451818972826004
A2B2A_monet_to_photo_to_monet,d14c1abdd4.jpg,0.07295916229486465,0.03647958114743233
A2B2A_monet_to_photo_to_monet,d1d9748a64.jpg,0.08854597806930542,0.04427298903465271
A2B2A_monet_to_photo_to_monet,d239dae42d.jpg,0.1003347635269165,0.05016738176345825
A2B2A_monet_to_photo_to_monet,d4116437bb.jpg,0.060911472886800766,0.030455736443400383
A2B2A_monet_to_photo_to_monet,d50049fbfc.jpg,0.07768502086400986,0.03884251043200493
A2B2A_monet_to_photo_to_monet,d5b0c260a0.jpg,0.05560231953859329,0.027801159769296646
A2B2A_monet_to_photo_to_monet,d6d6e625bd.jpg,0.05701637268066406,0.02850818634033203
A2B2A_monet_to_photo_to_monet,d729785cb8.jpg,0.06984919309616089,0.034924596548080444
A2B2A_monet_to_photo_to_monet,d754850d01.jpg,0.07261080294847488,0.03630540147423744
A2B2A_monet_to_photo_to_monet,d7948c7635.jpg,0.07521434128284454,0.03760717064142227
A2B2A_monet_to_photo_to_monet,d88482796d.jpg,0.05385785549879074,0.02692892774939537
A2B2A_monet_to_photo_to_monet,d9e8704878.jpg,0.07101933658123016,0.03550966829061508
A2B2A_monet_to_photo_to_monet,da72006ef5.jpg,0.07475929707288742,0.03737964853644371
A2B2A_monet_to_photo_to_monet,dc33f0edbe.jpg,0.0785505399107933,0.03927526995539665
A2B2A_monet_to_photo_to_monet,dcab49d080.jpg,0.062410544604063034,0.031205272302031517
A2B2A_monet_to_photo_to_monet,dcf5ea1040.jpg,0.06283720582723618,0.03141860291361809
A2B2A_monet_to_photo_to_monet,dd46691bd7.jpg,0.06183060258626938,0.03091530129313469
A2B2A_monet_to_photo_to_monet,de6f71b00f.jpg,0.04690026491880417,0.023450132459402084
A2B2A_monet_to_photo_to_monet,df64ac2dcb.jpg,0.058636538684368134,0.029318269342184067
A2B2A_monet_to_photo_to_monet,e2253b87a0.jpg,0.06910353153944016,0.03455176576972008
A2B2A_monet_to_photo_to_monet,e291f8144f.jpg,0.07803265005350113,0.039016325026750565
A2B2A_monet_to_photo_to_monet,e3112413b1.jpg,0.0800219252705574,0.0400109626352787
A2B2A_monet_to_photo_to_monet,e37407c747.jpg,0.06760456413030624,0.03380228206515312
A2B2A_monet_to_photo_to_monet,e510a74d3c.jpg,0.05629406496882439,0.028147032484412193
A2B2A_monet_to_photo_to_monet,e568f84fad.jpg,0.07243797183036804,0.03621898591518402
A2B2A_monet_to_photo_to_monet,e753318d04.jpg,0.08004738390445709,0.040023691952228546
A2B2A_monet_to_photo_to_monet,e88d9de918.jpg,0.05048048496246338,0.02524024248123169
A2B2A_monet_to_photo_to_monet,e9580cd500.jpg,0.06371395289897919,0.031856976449489594
A2B2A_monet_to_photo_to_monet,e9f5563817.jpg,0.08170199394226074,0.04085099697113037
A2B2A_monet_to_photo_to_monet,e9f686534b.jpg,0.059893544763326645,0.029946772381663322
A2B2A_monet_to_photo_to_monet,eb3cc5c559.jpg,0.07083618640899658,0.03541809320449829
A2B2A_monet_to_photo_to_monet,ec3398cef9.jpg,0.07383735477924347,0.036918677389621735
A2B2A_monet_to_photo_to_monet,ec78d80dbd.jpg,0.07825186848640442,0.03912593424320221
A2B2A_monet_to_photo_to_monet,ed597655a0.jpg,0.08216505497694016,0.04108252748847008
A2B2A_monet_to_photo_to_monet,ede9769cb3.jpg,0.06227308511734009,0.031136542558670044
A2B2A_monet_to_photo_to_monet,ee7adac58f.jpg,0.06031472608447075,0.030157363042235374
A2B2A_monet_to_photo_to_monet,f04c9d8e34.jpg,0.06532065570354462,0.03266032785177231
A2B2A_monet_to_photo_to_monet,f0884db067.jpg,0.07179763168096542,0.03589881584048271
A2B2A_monet_to_photo_to_monet,f0d789c4bc.jpg,0.06974276155233383,0.034871380776166916
A2B2A_monet_to_photo_to_monet,f4413e97bd.jpg,0.07848936319351196,0.03924468159675598
A2B2A_monet_to_photo_to_monet,f486c1655f.jpg,0.09870295971632004,0.04935147985816002
A2B2A_monet_to_photo_to_monet,f7836c88eb.jpg,0.07253727316856384,0.03626863658428192
A2B2A_monet_to_photo_to_monet,f821791c85.jpg,0.058243539184331894,0.029121769592165947
A2B2A_monet_to_photo_to_monet,f84fb4516a.jpg,0.06765665113925934,0.03382832556962967
A2B2A_monet_to_photo_to_monet,f96a8de9f3.jpg,0.044182293117046356,0.022091146558523178
A2B2A_monet_to_photo_to_monet,fb3b06dcb2.jpg,0.06296850740909576,0.03148425370454788
A2B2A_monet_to_photo_to_monet,fb806a2a1c.jpg,0.0701572597026825,0.03507862985134125
A2B2A_monet_to_photo_to_monet,fb93438ff9.jpg,0.05157840996980667,0.025789204984903336
A2B2A_monet_to_photo_to_monet,fba982625d.jpg,0.08890418708324432,0.04445209354162216
A2B2A_monet_to_photo_to_monet,fc11d52502.jpg,0.07880842685699463,0.039404213428497314
A2B2A_monet_to_photo_to_monet,fd63a333f1.jpg,0.07110396027565002,0.03555198013782501
A2B2A_monet_to_photo_to_monet,fdf1530d95.jpg,0.05418861657381058,0.02709430828690529
A2B2A_monet_to_photo_to_monet,ffd74c77ea.jpg,0.04908042773604393,0.024540213868021965
B2A2B_photo_to_monet_to_photo,00068bc07f.jpg,0.10870228707790375,0.054351143538951874
B2A2B_photo_to_monet_to_photo,000910d219.jpg,0.0863569900393486,0.0431784950196743
B2A2B_photo_to_monet_to_photo,000ded5c41.jpg,0.07363766431808472,0.03681883215904236
B2A2B_photo_to_monet_to_photo,00104fd531.jpg,0.049256742000579834,0.024628371000289917
B2A2B_photo_to_monet_to_photo,001158d595.jpg,0.06001485511660576,0.03000742755830288
B2A2B_photo_to_monet_to_photo,0033c5f971.jpg,0.09258532524108887,0.046292662620544434
B2A2B_photo_to_monet_to_photo,0039ebb598.jpg,0.07056641578674316,0.03528320789337158
B2A2B_photo_to_monet_to_photo,003aab6fdd.jpg,0.17199456691741943,0.08599728345870972
B2A2B_photo_to_monet_to_photo,003c6c30e0.jpg,0.07338063418865204,0.03669031709432602
B2A2B_photo_to_monet_to_photo,00479e2a21.jpg,0.06038585305213928,0.03019292652606964
B2A2B_photo_to_monet_to_photo,005f987f56.jpg,0.06129509210586548,0.03064754605293274
B2A2B_photo_to_monet_to_photo,0080f94ebc.jpg,0.10568378865718842,0.05284189432859421
B2A2B_photo_to_monet_to_photo,00882b7e1d.jpg,0.13469257950782776,0.06734628975391388
B2A2B_photo_to_monet_to_photo,009d534136.jpg,0.07548315823078156,0.03774157911539078
B2A2B_photo_to_monet_to_photo,009ddaed1f.jpg,0.07694882899522781,0.03847441449761391
B2A2B_photo_to_monet_to_photo,00aeb60e25.jpg,0.06426212191581726,0.03213106095790863
B2A2B_photo_to_monet_to_photo,00c6a0ad1e.jpg,0.1085120365023613,0.05425601825118065
B2A2B_photo_to_monet_to_photo,00dcf0f1e3.jpg,0.10749473422765732,0.05374736711382866
B2A2B_photo_to_monet_to_photo,00dff09ebe.jpg,0.06160798668861389,0.030803993344306946
B2A2B_photo_to_monet_to_photo,00e1798585.jpg,0.063392274081707,0.0316961370408535
B2A2B_photo_to_monet_to_photo,00e64e1b2c.jpg,0.09968819469213486,0.04984409734606743
B2A2B_photo_to_monet_to_photo,00f78547f0.jpg,0.08434845507144928,0.04217422753572464
B2A2B_photo_to_monet_to_photo,00fcff630e.jpg,0.08243101835250854,0.04121550917625427
B2A2B_photo_to_monet_to_photo,01135e4771.jpg,0.0994187593460083,0.04970937967300415
B2A2B_photo_to_monet_to_photo,011f46de73.jpg,0.051540642976760864,0.025770321488380432
B2A2B_photo_to_monet_to_photo,012df5ce29.jpg,0.06721080839633942,0.03360540419816971
B2A2B_photo_to_monet_to_photo,01416e7ada.jpg,0.11899899691343307,0.05949949845671654
B2A2B_photo_to_monet_to_photo,01480da48f.jpg,0.08874689042568207,0.044373445212841034
B2A2B_photo_to_monet_to_photo,0159685c51.jpg,0.18411949276924133,0.09205974638462067
B2A2B_photo_to_monet_to_photo,015f79b672.jpg,0.07747431099414825,0.03873715549707413
B2A2B_photo_to_monet_to_photo,01622039ef.jpg,0.11028781533241272,0.05514390766620636
B2A2B_photo_to_monet_to_photo,0162322d2d.jpg,0.10954809188842773,0.05477404594421387
B2A2B_photo_to_monet_to_photo,016d408833.jpg,0.12217249721288681,0.061086248606443405
B2A2B_photo_to_monet_to_photo,016f524878.jpg,0.1171754002571106,0.0585877001285553
B2A2B_photo_to_monet_to_photo,017018f377.jpg,0.08691705763339996,0.04345852881669998
B2A2B_photo_to_monet_to_photo,01771d99c3.jpg,0.056299589574337006,0.028149794787168503
B2A2B_photo_to_monet_to_photo,017aacad6e.jpg,0.09558912366628647,0.047794561833143234
B2A2B_photo_to_monet_to_photo,018be60883.jpg,0.03887354955077171,0.019436774775385857
B2A2B_photo_to_monet_to_photo,018db0f253.jpg,0.12306065857410431,0.061530329287052155
B2A2B_photo_to_monet_to_photo,01952c7673.jpg,0.16378003358840942,0.08189001679420471
B2A2B_photo_to_monet_to_photo,01971e48e5.jpg,0.056952547281980515,0.028476273640990257
B2A2B_photo_to_monet_to_photo,019cf7682d.jpg,0.07702513039112091,0.038512565195560455
B2A2B_photo_to_monet_to_photo,01ae8be57e.jpg,0.06076713651418686,0.03038356825709343
B2A2B_photo_to_monet_to_photo,01af5f8623.jpg,0.09240134805440903,0.046200674027204514
B2A2B_photo_to_monet_to_photo,01bce47d3f.jpg,0.05746946856379509,0.028734734281897545
B2A2B_photo_to_monet_to_photo,01c4f86e3e.jpg,0.06199464201927185,0.030997321009635925
B2A2B_photo_to_monet_to_photo,01f7a6398e.jpg,0.15636588633060455,0.07818294316530228
B2A2B_photo_to_monet_to_photo,02001e59af.jpg,0.09883289039134979,0.049416445195674896
B2A2B_photo_to_monet_to_photo,0212257854.jpg,0.07976171374320984,0.03988085687160492
B2A2B_photo_to_monet_to_photo,021df2c226.jpg,0.08816342055797577,0.044081710278987885
B2A2B_photo_to_monet_to_photo,022ca16b0f.jpg,0.0886235162615776,0.0443117581307888
B2A2B_photo_to_monet_to_photo,023637f8fb.jpg,0.09757696092128754,0.04878848046064377
B2A2B_photo_to_monet_to_photo,023eed0385.jpg,0.06932712346315384,0.03466356173157692
B2A2B_photo_to_monet_to_photo,023f3cbb75.jpg,0.08740003407001495,0.04370001703500748
B2A2B_photo_to_monet_to_photo,0240a597f5.jpg,0.06070464104413986,0.03035232052206993
B2A2B_photo_to_monet_to_photo,024d98032b.jpg,0.05819214507937431,0.029096072539687157
B2A2B_photo_to_monet_to_photo,0254fc91bd.jpg,0.13835462927818298,0.06917731463909149
B2A2B_photo_to_monet_to_photo,02620a36f7.jpg,0.07274915277957916,0.03637457638978958
B2A2B_photo_to_monet_to_photo,026ac33f9c.jpg,0.09404365718364716,0.04702182859182358
B2A2B_photo_to_monet_to_photo,029524fd91.jpg,0.10904698073863983,0.054523490369319916
B2A2B_photo_to_monet_to_photo,029854a790.jpg,0.12507769465446472,0.06253884732723236
B2A2B_photo_to_monet_to_photo,02a1366c74.jpg,0.07684364169836044,0.03842182084918022
B2A2B_photo_to_monet_to_photo,02a4445906.jpg,0.07260604947805405,0.03630302473902702
B2A2B_photo_to_monet_to_photo,02b232fc78.jpg,0.0822359174489975,0.04111795872449875
B2A2B_photo_to_monet_to_photo,02c43186c8.jpg,0.0570557527244091,0.02852787636220455
B2A2B_photo_to_monet_to_photo,02c6c1f6a9.jpg,0.06638066470623016,0.03319033235311508
B2A2B_photo_to_monet_to_photo,02cd89f56d.jpg,0.10998031497001648,0.05499015748500824
B2A2B_photo_to_monet_to_photo,02d763f1c2.jpg,0.07714377343654633,0.03857188671827316
B2A2B_photo_to_monet_to_photo,02ded12bbd.jpg,0.0907043069601059,0.04535215348005295
B2A2B_photo_to_monet_to_photo,02ea18a456.jpg,0.07050170749425888,0.03525085374712944
B2A2B_photo_to_monet_to_photo,02ec33e094.jpg,0.04493200406432152,0.02246600203216076
B2A2B_photo_to_monet_to_photo,0312af1e14.jpg,0.04696175083518028,0.02348087541759014
B2A2B_photo_to_monet_to_photo,032389e868.jpg,0.06287001073360443,0.031435005366802216
B2A2B_photo_to_monet_to_photo,03242238ae.jpg,0.09973505139350891,0.049867525696754456
B2A2B_photo_to_monet_to_photo,0324f82fee.jpg,0.06675782054662704,0.03337891027331352
B2A2B_photo_to_monet_to_photo,0341fa51d0.jpg,0.0717889666557312,0.0358944833278656
B2A2B_photo_to_monet_to_photo,0344a47135.jpg,0.1355067789554596,0.0677533894777298
B2A2B_photo_to_monet_to_photo,034627340c.jpg,0.07059283554553986,0.03529641777276993
B2A2B_photo_to_monet_to_photo,0362dd81bb.jpg,0.0960925742983818,0.0480462871491909
B2A2B_photo_to_monet_to_photo,0378bcc7c9.jpg,0.10690143704414368,0.05345071852207184
B2A2B_photo_to_monet_to_photo,03950208ff.jpg,0.10287671536207199,0.051438357681035995
B2A2B_photo_to_monet_to_photo,03a17d96e1.jpg,0.06946422159671783,0.03473211079835892
B2A2B_photo_to_monet_to_photo,03a21c1b9c.jpg,0.09967459738254547,0.049837298691272736
B2A2B_photo_to_monet_to_photo,03a2b7ce83.jpg,0.05692523717880249,0.028462618589401245
B2A2B_photo_to_monet_to_photo,03ae080a47.jpg,0.07494872063398361,0.037474360316991806
B2A2B_photo_to_monet_to_photo,03ae26ed88.jpg,0.10425566881895065,0.05212783440947533
B2A2B_photo_to_monet_to_photo,03bac83f64.jpg,0.09474126994609833,0.047370634973049164
B2A2B_photo_to_monet_to_photo,03be88270f.jpg,0.06841138005256653,0.034205690026283264
B2A2B_photo_to_monet_to_photo,03c5d1d098.jpg,0.06762754917144775,0.03381377458572388
B2A2B_photo_to_monet_to_photo,03c9f2e3c2.jpg,0.13676965236663818,0.06838482618331909
B2A2B_photo_to_monet_to_photo,03c9f3d584.jpg,0.0745716392993927,0.03728581964969635
B2A2B_photo_to_monet_to_photo,03cc206144.jpg,0.10650529712438583,0.05325264856219292
B2A2B_photo_to_monet_to_photo,03d47c18a5.jpg,0.05382342264056206,0.02691171132028103
B2A2B_photo_to_monet_to_photo,03d6a4d860.jpg,0.09770427644252777,0.048852138221263885
B2A2B_photo_to_monet_to_photo,03dde7a28f.jpg,0.13239437341690063,0.06619718670845032
B2A2B_photo_to_monet_to_photo,03e48faafa.jpg,0.07655435800552368,0.03827717900276184
B2A2B_photo_to_monet_to_photo,03fd7067c1.jpg,0.11599469184875488,0.05799734592437744
B2A2B_photo_to_monet_to_photo,03fe5d2263.jpg,0.07631921023130417,0.038159605115652084
B2A2B_photo_to_monet_to_photo,0409e76de0.jpg,0.06891550123691559,0.034457750618457794
B2A2B_photo_to_monet_to_photo,0425fc7ce5.jpg,0.09522297978401184,0.04761148989200592
B2A2B_photo_to_monet_to_photo,042f0e804d.jpg,0.05658138543367386,0.02829069271683693
B2A2B_photo_to_monet_to_photo,0435dc46a4.jpg,0.06950955837965012,0.03475477918982506
B2A2B_photo_to_monet_to_photo,0436aaaf16.jpg,0.09917601943016052,0.04958800971508026
B2A2B_photo_to_monet_to_photo,04387e4338.jpg,0.13294899463653564,0.06647449731826782
B2A2B_photo_to_monet_to_photo,043b541b77.jpg,0.10254043340682983,0.05127021670341492
B2A2B_photo_to_monet_to_photo,044c1653cf.jpg,0.12051653861999512,0.06025826930999756
B2A2B_photo_to_monet_to_photo,0450d4f8ae.jpg,0.04912905395030975,0.024564526975154877
B2A2B_photo_to_monet_to_photo,0451cdb867.jpg,0.1269383430480957,0.06346917152404785
B2A2B_photo_to_monet_to_photo,045e937903.jpg,0.058032047003507614,0.029016023501753807
B2A2B_photo_to_monet_to_photo,0466d4cdf9.jpg,0.0698384940624237,0.03491924703121185
B2A2B_photo_to_monet_to_photo,0473a25050.jpg,0.074215829372406,0.037107914686203
B2A2B_photo_to_monet_to_photo,047acab66b.jpg,0.05827992781996727,0.029139963909983635
B2A2B_photo_to_monet_to_photo,047da870f6.jpg,0.0671675056219101,0.03358375281095505
B2A2B_photo_to_monet_to_photo,04838b8b1e.jpg,0.07781045138835907,0.038905225694179535
B2A2B_photo_to_monet_to_photo,049576d31c.jpg,0.14469091594219208,0.07234545797109604
B2A2B_photo_to_monet_to_photo,049b0ece59.jpg,0.12208874523639679,0.061044372618198395
B2A2B_photo_to_monet_to_photo,04a5fc42e1.jpg,0.055292196571826935,0.027646098285913467
B2A2B_photo_to_monet_to_photo,04b8bfdb1c.jpg,0.10159807652235031,0.050799038261175156
B2A2B_photo_to_monet_to_photo,04cb1f4705.jpg,0.0811258852481842,0.0405629426240921
B2A2B_photo_to_monet_to_photo,04cf8e6d5f.jpg,0.08788442611694336,0.04394221305847168
B2A2B_photo_to_monet_to_photo,04d7e14fbe.jpg,0.0942731499671936,0.0471365749835968
B2A2B_photo_to_monet_to_photo,04d91d7bda.jpg,0.06625573337078094,0.03312786668539047
B2A2B_photo_to_monet_to_photo,04e32c4dc1.jpg,0.06076428294181824,0.03038214147090912
B2A2B_photo_to_monet_to_photo,04ec8c9ec2.jpg,0.0657237246632576,0.0328618623316288
B2A2B_photo_to_monet_to_photo,04f59976b5.jpg,0.0744636058807373,0.03723180294036865
B2A2B_photo_to_monet_to_photo,04f71da37b.jpg,0.07600146532058716,0.03800073266029358
B2A2B_photo_to_monet_to_photo,04f72d81b0.jpg,0.11505663394927979,0.05752831697463989
B2A2B_photo_to_monet_to_photo,04f80539d7.jpg,0.10565763711929321,0.052828818559646606
B2A2B_photo_to_monet_to_photo,04fa2a606d.jpg,0.08268894255161285,0.04134447127580643
B2A2B_photo_to_monet_to_photo,04fa456bc9.jpg,0.07368254661560059,0.03684127330780029
B2A2B_photo_to_monet_to_photo,05057d04f7.jpg,0.06903603672981262,0.03451801836490631
B2A2B_photo_to_monet_to_photo,0506726dbd.jpg,0.12271389365196228,0.06135694682598114
B2A2B_photo_to_monet_to_photo,050da171c0.jpg,0.07540159672498703,0.037700798362493515
B2A2B_photo_to_monet_to_photo,051159e33a.jpg,0.07202809303998947,0.036014046519994736
B2A2B_photo_to_monet_to_photo,051a7c9ae6.jpg,0.05971966311335564,0.02985983155667782
B2A2B_photo_to_monet_to_photo,051bde8166.jpg,0.0911693423986435,0.04558467119932175
B2A2B_photo_to_monet_to_photo,051c1b5ee3.jpg,0.1468968391418457,0.07344841957092285
B2A2B_photo_to_monet_to_photo,0529dd48c8.jpg,0.10156252235174179,0.050781261175870895
B2A2B_photo_to_monet_to_photo,053024baa2.jpg,0.05559849739074707,0.027799248695373535
B2A2B_photo_to_monet_to_photo,0541ce0c1a.jpg,0.10399337112903595,0.051996685564517975
B2A2B_photo_to_monet_to_photo,0547a52b93.jpg,0.10345160216093063,0.05172580108046532
B2A2B_photo_to_monet_to_photo,054f264b2e.jpg,0.12042923271656036,0.06021461635828018
B2A2B_photo_to_monet_to_photo,054f375c69.jpg,0.19692781567573547,0.09846390783786774
B2A2B_photo_to_monet_to_photo,05557b0148.jpg,0.06300889700651169,0.031504448503255844
B2A2B_photo_to_monet_to_photo,055c3026f8.jpg,0.11455389112234116,0.05727694556117058
B2A2B_photo_to_monet_to_photo,055dac1e18.jpg,0.10415981709957123,0.052079908549785614
B2A2B_photo_to_monet_to_photo,055e5dca6e.jpg,0.0671430230140686,0.0335715115070343
B2A2B_photo_to_monet_to_photo,05646c5cdb.jpg,0.1330222338438034,0.0665111169219017
B2A2B_photo_to_monet_to_photo,0572f32305.jpg,0.0717269703745842,0.0358634851872921
B2A2B_photo_to_monet_to_photo,057d83cdee.jpg,0.08080527186393738,0.04040263593196869
B2A2B_photo_to_monet_to_photo,058af422c6.jpg,0.10892677307128906,0.05446338653564453
B2A2B_photo_to_monet_to_photo,0597c38d69.jpg,0.06321205198764801,0.031606025993824005
B2A2B_photo_to_monet_to_photo,05a3801bed.jpg,0.06607750058174133,0.033038750290870667
B2A2B_photo_to_monet_to_photo,05a84fad61.jpg,0.06606076657772064,0.03303038328886032
B2A2B_photo_to_monet_to_photo,05c885c810.jpg,0.07583285868167877,0.037916429340839386
B2A2B_photo_to_monet_to_photo,05ca68299e.jpg,0.049124475568532944,0.024562237784266472
B2A2B_photo_to_monet_to_photo,05e37a8900.jpg,0.06576420366764069,0.03288210183382034
B2A2B_photo_to_monet_to_photo,05e88ecd0a.jpg,0.10940849781036377,0.054704248905181885
B2A2B_photo_to_monet_to_photo,05f0db4d14.jpg,0.08126617223024368,0.04063308611512184
B2A2B_photo_to_monet_to_photo,05f22b97da.jpg,0.07745440304279327,0.03872720152139664
B2A2B_photo_to_monet_to_photo,05f4b38e6e.jpg,0.11573617160320282,0.05786808580160141
B2A2B_photo_to_monet_to_photo,06058e6cb0.jpg,0.0904916450381279,0.04524582251906395
B2A2B_photo_to_monet_to_photo,0606110c45.jpg,0.11576180160045624,0.05788090080022812
B2A2B_photo_to_monet_to_photo,061bb611e0.jpg,0.06402066349983215,0.03201033174991608
B2A2B_photo_to_monet_to_photo,061f0095f0.jpg,0.10725878179073334,0.05362939089536667
B2A2B_photo_to_monet_to_photo,062313a97c.jpg,0.0792142003774643,0.03960710018873215
B2A2B_photo_to_monet_to_photo,06371834cb.jpg,0.07194416224956512,0.03597208112478256
B2A2B_photo_to_monet_to_photo,063ab57d41.jpg,0.09678461402654648,0.04839230701327324
B2A2B_photo_to_monet_to_photo,064b9119de.jpg,0.13374698162078857,0.06687349081039429
B2A2B_photo_to_monet_to_photo,064babb7f0.jpg,0.07307923585176468,0.03653961792588234
B2A2B_photo_to_monet_to_photo,064f91250d.jpg,0.04312051460146904,0.02156025730073452
B2A2B_photo_to_monet_to_photo,065b649ac7.jpg,0.1168651431798935,0.05843257158994675
B2A2B_photo_to_monet_to_photo,0665264678.jpg,0.11890827119350433,0.05945413559675217
B2A2B_photo_to_monet_to_photo,066b81e0f9.jpg,0.11543165147304535,0.057715825736522675
B2A2B_photo_to_monet_to_photo,068381ad63.jpg,0.11148792505264282,0.05574396252632141
B2A2B_photo_to_monet_to_photo,068cc6fe3f.jpg,0.16392570734024048,0.08196285367012024
B2A2B_photo_to_monet_to_photo,0696f8142e.jpg,0.1569351702928543,0.07846758514642715
B2A2B_photo_to_monet_to_photo,069e6e5b82.jpg,0.08008327335119247,0.04004163667559624
B2A2B_photo_to_monet_to_photo,06a5930183.jpg,0.106209397315979,0.0531046986579895
B2A2B_photo_to_monet_to_photo,06a9cf2d11.jpg,0.039821818470954895,0.019910909235477448
B2A2B_photo_to_monet_to_photo,06b2c2dfca.jpg,0.09146355837583542,0.04573177918791771
B2A2B_photo_to_monet_to_photo,06b8114f82.jpg,0.06366725265979767,0.031833626329898834
B2A2B_photo_to_monet_to_photo,06c2d19658.jpg,0.10740076005458832,0.05370038002729416
B2A2B_photo_to_monet_to_photo,06c549794b.jpg,0.05801282078027725,0.029006410390138626
B2A2B_photo_to_monet_to_photo,06c89c4c23.jpg,0.054260723292827606,0.027130361646413803
B2A2B_photo_to_monet_to_photo,06c9326c86.jpg,0.1112368106842041,0.05561840534210205
B2A2B_photo_to_monet_to_photo,06e117b31e.jpg,0.08030900359153748,0.04015450179576874
B2A2B_photo_to_monet_to_photo,06e156d8ba.jpg,0.11661173403263092,0.05830586701631546
B2A2B_photo_to_monet_to_photo,06f749912b.jpg,0.074221670627594,0.037110835313797
B2A2B_photo_to_monet_to_photo,07054731ab.jpg,0.042285140603780746,0.021142570301890373
B2A2B_photo_to_monet_to_photo,0709ff32ee.jpg,0.08095693588256836,0.04047846794128418
B2A2B_photo_to_monet_to_photo,0711866dcd.jpg,0.09844699501991272,0.04922349750995636
B2A2B_photo_to_monet_to_photo,071c375c2c.jpg,0.05713340640068054,0.02856670320034027
B2A2B_photo_to_monet_to_photo,0723d52098.jpg,0.061851561069488525,0.030925780534744263
B2A2B_photo_to_monet_to_photo,0724805941.jpg,0.13743963837623596,0.06871981918811798
B2A2B_photo_to_monet_to_photo,072f1336c9.jpg,0.12885558605194092,0.06442779302597046
B2A2B_photo_to_monet_to_photo,07362b3f42.jpg,0.10290242731571198,0.05145121365785599
B2A2B_photo_to_monet_to_photo,073e8b3056.jpg,0.09986992925405502,0.04993496462702751
B2A2B_photo_to_monet_to_photo,074218de82.jpg,0.11945724487304688,0.05972862243652344
B2A2B_photo_to_monet_to_photo,074ea8cb6e.jpg,0.06206456944346428,0.03103228472173214
B2A2B_photo_to_monet_to_photo,07573a95f6.jpg,0.09477712959051132,0.04738856479525566
B2A2B_photo_to_monet_to_photo,075e8d4617.jpg,0.08070714771747589,0.040353573858737946
B2A2B_photo_to_monet_to_photo,0761281e3b.jpg,0.07831951975822449,0.039159759879112244
B2A2B_photo_to_monet_to_photo,076c62582d.jpg,0.06271517276763916,0.03135758638381958
B2A2B_photo_to_monet_to_photo,0770ea1a07.jpg,0.07049169391393661,0.03524584695696831
B2A2B_photo_to_monet_to_photo,077bf7e451.jpg,0.07580194622278214,0.03790097311139107
B2A2B_photo_to_monet_to_photo,078cd3ce07.jpg,0.0928402990102768,0.0464201495051384
B2A2B_photo_to_monet_to_photo,078fd1bc42.jpg,0.10071348398923874,0.05035674199461937
B2A2B_photo_to_monet_to_photo,07939b1fde.jpg,0.07258864492177963,0.036294322460889816
B2A2B_photo_to_monet_to_photo,079da3af1e.jpg,0.06872983276844025,0.03436491638422012
B2A2B_photo_to_monet_to_photo,07b7fdff1b.jpg,0.08403830230236053,0.04201915115118027
B2A2B_photo_to_monet_to_photo,07bf7d7df1.jpg,0.09306907653808594,0.04653453826904297
B2A2B_photo_to_monet_to_photo,07cb260548.jpg,0.18572871387004852,0.09286435693502426
B2A2B_photo_to_monet_to_photo,07e9bc5956.jpg,0.05649339407682419,0.028246697038412094
B2A2B_photo_to_monet_to_photo,07ea3a38d2.jpg,0.0681447759270668,0.0340723879635334
B2A2B_photo_to_monet_to_photo,07f37dfe50.jpg,0.06529545038938522,0.03264772519469261
B2A2B_photo_to_monet_to_photo,07f730ef9a.jpg,0.06983748078346252,0.03491874039173126
B2A2B_photo_to_monet_to_photo,08009f0be5.jpg,0.07823348045349121,0.039116740226745605
B2A2B_photo_to_monet_to_photo,0811c84b0c.jpg,0.07824157923460007,0.039120789617300034
B2A2B_photo_to_monet_to_photo,081955febb.jpg,0.07169102132320404,0.03584551066160202
B2A2B_photo_to_monet_to_photo,08247a7020.jpg,0.06837087124586105,0.03418543562293053
B2A2B_photo_to_monet_to_photo,082786cc1f.jpg,0.0854552686214447,0.04272763431072235
B2A2B_photo_to_monet_to_photo,08341635fa.jpg,0.040516309440135956,0.020258154720067978
B2A2B_photo_to_monet_to_photo,0844c2cddf.jpg,0.08191636204719543,0.04095818102359772
B2A2B_photo_to_monet_to_photo,0845e8dc24.jpg,0.24646346271038055,0.12323173135519028
B2A2B_photo_to_monet_to_photo,085c73097f.jpg,0.12045805901288986,0.06022902950644493
B2A2B_photo_to_monet_to_photo,0860f1e141.jpg,0.0740492045879364,0.0370246022939682
B2A2B_photo_to_monet_to_photo,08645ef69b.jpg,0.047664985060691833,0.023832492530345917
B2A2B_photo_to_monet_to_photo,087e779e73.jpg,0.06757961213588715,0.03378980606794357
B2A2B_photo_to_monet_to_photo,08874a6ee1.jpg,0.07157958298921585,0.035789791494607925
B2A2B_photo_to_monet_to_photo,088972cf3f.jpg,0.11768781393766403,0.058843906968832016
B2A2B_photo_to_monet_to_photo,089406822c.jpg,0.09726874530315399,0.048634372651576996
B2A2B_photo_to_monet_to_photo,08a203b59d.jpg,0.06348910927772522,0.03174455463886261
B2A2B_photo_to_monet_to_photo,08acc490a3.jpg,0.08840944617986679,0.044204723089933395
B2A2B_photo_to_monet_to_photo,08b790bca7.jpg,0.15024805068969727,0.07512402534484863
B2A2B_photo_to_monet_to_photo,08c1754f70.jpg,0.09017058461904526,0.04508529230952263
B2A2B_photo_to_monet_to_photo,08cbd0d6c4.jpg,0.11846902966499329,0.05923451483249664
B2A2B_photo_to_monet_to_photo,08cbd51033.jpg,0.10328854620456696,0.05164427310228348
B2A2B_photo_to_monet_to_photo,08d7603c9c.jpg,0.08839218318462372,0.04419609159231186
B2A2B_photo_to_monet_to_photo,08da1e5774.jpg,0.09688098728656769,0.048440493643283844
B2A2B_photo_to_monet_to_photo,08e3354189.jpg,0.06979355216026306,0.03489677608013153
B2A2B_photo_to_monet_to_photo,08fa88c02c.jpg,0.08397316932678223,0.04198658466339111
B2A2B_photo_to_monet_to_photo,08fa8a6f26.jpg,0.16075754165649414,0.08037877082824707
B2A2B_photo_to_monet_to_photo,08fd7ac09b.jpg,0.12723664939403534,0.06361832469701767
B2A2B_photo_to_monet_to_photo,090d5b3cca.jpg,0.09577193111181259,0.047885965555906296
B2A2B_photo_to_monet_to_photo,091b6b9b07.jpg,0.059810176491737366,0.029905088245868683
B2A2B_photo_to_monet_to_photo,0922bbb3c1.jpg,0.11339452862739563,0.056697264313697815
B2A2B_photo_to_monet_to_photo,0932ad9605.jpg,0.08230918645858765,0.04115459322929382
B2A2B_photo_to_monet_to_photo,0938dc0298.jpg,0.058016493916511536,0.029008246958255768
B2A2B_photo_to_monet_to_photo,0939723138.jpg,0.08993643522262573,0.044968217611312866
B2A2B_photo_to_monet_to_photo,093be92a48.jpg,0.08976177871227264,0.04488088935613632
B2A2B_photo_to_monet_to_photo,093e24f728.jpg,0.06348596513271332,0.03174298256635666
B2A2B_photo_to_monet_to_photo,0945008455.jpg,0.06386148184537888,0.03193074092268944
B2A2B_photo_to_monet_to_photo,09591edd0a.jpg,0.10772764682769775,0.05386382341384888
B2A2B_photo_to_monet_to_photo,095bc5a33d.jpg,0.0956779271364212,0.0478389635682106
B2A2B_photo_to_monet_to_photo,096165f6f0.jpg,0.07136881351470947,0.035684406757354736
B2A2B_photo_to_monet_to_photo,0962094f25.jpg,0.13998153805732727,0.06999076902866364
B2A2B_photo_to_monet_to_photo,0963accefe.jpg,0.12134005129337311,0.060670025646686554
B2A2B_photo_to_monet_to_photo,096495c50c.jpg,0.18091987073421478,0.09045993536710739
B2A2B_photo_to_monet_to_photo,096bae8cd9.jpg,0.12373965978622437,0.06186982989311218
B2A2B_photo_to_monet_to_photo,096da37ff7.jpg,0.0762900710105896,0.0381450355052948
B2A2B_photo_to_monet_to_photo,096f009762.jpg,0.12504008412361145,0.06252004206180573
B2A2B_photo_to_monet_to_photo,09748274a3.jpg,0.06975014507770538,0.03487507253885269
B2A2B_photo_to_monet_to_photo,09756af6f7.jpg,0.10433735698461533,0.05216867849230766
B2A2B_photo_to_monet_to_photo,097b3ce81a.jpg,0.11184877157211304,0.05592438578605652
B2A2B_photo_to_monet_to_photo,097d38ef3b.jpg,0.10721652209758759,0.05360826104879379
B2A2B_photo_to_monet_to_photo,09816286d3.jpg,0.12710309028625488,0.06355154514312744
B2A2B_photo_to_monet_to_photo,0984136f36.jpg,0.06629287451505661,0.033146437257528305
B2A2B_photo_to_monet_to_photo,098b35d919.jpg,0.04308423399925232,0.02154211699962616
B2A2B_photo_to_monet_to_photo,098c0ce670.jpg,0.10292951762676239,0.051464758813381195
B2A2B_photo_to_monet_to_photo,098fde2b22.jpg,0.17054948210716248,0.08527474105358124
B2A2B_photo_to_monet_to_photo,099159901a.jpg,0.07667241990566254,0.03833620995283127
B2A2B_photo_to_monet_to_photo,099395535c.jpg,0.11265569925308228,0.05632784962654114
B2A2B_photo_to_monet_to_photo,09986b5a14.jpg,0.05408922955393791,0.027044614776968956
B2A2B_photo_to_monet_to_photo,09a43d2264.jpg,0.07344061136245728,0.03672030568122864
B2A2B_photo_to_monet_to_photo,09bebf108f.jpg,0.13462308049201965,0.06731154024600983
B2A2B_photo_to_monet_to_photo,09c874df81.jpg,0.10124119371175766,0.05062059685587883
B2A2B_photo_to_monet_to_photo,09d34f7412.jpg,0.11452977359294891,0.05726488679647446
B2A2B_photo_to_monet_to_photo,09ddb5e4c9.jpg,0.10395258665084839,0.051976293325424194
B2A2B_photo_to_monet_to_photo,09e084658a.jpg,0.08401654660701752,0.04200827330350876
B2A2B_photo_to_monet_to_photo,09e1b696b4.jpg,0.06581166386604309,0.032905831933021545
B2A2B_photo_to_monet_to_photo,09e2982b82.jpg,0.06738655269145966,0.03369327634572983
B2A2B_photo_to_monet_to_photo,09e8393bd1.jpg,0.0735914334654808,0.0367957167327404
B2A2B_photo_to_monet_to_photo,09ec565e3a.jpg,0.11887143552303314,0.05943571776151657
B2A2B_photo_to_monet_to_photo,09f57ab8c5.jpg,0.08256131410598755,0.041280657052993774
B2A2B_photo_to_monet_to_photo,09fc404e31.jpg,0.029865019023418427,0.014932509511709213
B2A2B_photo_to_monet_to_photo,09fcd10b7e.jpg,0.1131773591041565,0.05658867955207825
B2A2B_photo_to_monet_to_photo,0a0c3a6d07.jpg,0.04693543165922165,0.023467715829610825
B2A2B_photo_to_monet_to_photo,0a0d3e6ea7.jpg,0.07163789123296738,0.03581894561648369
B2A2B_photo_to_monet_to_photo,0a1d1b9f8e.jpg,0.11569277942180634,0.05784638971090317
B2A2B_photo_to_monet_to_photo,0a271892d0.jpg,0.08122827857732773,0.040614139288663864
B2A2B_photo_to_monet_to_photo,0a284dbed0.jpg,0.08132755756378174,0.04066377878189087
B2A2B_photo_to_monet_to_photo,0a2e5f728d.jpg,0.056027501821517944,0.028013750910758972
B2A2B_photo_to_monet_to_photo,0a325fc655.jpg,0.10607659816741943,0.05303829908370972
B2A2B_photo_to_monet_to_photo,0a44c8287d.jpg,0.07616189122200012,0.03808094561100006
B2A2B_photo_to_monet_to_photo,0a49020ae5.jpg,0.1162295937538147,0.05811479687690735
B2A2B_photo_to_monet_to_photo,0a497f768d.jpg,0.11222206056118011,0.05611103028059006
B2A2B_photo_to_monet_to_photo,0a6091114d.jpg,0.047199226915836334,0.023599613457918167
B2A2B_photo_to_monet_to_photo,0a6279ef66.jpg,0.08934532105922699,0.044672660529613495
B2A2B_photo_to_monet_to_photo,0a6e92d928.jpg,0.09731670469045639,0.048658352345228195
