direction,source_file,lpips_alex
A2B2A_monet_to_photo_to_monet,000c1e3bff.jpg,0.20664450526237488
A2B2A_monet_to_photo_to_monet,011835cfbf.jpg,0.21947810053825378
A2B2A_monet_to_photo_to_monet,0260d15306.jpg,0.20836564898490906
A2B2A_monet_to_photo_to_monet,049e293b93.jpg,0.23852482438087463
A2B2A_monet_to_photo_to_monet,05144e306f.jpg,0.23492509126663208
A2B2A_monet_to_photo_to_monet,052a77c020.jpg,0.16370172798633575
A2B2A_monet_to_photo_to_monet,058f878b7c.jpg,0.19267725944519043
A2B2A_monet_to_photo_to_monet,05b493ff42.jpg,0.13654473423957825
A2B2A_monet_to_photo_to_monet,064487d630.jpg,0.1468387097120285
A2B2A_monet_to_photo_to_monet,066fe4cbaa.jpg,0.13908526301383972
A2B2A_monet_to_photo_to_monet,07fcaee35f.jpg,0.1267375499010086
A2B2A_monet_to_photo_to_monet,09b76b6471.jpg,0.2512674927711487
A2B2A_monet_to_photo_to_monet,0a5075d42a.jpg,0.1902979612350464
A2B2A_monet_to_photo_to_monet,0bd913dbc7.jpg,0.19060464203357697
A2B2A_monet_to_photo_to_monet,0e3b3292da.jpg,0.12759798765182495
A2B2A_monet_to_photo_to_monet,106757e5d8.jpg,0.1901727020740509
A2B2A_monet_to_photo_to_monet,1078363ff0.jpg,0.2046249508857727
A2B2A_monet_to_photo_to_monet,10c555c1b1.jpg,0.10147883743047714
A2B2A_monet_to_photo_to_monet,118da0690c.jpg,0.2357216328382492
A2B2A_monet_to_photo_to_monet,11ab570c5e.jpg,0.17890343070030212
A2B2A_monet_to_photo_to_monet,11be65b3e9.jpg,0.16305792331695557
A2B2A_monet_to_photo_to_monet,133b42e498.jpg,0.14721016585826874
A2B2A_monet_to_photo_to_monet,14162de938.jpg,0.31302547454833984
A2B2A_monet_to_photo_to_monet,14ff6e6a99.jpg,0.18495428562164307
A2B2A_monet_to_photo_to_monet,158740962c.jpg,0.195646733045578
A2B2A_monet_to_photo_to_monet,16dabe418c.jpg,0.23157039284706116
A2B2A_monet_to_photo_to_monet,17557a29cb.jpg,0.21707302331924438
A2B2A_monet_to_photo_to_monet,1814cc6632.jpg,0.29190048575401306
A2B2A_monet_to_photo_to_monet,184d6c66cd.jpg,0.11701411008834839
A2B2A_monet_to_photo_to_monet,1994b8d4a2.jpg,0.14076903462409973
A2B2A_monet_to_photo_to_monet,19dc36ccb2.jpg,0.1769147664308548
A2B2A_monet_to_photo_to_monet,1a127acf4d.jpg,0.14413323998451233
A2B2A_monet_to_photo_to_monet,1e4e4e63c5.jpg,0.3491988480091095
A2B2A_monet_to_photo_to_monet,1f22663e72.jpg,0.11254455894231796
A2B2A_monet_to_photo_to_monet,1f9667f2a7.jpg,0.14987730979919434
A2B2A_monet_to_photo_to_monet,22b1ac6b44.jpg,0.1365402787923813
A2B2A_monet_to_photo_to_monet,23832dead5.jpg,0.1588260978460312
A2B2A_monet_to_photo_to_monet,23b07c3769.jpg,0.24232694506645203
A2B2A_monet_to_photo_to_monet,23d6aeb485.jpg,0.24603742361068726
A2B2A_monet_to_photo_to_monet,23f0fbd77e.jpg,0.10104536265134811
A2B2A_monet_to_photo_to_monet,24af733334.jpg,0.25964125990867615
A2B2A_monet_to_photo_to_monet,252d9a4abc.jpg,0.1950870156288147
A2B2A_monet_to_photo_to_monet,2581464ddc.jpg,0.1346600204706192
A2B2A_monet_to_photo_to_monet,25c9904782.jpg,0.18890324234962463
A2B2A_monet_to_photo_to_monet,26b66eb819.jpg,0.14075559377670288
A2B2A_monet_to_photo_to_monet,2759c1ed37.jpg,0.23147110641002655
A2B2A_monet_to_photo_to_monet,281b73fb5e.jpg,0.19095270335674286
A2B2A_monet_to_photo_to_monet,28deb43a71.jpg,0.12298303842544556
A2B2A_monet_to_photo_to_monet,295eb5c521.jpg,0.2560412287712097
A2B2A_monet_to_photo_to_monet,29696b4455.jpg,0.17919392883777618
A2B2A_monet_to_photo_to_monet,2acfbab228.jpg,0.11612482368946075
A2B2A_monet_to_photo_to_monet,2c00f5147f.jpg,0.15600460767745972
A2B2A_monet_to_photo_to_monet,2cca56415e.jpg,0.2632341980934143
A2B2A_monet_to_photo_to_monet,2e0d0e6e19.jpg,0.18661946058273315
A2B2A_monet_to_photo_to_monet,2f20944b6a.jpg,0.22966374456882477
A2B2A_monet_to_photo_to_monet,2f90c99e10.jpg,0.25835949182510376
A2B2A_monet_to_photo_to_monet,3283442e33.jpg,0.20319458842277527
A2B2A_monet_to_photo_to_monet,32cc820303.jpg,0.16651102900505066
A2B2A_monet_to_photo_to_monet,32e33792cc.jpg,0.10280732810497284
A2B2A_monet_to_photo_to_monet,3417ace946.jpg,0.1816575527191162
A2B2A_monet_to_photo_to_monet,344d1829bb.jpg,0.3163997232913971
A2B2A_monet_to_photo_to_monet,3545597386.jpg,0.18029794096946716
A2B2A_monet_to_photo_to_monet,369f6d07e8.jpg,0.2599084675312042
A2B2A_monet_to_photo_to_monet,3843e221cc.jpg,0.2847518026828766
A2B2A_monet_to_photo_to_monet,3b262c6726.jpg,0.14927130937576294
A2B2A_monet_to_photo_to_monet,3c341ff93e.jpg,0.20662060379981995
A2B2A_monet_to_photo_to_monet,3d13fe022e.jpg,0.1841001808643341
A2B2A_monet_to_photo_to_monet,3deea9f4a4.jpg,0.16955474019050598
A2B2A_monet_to_photo_to_monet,3eaef3ee43.jpg,0.16293007135391235
A2B2A_monet_to_photo_to_monet,40d7d18ad3.jpg,0.19864855706691742
A2B2A_monet_to_photo_to_monet,417e77e946.jpg,0.17647798359394073
A2B2A_monet_to_photo_to_monet,4260d1c556.jpg,0.18531706929206848
A2B2A_monet_to_photo_to_monet,429e382095.jpg,0.13934631645679474
A2B2A_monet_to_photo_to_monet,463835bbc6.jpg,0.18318557739257812
A2B2A_monet_to_photo_to_monet,4660310c3e.jpg,0.21542340517044067
A2B2A_monet_to_photo_to_monet,47a0548067.jpg,0.14246299862861633
A2B2A_monet_to_photo_to_monet,488600cb75.jpg,0.1565958559513092
A2B2A_monet_to_photo_to_monet,49337b68f4.jpg,0.1792304664850235
A2B2A_monet_to_photo_to_monet,4995c04b1a.jpg,0.07320430874824524
A2B2A_monet_to_photo_to_monet,4ab2583fe2.jpg,0.1863817572593689
A2B2A_monet_to_photo_to_monet,4ad8b366c1.jpg,0.2190248668193817
A2B2A_monet_to_photo_to_monet,4b0adf7c6f.jpg,0.14707641303539276
A2B2A_monet_to_photo_to_monet,4bb4ca7b03.jpg,0.17443980276584625
A2B2A_monet_to_photo_to_monet,4c0e35882c.jpg,0.20084607601165771
A2B2A_monet_to_photo_to_monet,4c74254ad3.jpg,0.20854586362838745
A2B2A_monet_to_photo_to_monet,4e05523825.jpg,0.13297298550605774
A2B2A_monet_to_photo_to_monet,4f045779b0.jpg,0.14339984953403473
A2B2A_monet_to_photo_to_monet,4f3f4ff590.jpg,0.1497020721435547
A2B2A_monet_to_photo_to_monet,4f4de0bbba.jpg,0.09579823166131973
A2B2A_monet_to_photo_to_monet,4f7e01f097.jpg,0.40557485818862915
A2B2A_monet_to_photo_to_monet,50855dd324.jpg,0.11926846206188202
A2B2A_monet_to_photo_to_monet,512cd171a9.jpg,0.18653245270252228
A2B2A_monet_to_photo_to_monet,5185e8c56a.jpg,0.09510502219200134
A2B2A_monet_to_photo_to_monet,51bdd25f76.jpg,0.16739410161972046
A2B2A_monet_to_photo_to_monet,51db3fc011.jpg,0.16424605250358582
A2B2A_monet_to_photo_to_monet,526a110636.jpg,0.19422775506973267
A2B2A_monet_to_photo_to_monet,52aed0f943.jpg,0.19320443272590637
A2B2A_monet_to_photo_to_monet,52d12dc627.jpg,0.1160959005355835
A2B2A_monet_to_photo_to_monet,52fc351abf.jpg,0.13853895664215088
A2B2A_monet_to_photo_to_monet,536aa87152.jpg,0.19365942478179932
A2B2A_monet_to_photo_to_monet,565f19268b.jpg,0.17014506459236145
A2B2A_monet_to_photo_to_monet,586acab7c5.jpg,0.3014623522758484
A2B2A_monet_to_photo_to_monet,5926f85cbf.jpg,0.2292848825454712
A2B2A_monet_to_photo_to_monet,593db29cce.jpg,0.09729419648647308
A2B2A_monet_to_photo_to_monet,599098859e.jpg,0.17431113123893738
A2B2A_monet_to_photo_to_monet,59df696966.jpg,0.183464914560318
A2B2A_monet_to_photo_to_monet,5aa514ffac.jpg,0.12488754093647003
A2B2A_monet_to_photo_to_monet,5c79cfe0b3.jpg,0.2053428590297699
A2B2A_monet_to_photo_to_monet,5cb895b722.jpg,0.216196671128273
A2B2A_monet_to_photo_to_monet,5e357ad790.jpg,0.2578004002571106
A2B2A_monet_to_photo_to_monet,5ffbfe68d4.jpg,0.14649435877799988
A2B2A_monet_to_photo_to_monet,6043aadea0.jpg,0.12387346476316452
A2B2A_monet_to_photo_to_monet,608ee0d370.jpg,0.1541258692741394
A2B2A_monet_to_photo_to_monet,61e735361a.jpg,0.21046383678913116
A2B2A_monet_to_photo_to_monet,632ddbc784.jpg,0.14576253294944763
A2B2A_monet_to_photo_to_monet,661e374153.jpg,0.1648416519165039
A2B2A_monet_to_photo_to_monet,66226e18fc.jpg,0.13263852894306183
A2B2A_monet_to_photo_to_monet,66a144f547.jpg,0.1817980855703354
A2B2A_monet_to_photo_to_monet,6742294320.jpg,0.1780278980731964
A2B2A_monet_to_photo_to_monet,676a5a4c2e.jpg,0.21001580357551575
A2B2A_monet_to_photo_to_monet,6782e7cb2a.jpg,0.2714417576789856
A2B2A_monet_to_photo_to_monet,68729aac07.jpg,0.2248559296131134
A2B2A_monet_to_photo_to_monet,68b60c04b7.jpg,0.1139904037117958
A2B2A_monet_to_photo_to_monet,68d60af226.jpg,0.14398998022079468
A2B2A_monet_to_photo_to_monet,695897bd4a.jpg,0.2695690989494324
A2B2A_monet_to_photo_to_monet,69f4b75a37.jpg,0.17633935809135437
A2B2A_monet_to_photo_to_monet,6a03aea8be.jpg,0.1555093377828598
A2B2A_monet_to_photo_to_monet,6bbe0e63c6.jpg,0.1571035087108612
A2B2A_monet_to_photo_to_monet,6bfbd1df5b.jpg,0.17021037638187408
A2B2A_monet_to_photo_to_monet,6c6cc46498.jpg,0.12949645519256592
A2B2A_monet_to_photo_to_monet,6d0e87f557.jpg,0.341831237077713
A2B2A_monet_to_photo_to_monet,6e0429f92e.jpg,0.13022133708000183
A2B2A_monet_to_photo_to_monet,6ee7c39dbc.jpg,0.19434767961502075
A2B2A_monet_to_photo_to_monet,6f0b9df5c5.jpg,0.10353788733482361
A2B2A_monet_to_photo_to_monet,7017e6caa1.jpg,0.2626666724681854
A2B2A_monet_to_photo_to_monet,7054793632.jpg,0.11409259587526321
A2B2A_monet_to_photo_to_monet,70bc945f95.jpg,0.2483593225479126
A2B2A_monet_to_photo_to_monet,718445ebe3.jpg,0.1887502670288086
A2B2A_monet_to_photo_to_monet,7239ba0b55.jpg,0.24211984872817993
A2B2A_monet_to_photo_to_monet,730f325b64.jpg,0.10011027753353119
A2B2A_monet_to_photo_to_monet,732d76a469.jpg,0.15874414145946503
A2B2A_monet_to_photo_to_monet,7341d96c1d.jpg,0.1562616378068924
A2B2A_monet_to_photo_to_monet,73f33a12c5.jpg,0.13148365914821625
A2B2A_monet_to_photo_to_monet,74e452fb31.jpg,0.11457143723964691
A2B2A_monet_to_photo_to_monet,76cc7181f8.jpg,0.16977454721927643
A2B2A_monet_to_photo_to_monet,77b37629f2.jpg,0.1650686115026474
A2B2A_monet_to_photo_to_monet,79224da51f.jpg,0.11928801983594894
A2B2A_monet_to_photo_to_monet,79292e1434.jpg,0.11874514818191528
A2B2A_monet_to_photo_to_monet,7952021d2f.jpg,0.18974627554416656
A2B2A_monet_to_photo_to_monet,7960adbd50.jpg,0.24568307399749756
A2B2A_monet_to_photo_to_monet,7cb36714d0.jpg,0.21457260847091675
A2B2A_monet_to_photo_to_monet,7d64c3100c.jpg,0.2850646674633026
A2B2A_monet_to_photo_to_monet,8044a92484.jpg,0.10141453146934509
A2B2A_monet_to_photo_to_monet,8077b7e9e7.jpg,0.23002544045448303
A2B2A_monet_to_photo_to_monet,8114fa2607.jpg,0.27370113134384155
A2B2A_monet_to_photo_to_monet,815624563e.jpg,0.10078337788581848
A2B2A_monet_to_photo_to_monet,82991e742a.jpg,0.21176019310951233
A2B2A_monet_to_photo_to_monet,82b9fd68b1.jpg,0.24238385260105133
A2B2A_monet_to_photo_to_monet,8314acfd35.jpg,0.30711138248443604
A2B2A_monet_to_photo_to_monet,853f8d711f.jpg,0.24299873411655426
A2B2A_monet_to_photo_to_monet,85580214be.jpg,0.14006561040878296
A2B2A_monet_to_photo_to_monet,88402296cc.jpg,0.11464729905128479
A2B2A_monet_to_photo_to_monet,893db2701d.jpg,0.21870848536491394
A2B2A_monet_to_photo_to_monet,89964efa86.jpg,0.11169256269931793
A2B2A_monet_to_photo_to_monet,89d970411d.jpg,0.20016750693321228
A2B2A_monet_to_photo_to_monet,89fcbf2f76.jpg,0.20096372067928314
A2B2A_monet_to_photo_to_monet,8b54448a07.jpg,0.14688831567764282
A2B2A_monet_to_photo_to_monet,8b7948248f.jpg,0.13984382152557373
A2B2A_monet_to_photo_to_monet,8b841420b4.jpg,0.09572708606719971
A2B2A_monet_to_photo_to_monet,8c48e112d0.jpg,0.15754501521587372
A2B2A_monet_to_photo_to_monet,8c8011c291.jpg,0.22421330213546753
A2B2A_monet_to_photo_to_monet,8cfd45a2e2.jpg,0.3872602581977844
A2B2A_monet_to_photo_to_monet,8e5ff15568.jpg,0.12961743772029877
A2B2A_monet_to_photo_to_monet,8ee2933868.jpg,0.09088041633367538
A2B2A_monet_to_photo_to_monet,8f02369f42.jpg,0.10678628087043762
A2B2A_monet_to_photo_to_monet,910610e827.jpg,0.13125047087669373
A2B2A_monet_to_photo_to_monet,910729e0ce.jpg,0.2209903746843338
A2B2A_monet_to_photo_to_monet,92c0ba8c0d.jpg,0.1345258206129074
A2B2A_monet_to_photo_to_monet,93132f89ee.jpg,0.19454486668109894
A2B2A_monet_to_photo_to_monet,932d0dd808.jpg,0.23001354932785034
A2B2A_monet_to_photo_to_monet,95a53d7b0b.jpg,0.16488444805145264
A2B2A_monet_to_photo_to_monet,95b5f01a85.jpg,0.09921421855688095
A2B2A_monet_to_photo_to_monet,9843bc25c5.jpg,0.0790247842669487
A2B2A_monet_to_photo_to_monet,9908d1daa9.jpg,0.23304349184036255
A2B2A_monet_to_photo_to_monet,990ed28f62.jpg,0.1413247436285019
A2B2A_monet_to_photo_to_monet,9963d64ebf.jpg,0.15526919066905975
A2B2A_monet_to_photo_to_monet,99a51d3e25.jpg,0.22406455874443054
A2B2A_monet_to_photo_to_monet,99d94af5dd.jpg,0.0934879258275032
A2B2A_monet_to_photo_to_monet,9ae6552353.jpg,0.19547168910503387
A2B2A_monet_to_photo_to_monet,9d58456cc3.jpg,0.3017624020576477
A2B2A_monet_to_photo_to_monet,9d9a4fccfb.jpg,0.20275439321994781
A2B2A_monet_to_photo_to_monet,9db9843ed1.jpg,0.14863942563533783
A2B2A_monet_to_photo_to_monet,9f409e3376.jpg,0.09563437849283218
A2B2A_monet_to_photo_to_monet,9fc868e864.jpg,0.12833738327026367
A2B2A_monet_to_photo_to_monet,a030bc32e6.jpg,0.15041419863700867
A2B2A_monet_to_photo_to_monet,a06b54dfe9.jpg,0.14316947758197784
A2B2A_monet_to_photo_to_monet,a202b1b200.jpg,0.12270960956811905
A2B2A_monet_to_photo_to_monet,a210ceedc7.jpg,0.1994331181049347
A2B2A_monet_to_photo_to_monet,a4e4a61fb2.jpg,0.20838980376720428
A2B2A_monet_to_photo_to_monet,a59f3f5b89.jpg,0.18626363575458527
A2B2A_monet_to_photo_to_monet,a619072f82.jpg,0.28708383440971375
A2B2A_monet_to_photo_to_monet,a6291c2a1c.jpg,0.12776587903499603
A2B2A_monet_to_photo_to_monet,a642e9cb6f.jpg,0.2139432430267334
A2B2A_monet_to_photo_to_monet,a7977705be.jpg,0.19216987490653992
A2B2A_monet_to_photo_to_monet,a7d53885e8.jpg,0.2629178762435913
A2B2A_monet_to_photo_to_monet,a885da7b52.jpg,0.1698799729347229
A2B2A_monet_to_photo_to_monet,a8fbbe3eb1.jpg,0.12111133337020874
A2B2A_monet_to_photo_to_monet,a96b79a93f.jpg,0.22619356215000153
A2B2A_monet_to_photo_to_monet,aa76c7625a.jpg,0.17577584087848663
A2B2A_monet_to_photo_to_monet,ad0101d010.jpg,0.34110701084136963
A2B2A_monet_to_photo_to_monet,ad8ce41fc0.jpg,0.14283140003681183
A2B2A_monet_to_photo_to_monet,b1310da865.jpg,0.2025134414434433
A2B2A_monet_to_photo_to_monet,b13c0973ee.jpg,0.1336783617734909
A2B2A_monet_to_photo_to_monet,b1ea5d5a7d.jpg,0.17936623096466064
A2B2A_monet_to_photo_to_monet,b256e61a5d.jpg,0.13972605764865875
A2B2A_monet_to_photo_to_monet,b2ce76c750.jpg,0.20031075179576874
A2B2A_monet_to_photo_to_monet,b3adc75e7d.jpg,0.12615470588207245
A2B2A_monet_to_photo_to_monet,b44f24c048.jpg,0.21279941499233246
A2B2A_monet_to_photo_to_monet,b5c2fe7c4c.jpg,0.24035270512104034
A2B2A_monet_to_photo_to_monet,b76d52e05a.jpg,0.2641982436180115
A2B2A_monet_to_photo_to_monet,b99546090b.jpg,0.17070111632347107
A2B2A_monet_to_photo_to_monet,ba52f976af.jpg,0.16374672949314117
A2B2A_monet_to_photo_to_monet,baf6efabfe.jpg,0.15945114195346832
A2B2A_monet_to_photo_to_monet,bbc5ac4564.jpg,0.15390229225158691
A2B2A_monet_to_photo_to_monet,bc4b364a44.jpg,0.2204630970954895
A2B2A_monet_to_photo_to_monet,bf6db09354.jpg,0.14127282798290253
A2B2A_monet_to_photo_to_monet,c14505c1da.jpg,0.08602900803089142
A2B2A_monet_to_photo_to_monet,c1dc1a85a4.jpg,0.12437327951192856
A2B2A_monet_to_photo_to_monet,c2576267d4.jpg,0.18092405796051025
A2B2A_monet_to_photo_to_monet,c4622e3fb6.jpg,0.1729012280702591
A2B2A_monet_to_photo_to_monet,c67ba2060c.jpg,0.2787777781486511
A2B2A_monet_to_photo_to_monet,c68c52e8fc.jpg,0.1371874213218689
A2B2A_monet_to_photo_to_monet,c6c360756c.jpg,0.1276218593120575
A2B2A_monet_to_photo_to_monet,c6c88ce9c4.jpg,0.24709944427013397
A2B2A_monet_to_photo_to_monet,c78b4fa3a9.jpg,0.13013368844985962
A2B2A_monet_to_photo_to_monet,c7d8142152.jpg,0.13945332169532776
A2B2A_monet_to_photo_to_monet,cb50326950.jpg,0.1362680196762085
A2B2A_monet_to_photo_to_monet,cb9c553ded.jpg,0.15062594413757324
A2B2A_monet_to_photo_to_monet,cc2bb659f4.jpg,0.16386699676513672
A2B2A_monet_to_photo_to_monet,cd6623d07d.jpg,0.10337026417255402
A2B2A_monet_to_photo_to_monet,cdddf326e3.jpg,0.21438553929328918
A2B2A_monet_to_photo_to_monet,ce3e0daddd.jpg,0.24530713260173798
A2B2A_monet_to_photo_to_monet,ceb6cf5f31.jpg,0.15846693515777588
A2B2A_monet_to_photo_to_monet,cf6488d84c.jpg,0.23973417282104492
A2B2A_monet_to_photo_to_monet,cfc6fce7b5.jpg,0.15858684480190277
A2B2A_monet_to_photo_to_monet,d05cab011d.jpg,0.13469214737415314
A2B2A_monet_to_photo_to_monet,d087730b76.jpg,0.09614865481853485
A2B2A_monet_to_photo_to_monet,d14c1abdd4.jpg,0.24702753126621246
A2B2A_monet_to_photo_to_monet,d1d9748a64.jpg,0.2684333324432373
A2B2A_monet_to_photo_to_monet,d239dae42d.jpg,0.325721800327301
A2B2A_monet_to_photo_to_monet,d4116437bb.jpg,0.1802135407924652
A2B2A_monet_to_photo_to_monet,d50049fbfc.jpg,0.12663352489471436
A2B2A_monet_to_photo_to_monet,d5b0c260a0.jpg,0.1937207132577896
A2B2A_monet_to_photo_to_monet,d6d6e625bd.jpg,0.1598643660545349
A2B2A_monet_to_photo_to_monet,d729785cb8.jpg,0.1771979033946991
A2B2A_monet_to_photo_to_monet,d754850d01.jpg,0.1888001561164856
A2B2A_monet_to_photo_to_monet,d7948c7635.jpg,0.22876137495040894
A2B2A_monet_to_photo_to_monet,d88482796d.jpg,0.18665602803230286
A2B2A_monet_to_photo_to_monet,d9e8704878.jpg,0.15868836641311646
A2B2A_monet_to_photo_to_monet,da72006ef5.jpg,0.21431559324264526
A2B2A_monet_to_photo_to_monet,dc33f0edbe.jpg,0.2831956446170807
A2B2A_monet_to_photo_to_monet,dcab49d080.jpg,0.21530987322330475
A2B2A_monet_to_photo_to_monet,dcf5ea1040.jpg,0.16551335155963898
A2B2A_monet_to_photo_to_monet,dd46691bd7.jpg,0.20757761597633362
A2B2A_monet_to_photo_to_monet,de6f71b00f.jpg,0.11727486550807953
A2B2A_monet_to_photo_to_monet,df64ac2dcb.jpg,0.12425781786441803
A2B2A_monet_to_photo_to_monet,e2253b87a0.jpg,0.23280580341815948
A2B2A_monet_to_photo_to_monet,e291f8144f.jpg,0.21189315617084503
A2B2A_monet_to_photo_to_monet,e3112413b1.jpg,0.2604173719882965
A2B2A_monet_to_photo_to_monet,e37407c747.jpg,0.2470449060201645
A2B2A_monet_to_photo_to_monet,e510a74d3c.jpg,0.1467842310667038
A2B2A_monet_to_photo_to_monet,e568f84fad.jpg,0.20446498692035675
A2B2A_monet_to_photo_to_monet,e753318d04.jpg,0.24948561191558838
A2B2A_monet_to_photo_to_monet,e88d9de918.jpg,0.09175408631563187
A2B2A_monet_to_photo_to_monet,e9580cd500.jpg,0.11432506144046783
A2B2A_monet_to_photo_to_monet,e9f5563817.jpg,0.15554223954677582
A2B2A_monet_to_photo_to_monet,e9f686534b.jpg,0.12793076038360596
A2B2A_monet_to_photo_to_monet,eb3cc5c559.jpg,0.22031676769256592
A2B2A_monet_to_photo_to_monet,ec3398cef9.jpg,0.17055273056030273
A2B2A_monet_to_photo_to_monet,ec78d80dbd.jpg,0.15372154116630554
A2B2A_monet_to_photo_to_monet,ed597655a0.jpg,0.26385921239852905
A2B2A_monet_to_photo_to_monet,ede9769cb3.jpg,0.18553203344345093
A2B2A_monet_to_photo_to_monet,ee7adac58f.jpg,0.16591718792915344
A2B2A_monet_to_photo_to_monet,f04c9d8e34.jpg,0.16758736968040466
A2B2A_monet_to_photo_to_monet,f0884db067.jpg,0.22904276847839355
A2B2A_monet_to_photo_to_monet,f0d789c4bc.jpg,0.1709267944097519
A2B2A_monet_to_photo_to_monet,f4413e97bd.jpg,0.20682914555072784
A2B2A_monet_to_photo_to_monet,f486c1655f.jpg,0.2710288166999817
A2B2A_monet_to_photo_to_monet,f7836c88eb.jpg,0.16506195068359375
A2B2A_monet_to_photo_to_monet,f821791c85.jpg,0.13776108622550964
A2B2A_monet_to_photo_to_monet,f84fb4516a.jpg,0.19233334064483643
A2B2A_monet_to_photo_to_monet,f96a8de9f3.jpg,0.23018769919872284
A2B2A_monet_to_photo_to_monet,fb3b06dcb2.jpg,0.16350258886814117
A2B2A_monet_to_photo_to_monet,fb806a2a1c.jpg,0.2399483323097229
A2B2A_monet_to_photo_to_monet,fb93438ff9.jpg,0.11720264703035355
A2B2A_monet_to_photo_to_monet,fba982625d.jpg,0.3086848855018616
A2B2A_monet_to_photo_to_monet,fc11d52502.jpg,0.16703052818775177
A2B2A_monet_to_photo_to_monet,fd63a333f1.jpg,0.18817952275276184
A2B2A_monet_to_photo_to_monet,fdf1530d95.jpg,0.142677441239357
A2B2A_monet_to_photo_to_monet,ffd74c77ea.jpg,0.15791432559490204
B2A2B_photo_to_monet_to_photo,00068bc07f.jpg,0.14733833074569702
B2A2B_photo_to_monet_to_photo,000910d219.jpg,0.10951581597328186
B2A2B_photo_to_monet_to_photo,000ded5c41.jpg,0.10642258822917938
B2A2B_photo_to_monet_to_photo,00104fd531.jpg,0.1349174678325653
B2A2B_photo_to_monet_to_photo,001158d595.jpg,0.11869467794895172
B2A2B_photo_to_monet_to_photo,0033c5f971.jpg,0.14784906804561615
B2A2B_photo_to_monet_to_photo,0039ebb598.jpg,0.10951630771160126
B2A2B_photo_to_monet_to_photo,003aab6fdd.jpg,0.22921031713485718
B2A2B_photo_to_monet_to_photo,003c6c30e0.jpg,0.144372820854187
B2A2B_photo_to_monet_to_photo,00479e2a21.jpg,0.12330608069896698
B2A2B_photo_to_monet_to_photo,005f987f56.jpg,0.1951509416103363
B2A2B_photo_to_monet_to_photo,0080f94ebc.jpg,0.08253482729196548
B2A2B_photo_to_monet_to_photo,00882b7e1d.jpg,0.12500065565109253
B2A2B_photo_to_monet_to_photo,009d534136.jpg,0.1114540696144104
B2A2B_photo_to_monet_to_photo,009ddaed1f.jpg,0.13836351037025452
B2A2B_photo_to_monet_to_photo,00aeb60e25.jpg,0.11082480847835541
B2A2B_photo_to_monet_to_photo,00c6a0ad1e.jpg,0.1678396612405777
B2A2B_photo_to_monet_to_photo,00dcf0f1e3.jpg,0.09605693072080612
B2A2B_photo_to_monet_to_photo,00dff09ebe.jpg,0.11627023667097092
B2A2B_photo_to_monet_to_photo,00e1798585.jpg,0.11867187917232513
B2A2B_photo_to_monet_to_photo,00e64e1b2c.jpg,0.11479005962610245
B2A2B_photo_to_monet_to_photo,00f78547f0.jpg,0.15115311741828918
B2A2B_photo_to_monet_to_photo,00fcff630e.jpg,0.12703639268875122
B2A2B_photo_to_monet_to_photo,01135e4771.jpg,0.06314878165721893
B2A2B_photo_to_monet_to_photo,011f46de73.jpg,0.09317457675933838
B2A2B_photo_to_monet_to_photo,012df5ce29.jpg,0.11645392328500748
B2A2B_photo_to_monet_to_photo,01416e7ada.jpg,0.23420923948287964
B2A2B_photo_to_monet_to_photo,01480da48f.jpg,0.1287296712398529
B2A2B_photo_to_monet_to_photo,0159685c51.jpg,0.16423867642879486
B2A2B_photo_to_monet_to_photo,015f79b672.jpg,0.1534307897090912
B2A2B_photo_to_monet_to_photo,01622039ef.jpg,0.09105242788791656
B2A2B_photo_to_monet_to_photo,0162322d2d.jpg,0.10426189005374908
B2A2B_photo_to_monet_to_photo,016d408833.jpg,0.17639608681201935
B2A2B_photo_to_monet_to_photo,016f524878.jpg,0.12004013359546661
B2A2B_photo_to_monet_to_photo,017018f377.jpg,0.13433527946472168
B2A2B_photo_to_monet_to_photo,01771d99c3.jpg,0.13206496834754944
B2A2B_photo_to_monet_to_photo,017aacad6e.jpg,0.1324116587638855
B2A2B_photo_to_monet_to_photo,018be60883.jpg,0.10573980212211609
B2A2B_photo_to_monet_to_photo,018db0f253.jpg,0.13204225897789001
B2A2B_photo_to_monet_to_photo,01952c7673.jpg,0.23569919168949127
B2A2B_photo_to_monet_to_photo,01971e48e5.jpg,0.1273818016052246
B2A2B_photo_to_monet_to_photo,019cf7682d.jpg,0.07308698445558548
B2A2B_photo_to_monet_to_photo,01ae8be57e.jpg,0.1101139709353447
B2A2B_photo_to_monet_to_photo,01af5f8623.jpg,0.10621978342533112
B2A2B_photo_to_monet_to_photo,01bce47d3f.jpg,0.09939975291490555
B2A2B_photo_to_monet_to_photo,01c4f86e3e.jpg,0.09296062588691711
B2A2B_photo_to_monet_to_photo,01f7a6398e.jpg,0.2162313461303711
B2A2B_photo_to_monet_to_photo,02001e59af.jpg,0.11731386184692383
B2A2B_photo_to_monet_to_photo,0212257854.jpg,0.15400665998458862
B2A2B_photo_to_monet_to_photo,021df2c226.jpg,0.11386267840862274
B2A2B_photo_to_monet_to_photo,022ca16b0f.jpg,0.1373995840549469
B2A2B_photo_to_monet_to_photo,023637f8fb.jpg,0.14648301899433136
B2A2B_photo_to_monet_to_photo,023eed0385.jpg,0.10970602929592133
B2A2B_photo_to_monet_to_photo,023f3cbb75.jpg,0.12541238963603973
B2A2B_photo_to_monet_to_photo,0240a597f5.jpg,0.1738077700138092
B2A2B_photo_to_monet_to_photo,024d98032b.jpg,0.0886620581150055
B2A2B_photo_to_monet_to_photo,0254fc91bd.jpg,0.15933430194854736
B2A2B_photo_to_monet_to_photo,02620a36f7.jpg,0.1392032504081726
B2A2B_photo_to_monet_to_photo,026ac33f9c.jpg,0.09658403694629669
B2A2B_photo_to_monet_to_photo,029524fd91.jpg,0.10662327706813812
B2A2B_photo_to_monet_to_photo,029854a790.jpg,0.23229506611824036
B2A2B_photo_to_monet_to_photo,02a1366c74.jpg,0.10573725402355194
B2A2B_photo_to_monet_to_photo,02a4445906.jpg,0.12801945209503174
B2A2B_photo_to_monet_to_photo,02b232fc78.jpg,0.14620237052440643
B2A2B_photo_to_monet_to_photo,02c43186c8.jpg,0.10706853121519089
B2A2B_photo_to_monet_to_photo,02c6c1f6a9.jpg,0.1365852653980255
B2A2B_photo_to_monet_to_photo,02cd89f56d.jpg,0.1534787118434906
B2A2B_photo_to_monet_to_photo,02d763f1c2.jpg,0.10154077410697937
B2A2B_photo_to_monet_to_photo,02ded12bbd.jpg,0.25527989864349365
B2A2B_photo_to_monet_to_photo,02ea18a456.jpg,0.11504987627267838
B2A2B_photo_to_monet_to_photo,02ec33e094.jpg,0.13492794334888458
B2A2B_photo_to_monet_to_photo,0312af1e14.jpg,0.11332126706838608
B2A2B_photo_to_monet_to_photo,032389e868.jpg,0.14148293435573578
B2A2B_photo_to_monet_to_photo,03242238ae.jpg,0.19352418184280396
B2A2B_photo_to_monet_to_photo,0324f82fee.jpg,0.15142063796520233
B2A2B_photo_to_monet_to_photo,0341fa51d0.jpg,0.11088021844625473
B2A2B_photo_to_monet_to_photo,0344a47135.jpg,0.13465280830860138
B2A2B_photo_to_monet_to_photo,034627340c.jpg,0.07746657729148865
B2A2B_photo_to_monet_to_photo,0362dd81bb.jpg,0.1231410950422287
B2A2B_photo_to_monet_to_photo,0378bcc7c9.jpg,0.13604876399040222
B2A2B_photo_to_monet_to_photo,03950208ff.jpg,0.2114666998386383
B2A2B_photo_to_monet_to_photo,03a17d96e1.jpg,0.13783571124076843
B2A2B_photo_to_monet_to_photo,03a21c1b9c.jpg,0.10774608701467514
B2A2B_photo_to_monet_to_photo,03a2b7ce83.jpg,0.09426321089267731
B2A2B_photo_to_monet_to_photo,03ae080a47.jpg,0.12074147909879684
B2A2B_photo_to_monet_to_photo,03ae26ed88.jpg,0.12738317251205444
B2A2B_photo_to_monet_to_photo,03bac83f64.jpg,0.13111907243728638
B2A2B_photo_to_monet_to_photo,03be88270f.jpg,0.13390636444091797
B2A2B_photo_to_monet_to_photo,03c5d1d098.jpg,0.12909720838069916
B2A2B_photo_to_monet_to_photo,03c9f2e3c2.jpg,0.18409177660942078
B2A2B_photo_to_monet_to_photo,03c9f3d584.jpg,0.08121412992477417
B2A2B_photo_to_monet_to_photo,03cc206144.jpg,0.13595640659332275
B2A2B_photo_to_monet_to_photo,03d47c18a5.jpg,0.08562307059764862
B2A2B_photo_to_monet_to_photo,03d6a4d860.jpg,0.14197012782096863
B2A2B_photo_to_monet_to_photo,03dde7a28f.jpg,0.21655379235744476
B2A2B_photo_to_monet_to_photo,03e48faafa.jpg,0.1381918489933014
B2A2B_photo_to_monet_to_photo,03fd7067c1.jpg,0.20844410359859467
B2A2B_photo_to_monet_to_photo,03fe5d2263.jpg,0.07436811178922653
B2A2B_photo_to_monet_to_photo,0409e76de0.jpg,0.09556166082620621
B2A2B_photo_to_monet_to_photo,0425fc7ce5.jpg,0.12698951363563538
B2A2B_photo_to_monet_to_photo,042f0e804d.jpg,0.08657266944646835
B2A2B_photo_to_monet_to_photo,0435dc46a4.jpg,0.06678467243909836
B2A2B_photo_to_monet_to_photo,0436aaaf16.jpg,0.15335416793823242
B2A2B_photo_to_monet_to_photo,04387e4338.jpg,0.10781620442867279
B2A2B_photo_to_monet_to_photo,043b541b77.jpg,0.1321839988231659
B2A2B_photo_to_monet_to_photo,044c1653cf.jpg,0.10488282144069672
B2A2B_photo_to_monet_to_photo,0450d4f8ae.jpg,0.09299937635660172
B2A2B_photo_to_monet_to_photo,0451cdb867.jpg,0.18482591211795807
B2A2B_photo_to_monet_to_photo,045e937903.jpg,0.08646893501281738
B2A2B_photo_to_monet_to_photo,0466d4cdf9.jpg,0.09167075157165527
B2A2B_photo_to_monet_to_photo,0473a25050.jpg,0.13601195812225342
B2A2B_photo_to_monet_to_photo,047acab66b.jpg,0.14615705609321594
B2A2B_photo_to_monet_to_photo,047da870f6.jpg,0.07447044551372528
B2A2B_photo_to_monet_to_photo,04838b8b1e.jpg,0.11255482584238052
B2A2B_photo_to_monet_to_photo,049576d31c.jpg,0.22193247079849243
B2A2B_photo_to_monet_to_photo,049b0ece59.jpg,0.13064661622047424
B2A2B_photo_to_monet_to_photo,04a5fc42e1.jpg,0.09833011776208878
B2A2B_photo_to_monet_to_photo,04b8bfdb1c.jpg,0.1097182184457779
B2A2B_photo_to_monet_to_photo,04cb1f4705.jpg,0.11724978685379028
B2A2B_photo_to_monet_to_photo,04cf8e6d5f.jpg,0.12644745409488678
B2A2B_photo_to_monet_to_photo,04d7e14fbe.jpg,0.167360320687294
B2A2B_photo_to_monet_to_photo,04d91d7bda.jpg,0.1002538800239563
B2A2B_photo_to_monet_to_photo,04e32c4dc1.jpg,0.12081699073314667
B2A2B_photo_to_monet_to_photo,04ec8c9ec2.jpg,0.1103794276714325
B2A2B_photo_to_monet_to_photo,04f59976b5.jpg,0.11332055926322937
B2A2B_photo_to_monet_to_photo,04f71da37b.jpg,0.1379607617855072
B2A2B_photo_to_monet_to_photo,04f72d81b0.jpg,0.17471826076507568
B2A2B_photo_to_monet_to_photo,04f80539d7.jpg,0.16682076454162598
B2A2B_photo_to_monet_to_photo,04fa2a606d.jpg,0.11550479382276535
B2A2B_photo_to_monet_to_photo,04fa456bc9.jpg,0.10409477353096008
B2A2B_photo_to_monet_to_photo,05057d04f7.jpg,0.09593012183904648
B2A2B_photo_to_monet_to_photo,0506726dbd.jpg,0.2259598821401596
B2A2B_photo_to_monet_to_photo,050da171c0.jpg,0.07977516949176788
B2A2B_photo_to_monet_to_photo,051159e33a.jpg,0.16256751120090485
B2A2B_photo_to_monet_to_photo,051a7c9ae6.jpg,0.13226403295993805
B2A2B_photo_to_monet_to_photo,051bde8166.jpg,0.09875880181789398
B2A2B_photo_to_monet_to_photo,051c1b5ee3.jpg,0.1721019148826599
B2A2B_photo_to_monet_to_photo,0529dd48c8.jpg,0.13082826137542725
B2A2B_photo_to_monet_to_photo,053024baa2.jpg,0.09011603891849518
B2A2B_photo_to_monet_to_photo,0541ce0c1a.jpg,0.08925977349281311
B2A2B_photo_to_monet_to_photo,0547a52b93.jpg,0.1427595168352127
B2A2B_photo_to_monet_to_photo,054f264b2e.jpg,0.15170787274837494
B2A2B_photo_to_monet_to_photo,054f375c69.jpg,0.11802557110786438
B2A2B_photo_to_monet_to_photo,05557b0148.jpg,0.18236300349235535
B2A2B_photo_to_monet_to_photo,055c3026f8.jpg,0.1324140578508377
B2A2B_photo_to_monet_to_photo,055dac1e18.jpg,0.1147732064127922
B2A2B_photo_to_monet_to_photo,055e5dca6e.jpg,0.10884065926074982
B2A2B_photo_to_monet_to_photo,05646c5cdb.jpg,0.1385059952735901
B2A2B_photo_to_monet_to_photo,0572f32305.jpg,0.11520497500896454
B2A2B_photo_to_monet_to_photo,057d83cdee.jpg,0.10723744332790375
B2A2B_photo_to_monet_to_photo,058af422c6.jpg,0.11429904401302338
B2A2B_photo_to_monet_to_photo,0597c38d69.jpg,0.1337505280971527
B2A2B_photo_to_monet_to_photo,05a3801bed.jpg,0.11986243724822998
B2A2B_photo_to_monet_to_photo,05a84fad61.jpg,0.08555563539266586
B2A2B_photo_to_monet_to_photo,05c885c810.jpg,0.0800737515091896
B2A2B_photo_to_monet_to_photo,05ca68299e.jpg,0.1108723133802414
B2A2B_photo_to_monet_to_photo,05e37a8900.jpg,0.15394778549671173
B2A2B_photo_to_monet_to_photo,05e88ecd0a.jpg,0.0859304890036583
B2A2B_photo_to_monet_to_photo,05f0db4d14.jpg,0.13202396035194397
B2A2B_photo_to_monet_to_photo,05f22b97da.jpg,0.16108711063861847
B2A2B_photo_to_monet_to_photo,05f4b38e6e.jpg,0.13170012831687927
B2A2B_photo_to_monet_to_photo,06058e6cb0.jpg,0.10682540386915207
B2A2B_photo_to_monet_to_photo,0606110c45.jpg,0.0706043690443039
B2A2B_photo_to_monet_to_photo,061bb611e0.jpg,0.12685711681842804
B2A2B_photo_to_monet_to_photo,061f0095f0.jpg,0.20729361474514008
B2A2B_photo_to_monet_to_photo,062313a97c.jpg,0.0858640968799591
B2A2B_photo_to_monet_to_photo,06371834cb.jpg,0.147515207529068
B2A2B_photo_to_monet_to_photo,063ab57d41.jpg,0.07831855118274689
B2A2B_photo_to_monet_to_photo,064b9119de.jpg,0.21464358270168304
B2A2B_photo_to_monet_to_photo,064babb7f0.jpg,0.13541783392429352
B2A2B_photo_to_monet_to_photo,064f91250d.jpg,0.11667323857545853
B2A2B_photo_to_monet_to_photo,065b649ac7.jpg,0.2538333237171173
B2A2B_photo_to_monet_to_photo,0665264678.jpg,0.14063826203346252
B2A2B_photo_to_monet_to_photo,066b81e0f9.jpg,0.15097428858280182
B2A2B_photo_to_monet_to_photo,068381ad63.jpg,0.10349820554256439
B2A2B_photo_to_monet_to_photo,068cc6fe3f.jpg,0.17133258283138275
B2A2B_photo_to_monet_to_photo,0696f8142e.jpg,0.27007681131362915
B2A2B_photo_to_monet_to_photo,069e6e5b82.jpg,0.1265735924243927
B2A2B_photo_to_monet_to_photo,06a5930183.jpg,0.10355217009782791
B2A2B_photo_to_monet_to_photo,06a9cf2d11.jpg,0.17181240022182465
B2A2B_photo_to_monet_to_photo,06b2c2dfca.jpg,0.1101924329996109
B2A2B_photo_to_monet_to_photo,06b8114f82.jpg,0.14892441034317017
B2A2B_photo_to_monet_to_photo,06c2d19658.jpg,0.14762158691883087
B2A2B_photo_to_monet_to_photo,06c549794b.jpg,0.175991028547287
B2A2B_photo_to_monet_to_photo,06c89c4c23.jpg,0.17123399674892426
B2A2B_photo_to_monet_to_photo,06c9326c86.jpg,0.14530189335346222
B2A2B_photo_to_monet_to_photo,06e117b31e.jpg,0.14336355030536652
B2A2B_photo_to_monet_to_photo,06e156d8ba.jpg,0.12382404506206512
B2A2B_photo_to_monet_to_photo,06f749912b.jpg,0.09393582493066788
B2A2B_photo_to_monet_to_photo,07054731ab.jpg,0.09001700580120087
B2A2B_photo_to_monet_to_photo,0709ff32ee.jpg,0.12429562956094742
B2A2B_photo_to_monet_to_photo,0711866dcd.jpg,0.25012674927711487
B2A2B_photo_to_monet_to_photo,071c375c2c.jpg,0.12359049916267395
B2A2B_photo_to_monet_to_photo,0723d52098.jpg,0.09711835533380508
B2A2B_photo_to_monet_to_photo,0724805941.jpg,0.1371033489704132
B2A2B_photo_to_monet_to_photo,072f1336c9.jpg,0.2596971392631531
B2A2B_photo_to_monet_to_photo,07362b3f42.jpg,0.2422543317079544
B2A2B_photo_to_monet_to_photo,073e8b3056.jpg,0.16328299045562744
B2A2B_photo_to_monet_to_photo,074218de82.jpg,0.18031327426433563
B2A2B_photo_to_monet_to_photo,074ea8cb6e.jpg,0.1526096612215042
B2A2B_photo_to_monet_to_photo,07573a95f6.jpg,0.17156465351581573
B2A2B_photo_to_monet_to_photo,075e8d4617.jpg,0.14435726404190063
B2A2B_photo_to_monet_to_photo,0761281e3b.jpg,0.12559308111667633
B2A2B_photo_to_monet_to_photo,076c62582d.jpg,0.10510631650686264
B2A2B_photo_to_monet_to_photo,0770ea1a07.jpg,0.11815045028924942
B2A2B_photo_to_monet_to_photo,077bf7e451.jpg,0.12497290223836899
B2A2B_photo_to_monet_to_photo,078cd3ce07.jpg,0.12254896014928818
B2A2B_photo_to_monet_to_photo,078fd1bc42.jpg,0.19673316180706024
B2A2B_photo_to_monet_to_photo,07939b1fde.jpg,0.1434403955936432
B2A2B_photo_to_monet_to_photo,079da3af1e.jpg,0.10495676845312119
B2A2B_photo_to_monet_to_photo,07b7fdff1b.jpg,0.13619956374168396
B2A2B_photo_to_monet_to_photo,07bf7d7df1.jpg,0.10977032780647278
B2A2B_photo_to_monet_to_photo,07cb260548.jpg,0.160040020942688
B2A2B_photo_to_monet_to_photo,07e9bc5956.jpg,0.10953844338655472
B2A2B_photo_to_monet_to_photo,07ea3a38d2.jpg,0.14886225759983063
B2A2B_photo_to_monet_to_photo,07f37dfe50.jpg,0.11487097293138504
B2A2B_photo_to_monet_to_photo,07f730ef9a.jpg,0.18777456879615784
B2A2B_photo_to_monet_to_photo,08009f0be5.jpg,0.14678484201431274
B2A2B_photo_to_monet_to_photo,0811c84b0c.jpg,0.09727658331394196
B2A2B_photo_to_monet_to_photo,081955febb.jpg,0.13775411248207092
B2A2B_photo_to_monet_to_photo,08247a7020.jpg,0.16107381880283356
B2A2B_photo_to_monet_to_photo,082786cc1f.jpg,0.12005528807640076
B2A2B_photo_to_monet_to_photo,08341635fa.jpg,0.09015218168497086
B2A2B_photo_to_monet_to_photo,0844c2cddf.jpg,0.1588362157344818
B2A2B_photo_to_monet_to_photo,0845e8dc24.jpg,0.3350451588630676
B2A2B_photo_to_monet_to_photo,085c73097f.jpg,0.10095426440238953
B2A2B_photo_to_monet_to_photo,0860f1e141.jpg,0.13509440422058105
B2A2B_photo_to_monet_to_photo,08645ef69b.jpg,0.11100677400827408
B2A2B_photo_to_monet_to_photo,087e779e73.jpg,0.08280374109745026
B2A2B_photo_to_monet_to_photo,08874a6ee1.jpg,0.1233389675617218
B2A2B_photo_to_monet_to_photo,088972cf3f.jpg,0.12544746696949005
B2A2B_photo_to_monet_to_photo,089406822c.jpg,0.15364575386047363
B2A2B_photo_to_monet_to_photo,08a203b59d.jpg,0.16768009960651398
B2A2B_photo_to_monet_to_photo,08acc490a3.jpg,0.11736501753330231
B2A2B_photo_to_monet_to_photo,08b790bca7.jpg,0.3251050114631653
B2A2B_photo_to_monet_to_photo,08c1754f70.jpg,0.08528602123260498
B2A2B_photo_to_monet_to_photo,08cbd0d6c4.jpg,0.1426541805267334
B2A2B_photo_to_monet_to_photo,08cbd51033.jpg,0.13361434638500214
B2A2B_photo_to_monet_to_photo,08d7603c9c.jpg,0.16546040773391724
B2A2B_photo_to_monet_to_photo,08da1e5774.jpg,0.14524534344673157
B2A2B_photo_to_monet_to_photo,08e3354189.jpg,0.0981920063495636
B2A2B_photo_to_monet_to_photo,08fa88c02c.jpg,0.1050678938627243
B2A2B_photo_to_monet_to_photo,08fa8a6f26.jpg,0.28360527753829956
B2A2B_photo_to_monet_to_photo,08fd7ac09b.jpg,0.11688493937253952
B2A2B_photo_to_monet_to_photo,090d5b3cca.jpg,0.12796026468276978
B2A2B_photo_to_monet_to_photo,091b6b9b07.jpg,0.1133965253829956
B2A2B_photo_to_monet_to_photo,0922bbb3c1.jpg,0.09063071012496948
B2A2B_photo_to_monet_to_photo,0932ad9605.jpg,0.07981166243553162
B2A2B_photo_to_monet_to_photo,0938dc0298.jpg,0.23965652287006378
B2A2B_photo_to_monet_to_photo,0939723138.jpg,0.1044168695807457
B2A2B_photo_to_monet_to_photo,093be92a48.jpg,0.10288242995738983
B2A2B_photo_to_monet_to_photo,093e24f728.jpg,0.10725091397762299
B2A2B_photo_to_monet_to_photo,0945008455.jpg,0.09916634112596512
B2A2B_photo_to_monet_to_photo,09591edd0a.jpg,0.14804530143737793
B2A2B_photo_to_monet_to_photo,095bc5a33d.jpg,0.14490927755832672
B2A2B_photo_to_monet_to_photo,096165f6f0.jpg,0.12667593359947205
B2A2B_photo_to_monet_to_photo,0962094f25.jpg,0.08972524106502533
B2A2B_photo_to_monet_to_photo,0963accefe.jpg,0.1131851002573967
B2A2B_photo_to_monet_to_photo,096495c50c.jpg,0.08762603998184204
B2A2B_photo_to_monet_to_photo,096bae8cd9.jpg,0.139382466673851
B2A2B_photo_to_monet_to_photo,096da37ff7.jpg,0.09326258301734924
B2A2B_photo_to_monet_to_photo,096f009762.jpg,0.10307770222425461
B2A2B_photo_to_monet_to_photo,09748274a3.jpg,0.12181544303894043
B2A2B_photo_to_monet_to_photo,09756af6f7.jpg,0.14913725852966309
B2A2B_photo_to_monet_to_photo,097b3ce81a.jpg,0.11328919231891632
B2A2B_photo_to_monet_to_photo,097d38ef3b.jpg,0.11281506717205048
B2A2B_photo_to_monet_to_photo,09816286d3.jpg,0.25198519229888916
B2A2B_photo_to_monet_to_photo,0984136f36.jpg,0.10745373368263245
B2A2B_photo_to_monet_to_photo,098b35d919.jpg,0.14013761281967163
B2A2B_photo_to_monet_to_photo,098c0ce670.jpg,0.1332273632287979
B2A2B_photo_to_monet_to_photo,098fde2b22.jpg,0.18296371400356293
B2A2B_photo_to_monet_to_photo,099159901a.jpg,0.13308337330818176
B2A2B_photo_to_monet_to_photo,099395535c.jpg,0.13694879412651062
B2A2B_photo_to_monet_to_photo,09986b5a14.jpg,0.08496836572885513
B2A2B_photo_to_monet_to_photo,09a43d2264.jpg,0.1574937403202057
B2A2B_photo_to_monet_to_photo,09bebf108f.jpg,0.14414197206497192
B2A2B_photo_to_monet_to_photo,09c874df81.jpg,0.17600244283676147
B2A2B_photo_to_monet_to_photo,09d34f7412.jpg,0.12752170860767365
B2A2B_photo_to_monet_to_photo,09ddb5e4c9.jpg,0.20364584028720856
B2A2B_photo_to_monet_to_photo,09e084658a.jpg,0.08706618845462799
B2A2B_photo_to_monet_to_photo,09e1b696b4.jpg,0.08186172693967819
B2A2B_photo_to_monet_to_photo,09e2982b82.jpg,0.1269901692867279
B2A2B_photo_to_monet_to_photo,09e8393bd1.jpg,0.1462155133485794
B2A2B_photo_to_monet_to_photo,09ec565e3a.jpg,0.18596267700195312
B2A2B_photo_to_monet_to_photo,09f57ab8c5.jpg,0.11300894618034363
B2A2B_photo_to_monet_to_photo,09fc404e31.jpg,0.12770351767539978
B2A2B_photo_to_monet_to_photo,09fcd10b7e.jpg,0.1629614382982254
B2A2B_photo_to_monet_to_photo,0a0c3a6d07.jpg,0.09402094036340714
B2A2B_photo_to_monet_to_photo,0a0d3e6ea7.jpg,0.12012239545583725
B2A2B_photo_to_monet_to_photo,0a1d1b9f8e.jpg,0.12148437649011612
B2A2B_photo_to_monet_to_photo,0a271892d0.jpg,0.07255340367555618
B2A2B_photo_to_monet_to_photo,0a284dbed0.jpg,0.10033096373081207
B2A2B_photo_to_monet_to_photo,0a2e5f728d.jpg,0.20255723595619202
B2A2B_photo_to_monet_to_photo,0a325fc655.jpg,0.1455412656068802
B2A2B_photo_to_monet_to_photo,0a44c8287d.jpg,0.18854500353336334
B2A2B_photo_to_monet_to_photo,0a49020ae5.jpg,0.09926074743270874
B2A2B_photo_to_monet_to_photo,0a497f768d.jpg,0.1271543651819229
B2A2B_photo_to_monet_to_photo,0a6091114d.jpg,0.10224220156669617
B2A2B_photo_to_monet_to_photo,0a6279ef66.jpg,0.15258167684078217
B2A2B_photo_to_monet_to_photo,0a6e92d928.jpg,0.10250814259052277
