epoch,global_step_start,global_step_end,learning_rate,duration_seconds,image_count,images_per_second,batch_count,grad_norm_discriminator_a,grad_norm_discriminator_b,grad_norm_generator,loss_cycle_a,loss_cycle_b,loss_discriminator_a,loss_discriminator_b,loss_gan_a_to_b,loss_gan_b_to_a,loss_generator_total,loss_identity_a,loss_identity_b
1,0,7038,0.0002,760.6311805079895,14076,18.505683648939172,7038,14.729847655898865,15.093185292291452,37.76382192278446,2.1699829537375943,2.3043185217148814,0.23092346247492035,0.22892733727512724,0.4458004616981128,0.4349848174662855,7.413216907451626,1.0208719264134727,1.0372582264128107
2,7038,14076,0.0002,763.3585720480041,14076,18.43956499006187,7038,11.272253343541626,11.83758338844025,30.36624559114761,1.6882402665424021,1.7610686450019484,0.19801145258435568,0.2071062034317807,0.44472158752364865,0.45065378576491166,5.948322982095663,0.811608733618317,0.792029962887917
3,14076,21114,0.0002,807.7297580260056,14076,17.426620549922603,7038,9.668500151049907,9.8262277235132,28.82181167301078,1.4811213173016664,1.5905582027514573,0.1857559148705998,0.1995585178352975,0.44294325355228653,0.4617707214507974,5.40571876170453,0.7208849663345201,0.7084402972072761
4,21114,28152,0.0002,802.7698121810099,14076,17.53429163181602,7038,8.737493124485507,8.153025376855915,27.382322909078923,1.3492387926402367,1.4814774596443838,0.15645930041543427,0.1893542357245378,0.4435801375428393,0.4993337541850377,5.091403467440409,0.6608802840753047,0.6568930378333517
5,28152,35190,0.0002,789.0943336500059,14076,17.838171432419962,7038,7.676596205155934,6.964932097518387,26.26727954347303,1.2465335266195126,1.4175857086180286,0.14150403073980122,0.18177783370688114,0.4491112051074083,0.5288677448798506,4.89339953164683,0.619483969210054,0.6318173763866484
6,35190,42228,0.0002,790.2208643920021,14076,17.812741518575454,7038,7.389511658870217,6.4907428534951706,24.80539754441944,1.1677760527905634,1.3514264772378033,0.17466786586179056,0.17958831665526656,0.44400649566365324,0.4363133743903953,4.590739117626711,0.5801156732965919,0.6111010425682009
7,42228,49266,0.0002,791.0407487710036,14076,17.79427927305781,7038,6.924025989113046,6.225601595085931,23.556611236315785,1.1029753739707135,1.3216362580102288,0.1699056967065526,0.17549470476763818,0.4477368326046252,0.4436840454651597,4.460349168822182,0.545875364438686,0.5984412927395429
8,49266,56304,0.0002,792.3773015840125,14076,17.764264538952823,7038,6.715342978942058,6.186143059507104,22.879067888990452,1.0572900390228652,1.2886602759073322,0.1616436183186892,0.16995680370373623,0.45659479787337676,0.45660173838005913,4.353982081701892,0.5145875097007093,0.5802477218970787
9,56304,63342,0.0002,791.0576412389928,14076,17.793899288999327,7038,6.649321988654983,6.028026016217173,22.147519200159362,1.0063511766927355,1.2431356570164431,0.15496115773676997,0.17809317839557146,0.4419156440853137,0.47117582678399994,4.201521897864769,0.488464104393288,0.550479487579768
10,63342,70380,0.0002,790.591891545002,14076,17.804381945395612,7038,6.385883494427432,5.902953193201578,21.9423393575474,0.9878370936713323,1.21941458444241,0.1409820334675676,0.17659808094521948,0.4392194271869174,0.507061286568991,4.160383038610245,0.471865964237771,0.534984687265431
11,70380,77418,0.0002,790.5076736910123,14076,17.80627876042848,7038,5.910819380855917,5.87566401763433,22.109156024275055,0.953901329452797,1.182599765493403,0.10872630041085224,0.17620437825257426,0.4422136827645404,0.6070687943568247,4.153384910249073,0.4498985793614089,0.5177027566523063
12,77418,84456,0.0002,794.2092977440043,14076,17.723287853697585,7038,5.665814470013511,5.75372098938847,22.450652872749448,0.9275572911671327,1.1602642478786025,0.09352990448565926,0.17793386796029917,0.43623841447402645,0.6507341086554296,4.114046367707324,0.4356852197073745,0.5035670841735732
13,84456,91494,0.0002,793.8691989610088,14076,17.730880626710583,7038,5.451489609521214,5.652726272093994,22.70331305964557,0.9119233538453028,1.122703801847954,0.08269711443267785,0.17843585146914476,0.43484584933809,0.6878778675074061,4.061966955272201,0.42271132486030505,0.48190475828177076
14,91494,98532,0.0002,792.1458984350029,14076,17.769453869305067,7038,5.6043553555854615,5.614134472129716,22.907742639205633,0.8940334215349486,1.1024583724961765,0.08836193576335492,0.1779343552877383,0.4399767428462937,0.6721932921314077,3.9913503685672365,0.4112423306633275,0.4714462094349799
15,98532,105570,0.0002,789.6412641689967,14076,17.825816150595056,7038,6.560692198130141,5.567993831687008,23.160239326232002,0.8798400512995724,1.0949123302629706,0.11974954922821422,0.17888582206237771,0.4404048004380048,0.5755159588529072,3.8536820800577454,0.4033157983945662,0.45969313840427056
16,105570,112608,0.0002,794.6030418619921,14076,17.71450555615258,7038,6.704943564130876,5.5245207725959435,22.685639811925817,0.8646383898718583,1.0808569413545492,0.12565819359918817,0.1767861317701873,0.44361901160755146,0.5529711645675607,3.782199590373493,0.39050559134866475,0.44960849363336713
17,112608,119646,0.0002,794.1673076849984,14076,17.72422493823324,7038,6.753889863733097,5.584462129151815,22.157267806588344,0.8496658276193825,1.074609099150246,0.1287590554150779,0.17506166250169972,0.4448951840391168,0.5343438178207169,3.7246779997127235,0.379315295413615,0.4418487784900798
18,119646,126684,0.0002,792.3848174299928,14076,17.764096043200137,7038,6.615739362093945,5.497570631110427,21.74695583313201,0.839239806055379,1.0552801170253252,0.1273874758490533,0.16426411826289505,0.4713474428821085,0.5406770099837859,3.70942508215659,0.36704132381141713,0.435839386217023
19,126684,133722,0.0002,793.9059712240123,14076,17.730059364962564,7038,6.411823685852203,5.645138462680507,21.881863993295923,0.8262620773478712,1.052243223953193,0.11768731328786589,0.14797743923224257,0.505168720238222,0.5672431647026994,3.738997352736414,0.3579832676053894,0.4300968974911293
20,133722,140760,0.0002,790.9955918490014,14076,17.79529512559795,7038,6.525452269004671,5.634907147437067,21.579644188945334,0.8178274968480752,1.0232221155503352,0.12000159061090128,0.139837965468735,0.5329857121652316,0.5541971227221358,3.694660868621679,0.3501405402145693,0.4162878812473076
21,140760,147798,0.0002,796.2688000979979,14076,17.677447613503944,7038,6.477920982717718,5.53470824823263,21.561506477918574,0.8038500244389138,1.0256583144140365,0.12095553003453749,0.13218974924621704,0.5577209663073739,0.5564048727931951,3.7009308082063486,0.34012725596131166,0.41716937531917464
22,147798,154836,0.0002,794.8050002719974,14076,17.71000433462664,7038,6.396987291232736,5.468871942494807,21.71572921862189,0.7865080801803438,1.0122068761068503,0.12092276488391894,0.12861392124306964,0.5655516954856091,0.5569709664870728,3.6634807794667945,0.33244157353223946,0.40980158691088325
23,154836,161874,0.0002,792.6581138269976,14076,17.757971254517646,7038,6.450394848373204,5.52795462011608,21.603505941980977,0.7770018413446952,1.008389853781582,0.1215918615331244,0.12826271270806433,0.569494723470717,0.5582328710327114,3.641946694836694,0.3240642581440976,0.4047631453368077
24,161874,168912,0.0002,794.3893940260023,14076,17.719269801252228,7038,6.368652088858273,5.5293681645766535,21.34896796019436,0.7655236785318337,0.9896943025771581,0.1217715168905342,0.12717720494468246,0.5669407638146601,0.5581124506093631,3.5933237271947123,0.31436738492320226,0.3986851445669967
25,168912,175950,0.0002,799.6879397850134,14076,17.601866052630687,7038,6.338140913694216,5.5386047619754635,21.469248112745277,0.7547933659149727,0.9874693447722397,0.11984155398750379,0.12242759720870389,0.5832199727410822,0.5653587438078276,3.594959245703037,0.30735647448442577,0.3967613444943325
26,175950,182988,0.0002,793.8527149240253,14076,17.7312488014192,7038,6.3297087423946925,6.029572417038502,21.171712980260455,0.740046615465421,0.9725286021265465,0.11818740773775609,0.15417482679602343,0.4935649576906298,0.5653382693940064,3.4600816894980038,0.3017361645363684,0.38686707909937507
27,182988,190026,0.0002,791.6509831139992,14076,17.78056277354869,7038,6.254353219238332,6.079842803390264,20.93274558002773,0.7369082103689546,0.9699344813916859,0.11800843791792164,0.160343736377853,0.4774178392959123,0.5682764869502477,3.4327489574987395,0.2949942614196139,0.38521767757424374
28,190026,197064,0.0002,793.7200671120081,14076,17.73421207708186,7038,6.201043816291198,6.089234438905185,21.01907978468166,0.7297174034216215,0.9735222844601219,0.11496993540631384,0.15984478885872683,0.47260809037781476,0.5791482028428864,3.4277594680981256,0.29023322418150016,0.38253026245610217
29,197064,204102,0.0002,791.8041434570041,14076,17.77712344184562,7038,6.252008647302841,6.077885232440231,20.785397135583807,0.7215374189493297,0.9495561229899784,0.11718864601082161,0.15736811664447709,0.47417411090010575,0.5791088450122037,3.381057263657125,0.2841369203120072,0.37254384720687944
30,204102,211140,0.0002,792.5059500680072,14076,17.76138084362912,7038,6.1548102169550365,6.099511008417326,20.724530876312595,0.7119803089509805,0.9475418835344827,0.11360472699473251,0.1568395828128996,0.48137302303691504,0.5851296491060288,3.3737248619803992,0.278550508178815,0.369149489002739
31,211140,218178,0.0002,791.4043376230111,14076,17.786104183200933,7038,6.1236935694986645,6.121759730453134,20.84964191388162,0.7064024450410391,0.9425759008109281,0.11263263872902683,0.15408535235362675,0.48500954277779557,0.5864455360267126,3.3570850954607288,0.2741547972270883,0.36249687235445655
32,218178,225216,0.0002,795.5273171289882,14076,17.69392413927339,7038,6.147320164804803,6.216722021170546,21.114470724571774,0.7045807452762828,0.9378375802342612,0.11254881022105792,0.15432965203603075,0.4833668338539278,0.5884163205909645,3.348822068392333,0.27158190593500303,0.363038682998387
33,225216,232254,0.0002,791.5873272700119,14076,17.781992605344794,7038,6.11188078992394,6.2798224950068375,21.210475003989117,0.6960430638327386,0.926340525433671,0.11102971153661427,0.1553804343955342,0.48492409885231363,0.5989173286432746,3.329631851372579,0.2665998304951391,0.35680700289776257
34,232254,239292,0.0002,792.8063039040135,14076,17.754651963141058,7038,6.09827588956611,6.313052215746081,21.398956791782428,0.691320249940496,0.9185259581442142,0.10941257097968224,0.15378846583105082,0.4862712802819042,0.6046072306322121,3.3141165526965426,0.26268532938258016,0.3507065030270576
35,239292,246330,0.0002,792.225322260987,14076,17.767672408939823,7038,6.0361497778502935,6.378248715518666,21.614411725405777,0.6876784383691689,0.9180210974362805,0.10855823419813483,0.15433638562210397,0.4821917248572747,0.5989115508183261,3.294372301306295,0.257594399490828,0.34997508781780806
36,246330,253368,0.0002,794.2502943169966,14076,17.722373036203205,7038,6.0326309176436475,6.463539296601947,21.98921764713945,0.6839378683082283,0.9067750821383916,0.10833315768483714,0.1541962537522295,0.4836136988144761,0.6056649287054742,3.280629904881971,0.25754741687273636,0.34309091580950696
37,253368,260406,0.0002,793.6138973449997,14076,17.73658456220416,7038,5.998194422976482,6.503256096867218,22.131736578232076,0.6794836898822614,0.8926570502473198,0.10710014454685904,0.15254103037697808,0.48863393175710784,0.6095473699871917,3.2607902787428884,0.2546481372861064,0.3358200971332505
38,260406,267444,0.0002,792.6366518920113,14076,17.75845208066118,7038,5.998384423516328,6.566066825066667,22.278425376062643,0.6716458568834859,0.8884905221220715,0.10717678467157417,0.1521230547210669,0.4848536515492511,0.6108061896065956,3.242462984199177,0.24914669822218677,0.33752006463098844
39,267444,274482,0.0002,795.9315559430106,14076,17.68493772473051,7038,5.962686302037575,6.543461317027893,22.34220417342439,0.6689451439123527,0.8880141296739705,0.10609278391541728,0.15151691195957573,0.4854893976900304,0.6149414067425768,3.2383968595518042,0.24818207727415414,0.33282470771194383
40,274482,281520,0.0002,792.0995538579882,14076,17.770493533851454,7038,5.935896532742376,6.535817245667975,22.262445367323373,0.6666423583587959,0.8838544392126736,0.10521962771308112,0.15278628224554083,0.4876320471676952,0.6217964460451868,3.234479292884202,0.24331754834755606,0.3312364529620334
41,281520,288558,0.0002,793.431806758017,14076,17.740655063369466,7038,5.893961538350972,6.586519393199896,22.996138686905155,0.6625181786307356,0.8834826636463446,0.10303319317404351,0.15143081253253157,0.49641064350535863,0.6238796249281855,3.2432639309207496,0.24246291415016907,0.3345099049174386
42,288558,295596,0.0002,791.4714868220035,14076,17.784595193086968,7038,5.863766134682275,6.718260355818235,23.120678690199323,0.6574682212749914,0.8767481492337398,0.10212874521601137,0.15180561367425519,0.4885088725287587,0.6284463360628288,3.2191767772004902,0.2401864351358018,0.32781876120361697
43,295596,302634,0.0002,793.3688202140038,14076,17.742063516188008,7038,5.8425713785919795,6.794384652577656,23.467137740024796,0.6553739586796873,0.8621867119664663,0.10259598448452294,0.15247933660337712,0.4918525272326104,0.6302438771781443,3.1943987213471083,0.2351167149742275,0.3196249302740241
44,302634,309672,0.0002,794.4768740390136,14076,17.717318728787546,7038,5.8418848819779665,6.7809827110911485,22.805282405803737,0.6517115992624403,0.860776228507868,0.10251132570499298,0.15489460798851143,0.4808996311706761,0.6300526817397244,3.177620593950673,0.23414544173434026,0.32003501063553097
45,309672,316710,0.0002,793.9988862310129,14076,17.727984565339312,7038,5.798172871525608,6.7994014145285515,23.384118453930938,0.6503941036737517,0.8688892658358441,0.10053525175703422,0.15160790288889145,0.4888090328150647,0.6382259244163306,3.1994133282873096,0.23265212267196866,0.3204428778548968
46,316710,323748,0.0002,792.364172956004,14076,17.764558873841924,7038,5.769897870941611,6.900804085146316,23.130170209361715,0.6486862588035481,0.8535088565953247,0.10009153940166794,0.15355803770322535,0.4874932521884839,0.6382580758703639,3.1728490314621856,0.22825649907665857,0.3166460890738962
47,323748,330786,0.0002,796.0695438440016,14076,17.681872279689102,7038,5.753374334060685,6.8733839490421325,23.167951430949323,0.6451335226898337,0.8527498677411043,0.09902303782377724,0.15359913669320147,0.48616584330272117,0.6426797971792644,3.1661985288393977,0.22811872479178988,0.3113507750997509
48,330786,337824,0.0002,795.3722492870002,14076,17.69737379273444,7038,5.725199073592105,6.86240428419758,23.25410787610755,0.6424378928609042,0.8485288471237574,0.09914820531367807,0.15312956558245638,0.4806640683169153,0.6443577805509128,3.1562724305371326,0.22775117182031243,0.3125326679238764
49,337824,344862,0.0002,794.8823291140143,14076,17.70828144549305,7038,5.776904321254202,6.997241799356946,23.525587695113455,0.6415241547151194,0.8419229040458549,0.09905975454961434,0.15217956801059698,0.4895344179967362,0.6479141256017978,3.148970700489184,0.22366497272153948,0.30441012550341234
50,344862,351900,0.0002,796.597852817009,14076,17.67014554486061,7038,5.694744134756719,6.954282031788095,23.407706416072642,0.6382995484337003,0.8425861757167126,0.09771124615870432,0.1508206572671058,0.49189582492221434,0.6491559410833497,3.149616751338176,0.21987527549588637,0.30780398232624695
51,351900,358938,0.0002,811.4239803399832,14076,17.34728125005896,7038,5.680993185756677,6.928730217455293,23.225757659349053,0.6354221199538838,0.8349380401868514,0.09707682706446354,0.1533017276991905,0.48950959504779157,0.656695947796318,3.1415422110267577,0.22041666637719712,0.30455984172135225
52,358938,365976,0.0002,801.4658824579965,14076,17.562818715165584,7038,5.612298211043226,6.862987571664293,22.764361739604738,0.6318293981387487,0.8309486647345322,0.09657280704995835,0.15429247271282262,0.47999403231998766,0.653726090610654,3.1145982183357233,0.2170496082045064,0.30105042564713097
53,365976,373014,0.0002,800.3982377339853,14076,17.586245616745348,7038,5.607489341832305,6.8182815055829185,22.866292730835934,0.6313738445559494,0.8302134157378892,0.09559098167625991,0.15413564431943416,0.48515091810701505,0.6567772071481462,3.1179479394117586,0.2159824253735589,0.29845013136097603
54,373014,380052,0.0002,813.6499556890049,14076,17.29982273283643,7038,5.639674205830387,6.88150605108873,23.043356585128766,0.6269958323292788,0.8233494265584588,0.09624823228315547,0.15430443504844818,0.4773485914479309,0.65929830898765,3.101688840352666,0.21613267312023782,0.29856400748407275
55,380052,387090,0.0002,813.6767201710027,14076,17.29925368522499,7038,5.550483983481416,6.964467332091844,23.45224502944243,0.6274929393731792,0.8242935736127183,0.09375917760464203,0.15366657039414722,0.4886085231452079,0.6610919715136366,3.109045999773052,0.213627411800501,0.29393157945920984
56,387090,394128,0.0002,811.0444384010043,14076,17.35539920321901,7038,5.5439913723610506,6.827653518465342,23.126268066666146,0.6220858962520953,0.817075259231918,0.09365001132563032,0.15384125980461488,0.48391621854949163,0.6630869608136377,3.0925271930122755,0.2119582694073603,0.2944045905346693
57,394128,401166,0.0002,811.1326641010237,14076,17.35351148212037,7038,5.619021999506586,6.923269654903395,23.56193267738365,0.6220152110547361,0.8120273016594323,0.09381733126340222,0.15368657032624375,0.48168687200219784,0.6656267133063173,3.083811236074886,0.21349986214915878,0.28895527303206137
58,401166,408204,0.0002,810.8154734079726,14076,17.360300168960237,7038,5.547071359540938,6.87226416661567,23.40915506813986,0.6206957155218785,0.8113905284580232,0.09238657551153576,0.15378886579135478,0.479701663853093,0.672469886947708,3.0844658455682024,0.20868306416244323,0.29152498696381546
59,408204,415242,0.0002,811.8114523650147,14076,17.339001511980406,7038,5.518449804033433,6.862000201482658,23.26463013890363,0.6214451575887309,0.8073968765037105,0.09210483064495491,0.15329455294807498,0.4850641612607153,0.6744815561471549,3.085145068087338,0.2086025488746288,0.28815476717250055
60,415242,422280,0.0002,809.9927278429968,14076,17.377933796374023,7038,5.510444679726718,6.784036349991772,23.42189930500986,0.6151865196985153,0.8104477392620205,0.09073161309371663,0.15435366714746396,0.481983512254661,0.6757886409801867,3.0781538802542854,0.20593171428151177,0.2888157547237979
61,422280,429318,0.0002,810.8550048839825,14076,17.359453805201586,7038,5.490328487787481,6.833229751847751,23.756927583893546,0.6156202095641978,0.8004149600575512,0.09031865653126975,0.15354042056747866,0.48390449402347296,0.67993664481201,3.0698895597363034,0.20538790887642497,0.2846253397703831
62,429318,436356,0.0002,811.306684746989,14076,17.349789253110476,7038,5.477513419953943,6.994102499561522,23.57874313825111,0.6127413197119624,0.7948738140315791,0.08959148946459294,0.15390919876565698,0.48770146388121205,0.6817882333700335,3.0598703067422623,0.20240044073180807,0.2803650355296282
63,436356,443394,0.0002,809.241449313995,14076,17.394067014155564,7038,5.423871387945479,6.95264406336851,23.630272147824243,0.6135279229289261,0.799929583657445,0.08891350214913991,0.15345926456334416,0.48337558802941344,0.6837522157000255,3.070392262939026,0.20468798579775702,0.2851189642119862
64,443394,450432,0.0002,810.681729806005,14076,17.363164214109485,7038,5.436093042246616,6.968079238924316,23.46998328694,0.6100993473553867,0.7936366601220144,0.088657399559032,0.15302098482930845,0.4846104167737374,0.6816341482789916,3.0564508512806707,0.20452528331734707,0.2819449945492445
65,450432,457470,0.0002,811.4664776010031,14076,17.3463727566589,7038,5.346506712492483,6.933773291687831,23.32833469048876,0.6082653795014595,0.7881202735440844,0.08658353318800369,0.15411426760806773,0.478753268619209,0.693453609240465,3.0499053255811814,0.2011391203379421,0.28017367570787777
66,457470,464508,0.0002,811.2046826830192,14076,17.351970841001965,7038,5.426805810586116,6.954572240339656,23.208471880589133,0.6071937664238083,0.7812358950664117,0.0870774603793125,0.15460144835739956,0.47919091314255224,0.691426622447629,3.034918843548079,0.19821516711304019,0.2776564791201529
67,464508,471546,0.0002,809.0527477250143,14076,17.398123966058435,7038,5.382887274691455,6.978188498071248,23.199632324680483,0.6064904534400068,0.7830650962806622,0.08610797366754605,0.155079338264221,0.4823804704729668,0.6952422548579827,3.043341078941847,0.19820280878270813,0.2779599956069253
68,471546,478584,0.0002,810.4982028160011,14076,17.367095881390284,7038,5.374722926246431,6.910091689170385,23.042397580450483,0.6048226565351267,0.7762753479150961,0.08579776604887723,0.15578841187063056,0.4761162156392123,0.6957352031133466,3.0196639917119725,0.19459409748065637,0.27212046823588987
69,478584,485622,0.0002,810.826898045023,14076,17.360055560488323,7038,5.350957267711241,6.884833312110931,23.4199791077604,0.6024018432791513,0.7847613479987604,0.08376380132892891,0.15699947132345507,0.4780194393435081,0.7049418374272521,3.042887997003942,0.19745613137139925,0.2753073971524822
70,485622,492660,0.0002,819.7612515029905,14076,17.170853067514926,7038,5.374053137011779,6.881745442873509,23.501047141223452,0.6037792736163157,0.7760122735185628,0.08429747920310796,0.15389234866046048,0.4806310678722401,0.6983955275075752,3.0272881730302688,0.19435373418039475,0.2741163007334895
71,492660,499698,0.0002,821.038534590014,14076,17.144140508616758,7038,5.332809758003086,6.922794700841915,23.71847100763248,0.6028222777595165,0.77190711951393,0.0832251006037073,0.15490817821087885,0.480945988144047,0.7015053381040823,3.025637736405863,0.1973691078447574,0.2710879079015138
72,499698,506736,0.0002,826.3413817960245,14076,17.034122107507553,7038,5.363523758200185,6.8285609843488855,23.963387089371505,0.5998899268812671,0.766318905953573,0.08282544089782412,0.1564090737102235,0.47393892061957227,0.7058525106505208,3.0061034293600226,0.19281853920705755,0.26728462441299033
73,506736,513774,0.0002,827.0011666869977,14076,17.020532215678802,7038,5.3040992338828294,6.826796165886718,24.148610005127043,0.5961801546071869,0.7595716385373543,0.08214880280756677,0.15601435823974225,0.47656387653975674,0.7102863893154231,3.000172422873293,0.19003060856121073,0.2675397531390105
74,513774,520812,0.0002,828.8772858360026,14076,16.98200715658772,7038,5.318921225165287,6.774362071721741,24.127627316074395,0.5981699250433112,0.7660116989945749,0.08199657028782864,0.15511895763193148,0.48069328058836014,0.709930812314356,3.012848559615625,0.1908917521619092,0.267151089792192
75,520812,527850,0.0002,828.5941551919968,14076,16.98780990886714,7038,5.323388983991801,6.7505235678342865,24.330591070084367,0.5945453314863847,0.7667688939526665,0.08035819642203425,0.15497048360113774,0.47755380455668117,0.7133005231769205,3.0061301723838225,0.18835508063410147,0.26560653859929934
76,527850,534888,0.0002,801.6012053230079,14076,17.55985383570878,7038,5.329939200372708,6.768354086105435,24.662995615411944,0.5969288509215236,0.7607613468278569,0.08035949387744548,0.15562763594145987,0.4842293799282365,0.7139379069019606,3.0102889132316766,0.1902084622387098,0.26422296596665074
77,534888,541926,0.0002,791.8014036679815,14076,17.777184954198887,7038,5.295102503527197,6.7761074193081745,24.283053968186078,0.5955609741850175,0.7561824183660192,0.07848495178524871,0.15530326984940257,0.4770489514856455,0.7170873996527756,3.000127186183057,0.19174107496657639,0.26250636917423814
78,541926,548964,0.0002,792.9772515450022,14076,17.75082446889231,7038,5.316844145223127,6.761688947112465,24.079233773049406,0.5902076892747429,0.7514089878080039,0.07931201186260824,0.15712339353238733,0.47794500549735924,0.7195510304162163,2.9879454334509172,0.1874192893509331,0.26141342800613426
79,548964,556002,0.0002,795.3741629769793,14076,17.697331212413804,7038,5.300345817422501,6.70055644177491,24.410284553026127,0.5916625733452109,0.7546991263115295,0.07750183413994562,0.15585949257334827,0.47916223603568314,0.7220104326469955,2.9939295985408045,0.1849557846534757,0.26143944730204627
80,556002,563040,0.0002,812.263258995983,14076,17.329357008464186,7038,5.274122027285098,6.727435612980439,23.934742732958277,0.5904612749450822,0.7458591228051936,0.07782668328247742,0.1564227907465039,0.47837564880179223,0.7275583880357221,2.9834155455066522,0.18486965768109095,0.25629145244803914
81,563040,570078,0.0002,809.3696045220131,14076,17.3913128456471,7038,5.277213003648559,6.710411471846968,23.80659619821736,0.5908244710334087,0.7434326557230292,0.07714722452737639,0.157769568872398,0.47313924936318846,0.7236300232960745,2.972442963577936,0.18503446335729362,0.2563821016793632
82,570078,577116,0.0002,807.9907709000108,14076,17.420991064441143,7038,5.229933179974131,6.682884788043404,23.861751277191566,0.5889709639122419,0.7474710917559223,0.07689796398020911,0.15752987108005698,0.4773615223148366,0.7303121857954871,2.9880211227283655,0.18461996379050893,0.25928539470786666
83,577116,584154,0.0002,811.3873468379898,14076,17.348064466194547,7038,5.238050708440937,6.659499222755747,23.51844347904025,0.5900529927702985,0.7360845978738876,0.0762105197493547,0.15662258932153655,0.47834578792173676,0.7287543168538638,2.978995627725487,0.18979410095758042,0.2559638315217337
84,584154,591192,0.0002,823.8687710770173,14076,17.085245240693972,7038,5.236199880350926,6.605284410832114,23.563718517756858,0.5881230554337799,0.7394132122194167,0.0763783081484687,0.15738909477492385,0.4766276629726871,0.7326613849070761,2.9763856641471844,0.18379905675179276,0.25576129226259087
85,591192,598230,0.0002,825.0650091650023,14076,17.060473833747302,7038,5.234232421580858,6.5803729918672165,23.634207882663087,0.5849791971305515,0.7388484368725878,0.07544071021939448,0.1566474681125192,0.4764672262426312,0.7362300392232876,2.971740362419937,0.18043344108052775,0.2547820219222237
86,598230,605268,0.0002,815.1654318959918,14076,17.267660586711408,7038,5.202381357193748,6.61072905012607,23.61048869806103,0.5861436357236308,0.7301854171148923,0.0752966723005989,0.15720338100166772,0.47558743761692,0.733990213054339,2.9607397841777137,0.18322925756252195,0.25160382441492474
87,605268,612306,0.0002,812.5926227050077,14076,17.322332995274994,7038,5.137998134046579,6.595400187153656,23.90495983611801,0.5805571342131128,0.7305664527196882,0.07453125028924724,0.1584582492573127,0.4760707273367929,0.7373741047489148,2.9578135297290977,0.17895028550039133,0.25429482265045
88,612306,619344,0.0002,811.9193641739839,14076,17.336696993697633,7038,5.150788789146406,6.560064044440983,23.711897215799386,0.5816381360174208,0.7287884743020899,0.07385034084666238,0.15748936571546046,0.47689250395025895,0.7404335474383174,2.9591073266448333,0.18106246036912746,0.2502922037699474
89,619344,626382,0.0002,809.9229957800126,14076,17.379429986975275,7038,5.099302988725149,6.5476081485809114,23.503584437547218,0.5823612016104066,0.7230546900933187,0.07290005758505301,0.15673381538755193,0.4753388182894475,0.7382733944160893,2.9474093062222497,0.18032565872992395,0.24805554479326705
90,626382,633420,0.0002,823.4205966430018,14076,17.094544461708093,7038,5.142080059649025,6.569066372662844,23.7744368936449,0.5797079213135078,0.7245319900686479,0.07359536053836727,0.1578097059882375,0.47853380571717347,0.7440026294176434,2.954596346906384,0.17722877005337992,0.2505912293107562
91,633420,640458,0.0002,811.1258900629764,14076,17.35365640826374,7038,5.142451381230766,6.5269884742708,23.41838279522439,0.5792148755071989,0.7220190398079592,0.07362161525563528,0.15792009208862687,0.4777120023081357,0.7428187012225685,2.9484694473240043,0.17788055641817485,0.2488242710915927
92,640458,647496,0.0002,812.7975497269945,14076,17.31796559269636,7038,5.067195553511492,6.451771341696354,24.207856670526617,0.5777377686604888,0.7235226063637376,0.07171206817355903,0.1574693231267257,0.47936701775682256,0.7497175927420813,2.9570724264435144,0.17776865080003204,0.24895878909057803
93,647496,654534,0.0002,812.1024331410008,14076,17.332788852211287,7038,5.102957845500942,6.482628727750767,24.20093973514928,0.5784430718152622,0.7124016800004503,0.07212492603407424,0.1594535609779752,0.47391647047094065,0.7442155026558932,2.9274077474071616,0.17558188908464803,0.24284913493878768
94,654534,661572,0.0002,810.6311117700243,14076,17.364248417834418,7038,5.08481878069769,6.48227350278744,24.35773088255472,0.5749954820551565,0.7130739272877248,0.07161326125384851,0.15775801379918528,0.4789463821258666,0.7511906270070081,2.9359505581191807,0.17481593483528077,0.2429282048330215
95,661572,668610,0.0002,806.9941339180223,14076,17.442505971709945,7038,5.0608602285248,6.557534478269121,24.71627788220451,0.5753380722300374,0.714794973030572,0.07150666261185516,0.15815316445428934,0.4727340978613951,0.7528040634521658,2.9327579005667688,0.17234295029452526,0.24474374463918805
96,668610,675648,0.0002,812.0992157759902,14076,17.332857521047934,7038,5.026486429948354,6.433652094529921,25.413000593453173,0.57677236946766,0.7061382688880475,0.07001514946970412,0.15597866057400026,0.4853112278434703,0.758617100454327,2.94260224080892,0.17540394768127326,0.24035932666945775
97,675648,682686,0.0002,813.2535370459955,14076,17.30825549327294,7038,5.058029426154593,6.506539353752619,25.499771419541002,0.575670569643916,0.7128437558386468,0.07074806277073008,0.1579389411709413,0.47721426345568874,0.7553184068052224,2.94021489309228,0.1765749131279867,0.24259298503966317
98,682686,689724,0.0002,809.3752186269849,14076,17.39119221351794,7038,5.039157972641528,6.488543640416646,25.559759475301973,0.5743471882744045,0.7123961724186357,0.06980087937859691,0.15736307452042975,0.47724065204865806,0.7541024301430826,2.9282140693870518,0.16953805460361432,0.24058957104170212
99,689724,696762,0.0002,809.2624127650051,14076,17.393616431420014,7038,5.0705279899603495,6.497082875417971,26.1480283674503,0.5707351549185281,0.712022984036755,0.06951652212070027,0.1589697158484423,0.4760894111819982,0.7576158609835134,2.9276479244164424,0.16984404276386347,0.24134047129875594
100,696762,703800,0.0002,808.4741637520201,14076,17.410574921374323,7038,4.99845182709993,6.48437802822789,26.667366295716075,0.5714573842044851,0.7098248197646024,0.06868011832108092,0.15805406615050188,0.4775882173693758,0.7591453607173747,2.9326501230890014,0.1752062694400625,0.23942807310216635
101,703800,710838,0.00019800000000000002,814.3970115949924,14076,17.283953403061027,7038,5.00457536107056,6.418296475053059,27.206923486047515,0.5710020068568172,0.705038181135315,0.06896542289719604,0.1564351493526069,0.4765796168530257,0.7595266560029051,2.9209262340981432,0.17078869672755215,0.2379910771008004
102,710838,717876,0.000196,808.917950240022,14076,17.401023176483314,7038,4.970097262363882,6.4622736755131545,27.487910378909593,0.5688886705803986,0.7025187466040562,0.0683686337050005,0.1572184498234207,0.48054213667276247,0.7657534340049825,2.9215322865549562,0.16798001123922018,0.2358492861360811
103,717876,724914,0.000194,809.8287707830023,14076,17.381452114118254,7038,4.921989207249491,6.385750848963413,27.56909852273227,0.5652782561114038,0.6942141251207143,0.06724167097906145,0.15765861562223224,0.4746703157240049,0.7661884647888549,2.899514509250102,0.165708288004128,0.23345505803798064
104,724914,731952,0.000192,809.8277549039922,14076,17.381473918078736,7038,4.890676854168995,6.411193861815526,28.19833327905193,0.5662637718887822,0.6912918555364754,0.06655997625184511,0.15912431187194098,0.4731695479939661,0.7660668869588856,2.8977640211734625,0.16980695349417582,0.23116500381169655
105,731952,738990,0.00019,815.1147442599759,14076,17.268734370372947,7038,4.865973111853097,6.466853258162841,28.617119059460443,0.5648267293525169,0.6860964400193575,0.06602012277899708,0.15774671887567637,0.47959640937237774,0.7671517793482959,2.896613971487166,0.16774747496442755,0.2311951383772595
106,738990,746028,0.000188,814.5018027900078,14076,17.281729704935998,7038,4.860078142708798,6.405003062305857,29.086123004051547,0.562610209381997,0.6825472895594847,0.06536450761953397,0.15657359575781296,0.47766048716432535,0.7719952423918414,2.8979642814145437,0.17091865564449568,0.2322323985660354
107,746028,753066,0.000186,812.3050625399919,14076,17.328465190141543,7038,4.807254073178243,6.440347703954013,29.69741607444512,0.5614833523516426,0.6824575265375651,0.0641117247050979,0.15798037224529937,0.4730581024698183,0.7755110118052234,2.8811530329585584,0.16058292037919356,0.22806011814741578
108,753066,760104,0.00018400000000000003,813.4562131369894,14076,17.303943067467287,7038,4.797070565472522,6.42213204358908,29.47469544944304,0.5600047738384747,0.6742776020340839,0.06432255492478177,0.15845538164682435,0.4728021453592305,0.7723610814587742,2.8650474759894835,0.1603422356008823,0.22525963823978756
109,760104,767142,0.000182,814.698392499995,14076,17.277559560178076,7038,4.724133227319615,6.399257919937843,29.872939666665722,0.5587495957782032,0.6775350026314182,0.06342490701892517,0.15882591540155322,0.47559000551435937,0.7762616051794471,2.8738496257148367,0.15998568424690884,0.22572773364172738
110,767142,774180,0.00018,809.359969674988,14076,17.391519876690285,7038,4.727003071350909,6.320753927139471,30.322033117576858,0.5582273710253361,0.6705953533056955,0.0627417886017288,0.15761052408398815,0.4772290336399525,0.7827622099787751,2.870737189815003,0.15849072067053793,0.22343250272706106
111,774180,781218,0.00017800000000000002,811.2054912430176,14076,17.351953545619146,7038,4.704990068536546,6.419923169249534,30.74567868328713,0.5574510128711835,0.6705782334784718,0.06218336679811004,0.15724003213741208,0.480957143582482,0.7874906306435825,2.8902209028665165,0.16957351533602366,0.22417036723530778
112,781218,788256,0.00017600000000000002,812.4279067649913,14076,17.32584501688188,7038,4.6808654606035205,6.337435413066903,30.747633494678006,0.5556880747071041,0.6604047233313449,0.06200707159829507,0.15696018136207796,0.47422762391768536,0.7860683501274892,2.8586649127933375,0.16156242446855884,0.22071371459341008
113,788256,795294,0.000174,796.345341970009,14076,17.675748520332416,7038,4.659250145926181,6.375813295935762,31.57273018738549,0.5537960938717635,0.6625048625451,0.06120718301557858,0.1578571205759174,0.476782593957108,0.7902145414282633,2.862859740637351,0.15785809421795916,0.22170355474683803
114,795294,802332,0.000172,798.5576697780052,14076,17.62677954606967,7038,4.5638194559660255,6.4347669319578245,31.757027706290216,0.5555646290839074,0.6590189170489328,0.06003397389990734,0.15614179160623778,0.4829736922833985,0.7964621200060837,2.877163289215931,0.16494213393565166,0.21820179933619097
115,802332,809370,0.00017,796.0038402729842,14076,17.68333177283759,7038,4.584907584855885,6.362668426354349,32.1415294264471,0.552116257099646,0.6553366731690324,0.0597287157648906,0.1572522672139898,0.47645122506270676,0.7916586915114178,2.848626400469785,0.155832706491957,0.21723084475365542
116,809370,816408,0.000168,795.952612285997,14076,17.68446988266469,7038,4.5226358690501955,6.411194612582303,32.24279947301547,0.5519908446883166,0.6522496601216797,0.059319699492753314,0.15473379337253448,0.4810796931643239,0.7968965343099895,2.8520416162101405,0.15543384807150992,0.21439103713260688
117,816408,823446,0.000166,796.2675342190196,14076,17.67747571650747,7038,4.576379010239905,6.4743450725749145,32.116672482795884,0.5514621270731045,0.6514218162430827,0.05954105877662864,0.15755778048018115,0.478674953246585,0.7960710824213437,2.848610070728043,0.15416363326916813,0.2168164575706959
118,823446,830484,0.00016400000000000003,797.4771006469964,14076,17.650663559593227,7038,4.493805379160294,6.394016789962705,32.63536911543326,0.54942297479855,0.6505516613938145,0.05803831125937485,0.15693485405207164,0.4798951581534412,0.8017849831837387,2.8513480932341952,0.15433361801353493,0.21535969653668882
119,830484,837522,0.000162,800.0492011989991,14076,17.593917947677355,7038,4.499365005287179,6.426041263627267,32.767639090325716,0.5484785107166871,0.6434006880451143,0.05838055343614083,0.15735743718942174,0.47558066490047796,0.7988211563548842,2.8328442909765665,0.1537410685431046,0.212822204155614
120,837522,844560,0.00016,797.7288603109773,14076,17.64509308903877,7038,4.449911212755074,6.489585760368695,33.13706505461914,0.5478239117037271,0.6436487244112344,0.05748174138421166,0.156434766722472,0.47881082391340424,0.8044689913349383,2.8433929516124805,0.15638738166425473,0.21225312058201193
121,844560,851598,0.00015800000000000002,797.2365865400061,14076,17.655988495321836,7038,4.4205563454655925,6.43990301033918,33.69086268590901,0.5473535594173913,0.6372794229500197,0.05660953833508531,0.15885981176504782,0.472068902578297,0.8072253553549839,2.822495999594377,0.14894672191449612,0.20962203800801052
122,851598,858636,0.00015600000000000002,796.5979431559972,14076,17.670143540960044,7038,4.402248135737432,6.431956593610532,33.7962557800995,0.5449681603314017,0.6340023952177147,0.05658675995902811,0.15810717246382708,0.47596163253010626,0.8096894330537499,2.8220684307988106,0.1493944018744684,0.20805240644691986
123,858636,865674,0.000154,802.6288325040077,14076,17.537371484757514,7038,4.384836099291647,6.412337754147928,34.202637856689705,0.5454108188625898,0.62675746521402,0.05626923253462798,0.15676887725877148,0.4783887828129383,0.8116114409230215,2.8188596741317786,0.15079335387426704,0.2058978135025054
124,865674,872712,0.000152,796.3624967639917,14076,17.675367759277513,7038,4.296281634078208,6.461230485857015,34.82276626655775,0.5446901940112088,0.6320038930123657,0.05510052753457311,0.15638151454322968,0.4833934702472478,0.8133751938617613,2.825748142108012,0.14679680701051967,0.20548858358486366
125,872712,879750,0.00015000000000000001,795.5240125160199,14076,17.693997639972615,7038,4.3170973841025875,6.441368512545383,34.309808087372794,0.5433119694747583,0.6275091105037265,0.05512041718950196,0.1577220696568993,0.4759692887977532,0.8128434610543823,2.8111350272791937,0.14767114573766238,0.20383005433311752
