audit_id,style_quality_1_to_5,content_preservation_1_to_5,artifact_free_1_to_5,optional_comment
AUDIT_001,,,,
AUDIT_002,,,,
AUDIT_003,,,,
AUDIT_004,,,,
AUDIT_005,,,,
AUDIT_006,,,,
AUDIT_007,,,,
AUDIT_008,,,,
AUDIT_009,,,,
AUDIT_010,,,,
AUDIT_011,,,,
AUDIT_012,,,,
AUDIT_013,,,,
AUDIT_014,,,,
AUDIT_015,,,,
AUDIT_016,,,,
AUDIT_017,,,,
AUDIT_018,,,,
AUDIT_019,,,,
AUDIT_020,,,,
AUDIT_021,,,,
AUDIT_022,,,,
AUDIT_023,,,,
AUDIT_024,,,,
AUDIT_025,,,,
AUDIT_026,,,,
AUDIT_027,,,,
AUDIT_028,,,,
AUDIT_029,,,,
AUDIT_030,,,,
