metric,value,checkpoint_epoch,evidence
training_cross_entropy_loss,0.8575841665267945,10,outputs/metrics/evaluation_metrics.json
final_epoch_training_cross_entropy_loss,0.9326997169876099,10,outputs/metrics/evaluation_metrics.json
validation_cross_entropy_loss,0.8637021662712098,10,outputs/metrics/evaluation_metrics.json
perplexity,2.3719257223049572,10,outputs/metrics/evaluation_metrics.json
bits_per_character,1.2460588320845294,10,outputs/metrics/evaluation_metrics.json
generalization_gap,0.006117999744415292,10,outputs/metrics/evaluation_metrics.json
top1_next_character_accuracy,0.727812109375,10,outputs/metrics/evaluation_metrics.json
distinct_1,0.0045925925925925926,10,outputs/metrics/evaluation_metrics.json
distinct_2,0.04215839085578565,10,outputs/metrics/evaluation_metrics.json
distinct_3,0.16659229510635132,10,outputs/metrics/evaluation_metrics.json
repeated_4gram_rate,0.17467769580445636,10,outputs/metrics/evaluation_metrics.json
gradient_norm_mean,0.6247545246332789,10,outputs/metrics/evaluation_metrics.json
gradient_norm_max,3.3099968433380127,10,outputs/metrics/evaluation_metrics.json
loss_spike_count,0,10,outputs/metrics/evaluation_metrics.json
nonfinite_loss_count,0,10,outputs/metrics/evaluation_metrics.json
nonfinite_gradient_count,0,10,outputs/metrics/evaluation_metrics.json
parameter_count,3273824,10,outputs/metrics/evaluation_metrics.json
training_tokens_per_second,590870.7275939166,10,outputs/metrics/evaluation_metrics.json
total_training_seconds,451.62236405800104,10,outputs/metrics/evaluation_metrics.json
peak_gpu_allocated_mb,1758.94873046875,10,outputs/metrics/evaluation_metrics.json
peak_gpu_reserved_mb,2034.0,10,outputs/metrics/evaluation_metrics.json
peak_cpu_rss_mb,1674.8984375,10,outputs/metrics/evaluation_metrics.json
generation_tokens_per_second,696.0130767304037,10,outputs/metrics/evaluation_metrics.json
